"gene","baseMean","log2FoldChange","lfcSE","stat","pvalue","padj"
"FBgn0037213",132.232081794287,0.45035418216931,0.144976666908581,3.1063907853068,0.00189386252407008,0.00840495494035991
"FBgn0053294",25.6530070850953,0.483179634219471,0.323085791664725,1.49551495820924,0.134780099046121,0.269448932187692
"FBgn0037215",1397.16090760581,-0.0845936519254163,0.0519038367315657,-1.62981500506243,0.103140601492952,0.220646781462396
"FBgn0037217",11.57121295486,-0.215421962136298,0.485152627667997,-0.444029259764656,0.65702142952062,0.794480086402606
"FBgn0037218",621.497915865188,-0.00184325041658023,0.0741199515975503,-0.0248684784171007,0.980159870033771,0.988871192305978
"FBgn0261436",188.076024166069,-0.00247910366808876,0.122813737309262,-0.0201858824786517,0.983895089742428,0.990850821593948
"FBgn0037220",392.230854615902,-0.125994697167249,0.0864427136631342,-1.45755138667035,0.14496423753948,0.283032836797721
"FBgn0015331",242.381433399991,-0.149319668172175,0.11883048624485,-1.25657710315602,0.208906810145042,0.369811884918063
"FBgn0010225",3806.18688939387,-0.44848771966276,0.0364473582817007,-12.3050816521848,8.50503749791897e-35,6.43636431483138e-33
"FBgn0037222",95.6916599237093,-0.636498676849118,0.178887858038772,-3.55808764120348,0.000373564680219269,0.00200439246808936
"FBgn0085334",21.0478462638478,-1.22514273793493,0.374637055389168,-3.27021238372235,0.00107466765183453,0.00509958229299664
"FBgn0037223",7.39465983274006,-2.50445807750462,0.738274420852854,-3.39231321953626,0.00069305165423152,0.00348444309203598
"FBgn0037225",22.7894526462984,0.19979718228843,0.371081659472138,0.538418370157772,0.590288246784873,0.74361784513475
"FBgn0250821",17.6612855188909,-0.0650518906616877,0.412142933220314,-0.1578381804424,0.874584312095352,0.933978395909559
"FBgn0037228",4125.24743577174,0.333286216946914,0.0372789594528562,8.94033046626195,3.88008289532155e-19,1.33596219120906e-17
"FBgn0037229",14.6088320396819,-0.164307862983586,0.431499997653008,-0.38078299855685,0.703364275767479,0.825219291808584
"FBgn0041605",16.102908575643,0.769545865794078,0.424052465829181,1.81474210812411,0.06956355075024,0.162710623374274
"FBgn0027930",349.018136278411,0.0779244577528001,0.0913741650184109,0.852806236172983,0.393766765077067,0.577805604581881
"FBgn0037231",154.427444377119,-0.339604290518552,0.132937839827501,-2.55460966538361,0.0106306936190416,0.036568176677243
"FBgn0037232",73.6456723574897,0.314067323110412,0.208346624674624,1.50742697944299,0.131701247642221,0.264531259087846
"FBgn0037234",207.164257686995,0.0744673322513288,0.116065717011106,0.641596279840353,0.521135349075884,0.690284708564886
"FBgn0027866",616.528783114423,-0.133271340916316,0.0718865190719903,-1.8539128425853,0.0637516302622021,0.151605759035973
"FBgn0040687",14.6831160458977,0.2911531942443,0.432124792876656,0.673771093544743,0.500456855171847,0.673424532843762
"FBgn0037236",298.105799817445,0.121440005832468,0.101737690165323,1.19365798098157,0.23261178344347,0.400076848181063
"FBgn0037235",189.511228932094,0.1787334518548,0.127656606636345,1.40011125600383,0.161480004903133,0.306947209738687
"FBgn0037239",208.625298299094,-1.09346665079265,0.121508560807762,-8.99909145103462,2.2759327431817e-19,7.94935162462263e-18
"FBgn0037240",600.965508152938,0.422047560800173,0.0725231011253065,5.8194913655299,5.90269729672872e-09,7.75462854624488e-08
"FBgn0003882",272.476333420266,-0.0682775272360739,0.101072097417498,-0.675532901568675,0.499337255163558,0.672665521743602
"FBgn0037241",190.803335436201,0.184051688655801,0.122797740484566,1.49881983112656,0.133920378484216,0.268320890702656
"FBgn0037242",163.939989401626,0.274975265919269,0.131922624206858,2.08436776915611,0.0371267272614434,0.0995665092485737
"FBgn0086605",182.895967471052,-0.17679546228648,0.12399388537637,-1.42584016743919,0.153914483492761,0.295738884574162
"FBgn0037244",82.5951784386791,-0.0101324523931094,0.182524665966951,-0.055512784200597,0.955729945336778,0.977368725442601
"FBgn0037245",3459.6137996884,0.166191152349182,0.0395337660625357,4.20377740097657,2.6249709654574e-05,0.000191662452905005
"FBgn0037248",591.241229506223,-0.23498051132047,0.0717770984863972,-3.27375327612334,0.00106129232186363,0.00504930498908924
"FBgn0051525",11.3096255882142,0.738384552528126,0.498764244768841,1.48042799834286,0.138759062660245,0.274246229060314
"FBgn0037249",2326.1624470006,-0.0358713386612217,0.0429604495865073,-0.834985178378764,0.40372605360583,0.585793844506962
"FBgn0037250",73.5026825023674,-0.176825104133183,0.195285300180879,-0.905470631785406,0.365216111576474,0.550133744682373
"FBgn0037251",52.2309057304695,0.387035201072067,0.242941118070304,1.59312348665517,0.111132491420853,0.233819157304516
"FBgn0037252",469.758529270024,-0.17034838509063,0.0793801247813567,-2.14598283335828,0.0318743483209049,0.0885371449520556
"FBgn0051522",228.711217580126,0.0793205772669061,0.110819171221273,0.715765840808594,0.474135948096846,0.649224919456079
"FBgn0051523",1515.21113355874,-0.615148578367641,0.0533939290975894,-11.5209460844007,1.03468625619127e-30,6.71160326002638e-29
"FBgn0037255",317.401464298649,-0.192036103168611,0.0955013344602067,-2.01082114981994,0.044344351322874,0.114526026434653
"FBgn0085386",33.833574678835,0.463663725489489,0.284029839157989,1.63244723464277,0.102585305508509,0.21984726976971
"FBgn0037261",405.060758228664,0.0229204997140246,0.0848602498527437,0.270097009539779,0.787085622685945,0.881618416406628
"FBgn0037262",170.625352084179,-0.156776450179671,0.128396829846024,-1.22103053765176,0.222074457721285,0.387178050238814
"FBgn0040466",59.0090372850597,0.343434047815918,0.222203197383692,1.54558553549024,0.122204696722204,0.25143503871051
"FBgn0087013",2469.08065776076,-0.134177589827965,0.0424856775403502,-3.15818406568971,0.00158755284678166,0.00721710915580323
"FBgn0037265",48.1568631344422,-0.218733843585519,0.235642844807202,-0.928243095030034,0.353281484619395,0.5376183464097
"FBgn0051531",359.984108579572,-0.179777482890556,0.0891556862675319,-2.01644438416516,0.0437535283138164,0.113569022266925
"FBgn0051534",222.509318596606,-0.104336209281623,0.112433490874593,-0.927981586892094,0.353417121021487,0.53771212234997
"FBgn0037270",1342.4312917828,-0.272675200692905,0.0511073668412137,-5.33534043223327,9.53654626519895e-08,1.04499258848673e-06
"FBgn0026620",1056.49642959493,0.085167243186467,0.0571290240236833,1.49078764501841,0.136017256525474,0.270878664653938
"FBgn0010750",254.066446417988,-0.347978244996308,0.104826365684095,-3.31956796103163,0.000901568570909199,0.00437534780738499
"FBgn0260794",1795.23331362336,-0.031821056792869,0.046212040007286,-0.688588012731141,0.491082566737757,0.665122081907122
"FBgn0026417",70.9099976120732,1.12182367242407,0.211740794544051,5.29809890833619,1.17014580350274e-07,1.2612921754373e-06
"FBgn0037279",322.559784391368,0.182050457549398,0.0960856255377303,1.89466901558456,0.0581362651050403,0.141210286187936
"FBgn0037282",222.885979318409,-0.00743514238224849,0.113031292526421,-0.0657795042068597,0.947553374162177,0.972957142878038
"FBgn0004913",492.364003860775,0.0416086587736806,0.0791709881432458,0.525554369719336,0.599197867759526,0.75028826426628
"FBgn0051536",917.012686037008,-0.237313502619821,0.0637071416310707,-3.72506906673208,0.000195261753309277,0.00112674871945346
"FBgn0085335",50.4638807438499,-0.507917395028547,0.242099898713571,-2.09796616077674,0.0359081347420806,0.0967628334203322
"FBgn0004436",650.344052680091,-0.214396997916696,0.0734738795238423,-2.91800295977463,0.00352281006066674,0.0142421898112097
"FBgn0037290",22.2969422503738,4.98309603962984,0.772446774910177,6.45105423633789,1.11074736613985e-10,1.77353398132e-09
"FBgn0010313",11.7230428648096,1.17905125167575,0.50189373049814,2.34920498111326,0.0188135464683916,0.0578663908098497
"FBgn0037293",201.513758962914,0.0554179472033938,0.118420631410153,0.467975440963932,0.639802152493129,0.781203804682787
"FBgn0259212",876.830353401944,-0.0879355822334039,0.0630376071228465,-1.39497018124493,0.163024831735668,0.30927626829328
"FBgn0037297",89.1103506130588,0.235192296145342,0.173562803581075,1.35508467996992,0.175390579132892,0.32522015247587
"FBgn0037298",326.897030569856,0.0292079282913215,0.0944872041083021,0.309120463103587,0.757229893676595,0.860246313926577
"FBgn0037299",148.399578191741,-0.107502570066569,0.136278021623776,-0.788847451596804,0.43020117168268,0.611626519036138
"FBgn0040208",251.943833992906,-0.320525247299392,0.108251692718803,-2.96092596105627,0.00306715662432252,0.0126679322772616
"FBgn0037301",263.751931136562,0.225822430986133,0.103854023683228,2.1744215869279,0.0296734883583798,0.08378464552026
"FBgn0260462",1471.94252493637,0.0119203032801674,0.0492453060779995,0.242059685064945,0.808733916014617,0.895238747500563
"FBgn0037305",165.449680517641,0.625381112346887,0.132558750178102,4.71776560586642,2.38448988273792e-06,2.11776515869083e-05
"FBgn0086689",399.045993704705,-0.213793096705566,0.0848157023201368,-2.520678257177,0.0117128895156811,0.0395418877004755
"FBgn0037309",11.4841485535962,0.218307156241768,0.478842321031959,0.455906144158878,0.648457471091012,0.788357300781376
"FBgn0013576",737.761330033566,-0.436896411391368,0.0656762299288005,-6.65227604972159,2.88594754580059e-11,4.87590905121891e-10
"FBgn0037312",381.345650202354,-0.37258558892961,0.0950106743506118,-3.92151294026902,8.7994721930761e-05,0.000560773381427175
"FBgn0037313",303.897246788062,-0.210471928462445,0.0971092182232094,-2.16737331752241,0.0302064001145219,0.084992059191325
"FBgn0250746",381.576172339431,0.283324564058893,0.0880656452996369,3.21719738832211,0.0012944950494029,0.00600543201399236
"FBgn0037315",554.427957686794,-0.0369963889208591,0.0771765519320235,-0.479373436551626,0.631672987380425,0.77553868209326
"FBgn0003275",172.544680101114,0.0886821122903268,0.132961209853105,0.666977326607531,0.504786616251809,0.67661896071391
"FBgn0086695",86.9416215922829,-0.29512125819033,0.188823238760003,-1.56294987909531,0.118064384230387,0.24547520724541
"FBgn0037317",52.5819025079337,-0.496059817295083,0.22764866936805,-2.17905871653957,0.0293273065869195,0.0830654512101249
"FBgn0037321",266.386595167065,-0.145149156817972,0.102494456113891,-1.41616593054246,0.156726928323136,0.300111000070528
"FBgn0037327",1050.71025755318,-0.171057836647923,0.0579530441305561,-2.95166266439025,0.00316068020116252,0.0129950999781809
"FBgn0037328",4895.57339739203,-0.651428389994779,0.0459098380414645,-14.1892983679539,1.06721141959161e-45,1.23068110529096e-43
"FBgn0037329",128.770657877153,-0.316535568173067,0.150754892971099,-2.09967027891923,0.0357578558066431,0.0963936261355332
"FBgn0037330",104.4295552782,0.271323839091414,0.172454649265849,1.57330544723762,0.115648108640105,0.241432042893782
"FBgn0011715",295.441916948343,-0.179186721272098,0.100128784902474,-1.78956252636668,0.0735242672953949,0.169465038674189
"FBgn0025825",221.358783658143,0.140598471983828,0.112682479846897,1.247740306877,0.212126175298924,0.373780418032181
"FBgn0037332",131.542568363103,0.151617467974863,0.150068400012521,1.01032241272788,0.312340846547025,0.492440999573276
"FBgn0015402",189.039380128957,-0.154469239017845,0.122540746314189,-1.26055409048833,0.207469548119632,0.367845353765513
"FBgn0051550",335.210371575867,-0.220008920263444,0.0933717637971512,-2.35626822624247,0.0184595831855848,0.0569222715803367
"FBgn0010051",712.374218867505,-0.169325208523231,0.0663017090807614,-2.5538588804246,0.0106536425576604,0.0366124471056778
"FBgn0037336",405.361488765301,0.0418501339771119,0.0853635143188664,0.490257861465088,0.623951441211554,0.770919595306452
"FBgn0014342",55.8857482979857,0.391125066751455,0.227511804471219,1.71914186017954,0.0855885442106542,0.190970753590419
"FBgn0086768",204.211859356208,-0.1363747617964,0.119820200182424,-1.1381616921752,0.255052971438581,0.426359833755474
"FBgn0037338",81.9256309204871,0.170146981961746,0.186691716175505,0.911379387619933,0.362095510348416,0.547476354356138
"FBgn0037339",337.441353341893,0.0970587773419709,0.0976314110036877,0.994134739467248,0.320157274599255,0.501388790679799
"FBgn0037340",47.7348574923419,-0.115625386642378,0.244395096180904,-0.473108456140177,0.63613580413075,0.778559066207867
"FBgn0037341",64.9792783614586,-0.510463398178076,0.207627843761903,-2.45854982130166,0.0139499419353391,0.0456926637332004
"FBgn0037342",99.7091115202832,-0.0990579506049968,0.165008099196264,-0.600321748371727,0.548291827253364,0.710422708221097
"FBgn0041191",267.080771748197,-0.435437840007478,0.106466263494013,-4.08991379726561,4.31533541894891e-05,0.000296042604519961
"FBgn0023023",93.7036896473038,0.326993129332213,0.177990315731757,1.83714000386973,0.0661892298876103,0.156277138489922
"FBgn0037344",1135.24434696655,-0.374523583592319,0.0563915027133132,-6.64148968500355,3.10528487808277e-11,5.22219783316465e-10
"FBgn0037345",50.8766853333441,0.467008291572076,0.234399726319452,1.99235851894986,0.0463317352189942,0.118437739748766
"FBgn0014366",174.350982360524,0.0322356221589574,0.128544878111457,0.250773291262581,0.801989392342425,0.890896739065304
"FBgn0015324",1359.80186678651,0.0332972991795825,0.0556363694181634,0.598480805412009,0.549519162717133,0.711125172272884
"FBgn0250753",2412.05490533295,0.225115208094929,0.0451640658633282,4.98438756103479,6.21583788073329e-07,5.99708661401426e-06
"FBgn0037347",87.9098857958135,0.00868301048565714,0.175530760815241,0.0494671728495306,0.960546997429958,0.978444363714638
"FBgn0261004",454.368499606141,0.113252275268484,0.082408371401619,1.3742811967069,0.16935440149927,0.317523567431814
"FBgn0017550",537.3965939818,-0.335090360937008,0.0743757853404428,-4.50536904455109,6.62576903404736e-06,5.43298104202642e-05
"FBgn0019637",290.084070136977,-0.0988715430548818,0.101550740651453,-0.973617153559063,0.330246665991317,0.51167456353741
"FBgn0044823",55.1249142654006,0.334734998034086,0.220702369087692,1.5166805839818,0.129347348711463,0.261320491765511
"FBgn0037350",37.6784494416132,-0.684790768826739,0.271036803973637,-2.52656007887898,0.0115185685333789,0.0389945947786568
"FBgn0037351",7973.68614081332,-0.541499243522589,0.0377972571618328,-14.3264163641321,1.49645749388011e-46,1.78225634312115e-44
"FBgn0051549",115.570809440096,0.221403472394438,0.152733944824727,1.44960226522346,0.147169463975449,0.286284990548697
"FBgn0037354",100.281439969929,-0.106980922205494,0.163434219479328,-0.654580922809898,0.512737610062773,0.683995361201992
"FBgn0051546",11.2069590664954,0.979871533621049,0.501726526712007,1.95299925647244,0.0508196832948226,0.127355984524624
"FBgn0051548",103.612157426156,-0.253973715178865,0.163071682841986,-1.55743603520031,0.119366996171109,0.247771779195173
"FBgn0037356",55.4202685177351,0.267402447819221,0.226404522902299,1.18108262322398,0.237569902251348,0.406097497220725
"FBgn0027951",614.993039137732,-0.244197534786214,0.0714454928627119,-3.41795577301788,0.00063093358462126,0.00320962252034151
"FBgn0037357",891.600492097716,-0.0740873845681762,0.0629388220372795,-1.17713332042175,0.2391422975961,0.40764166870851
"FBgn0037358",206.240840811088,0.252810435561114,0.116884061278125,2.16291625048477,0.0305476216552365,0.0857197648996883
"FBgn0037359",46.521274237992,0.350583924695208,0.244809730824279,1.43206695058561,0.15212466172424,0.293464064637972
"FBgn0037360",470.440071227676,0.0033044851943299,0.0840556525538605,0.0393130633565956,0.968640791615912,0.983670023915237
"FBgn0046222",208.535114342568,-0.23866048892828,0.117499259174923,-2.03116590354823,0.042238167913009,0.110620147760638
"FBgn0010772",309.322293116478,-0.185086161774944,0.0959314752547988,-1.92935802648032,0.0536864306788154,0.132935214342738
"FBgn0037363",480.656734178372,-0.262014323463967,0.0795006189458225,-3.29575199461683,0.000981586265078486,0.00472266504357298
"FBgn0037364",117.031804382429,0.0763283393953811,0.154499104837991,0.494037421611081,0.621279751334022,0.768742140383446
"FBgn0261261",284.448894377805,-0.186602900786677,0.100410569248483,-1.85839899308704,0.063112375178995,0.150479621160288
"FBgn0037368",17.4443216003933,-0.124296220658407,0.428074532344442,-0.290361166728775,0.771539949005121,0.870329409893575
"FBgn0037369",86.3910688822782,0.402699001606128,0.179317858044316,2.24572725772023,0.0247214831328255,0.0725412208981509
"FBgn0037370",147.036263048419,0.222035820948821,0.136191296690958,1.63032312889024,0.103033221781586,0.220481990056914
"FBgn0037371",253.535207997279,0.105361044729576,0.107865090104252,0.976785395791582,0.328675407638221,0.510001460164818
"FBgn0027497",339.601695647812,-0.177301226610177,0.0944582832342909,-1.87703206684802,0.0605136989980944,0.14571827087211
"FBgn0037372",60.8115724158376,0.246179246447067,0.214400759390229,1.14822003031714,0.250877742364845,0.421514060656938
"FBgn0086685",413.769097706997,-0.0328009084642743,0.0843567787653575,-0.388835478835811,0.697397853731801,0.821832182864806
"FBgn0037374",292.471514719653,0.182692960901938,0.0980217736920188,1.86379978672854,0.0623498257247103,0.149150966048739
"FBgn0037375",9.38903774438841,-1.28993694804993,0.564724495131356,-2.2841880583733,0.0223604810787571,0.0669203055762918
"FBgn0037376",329.155113344353,0.0886727074654375,0.0932143567408642,0.951277362906097,0.34146359521481,0.525022861213883
"FBgn0028690",545.936331783291,0.20180325387111,0.0763562961391024,2.64291570014703,0.0082195497108494,0.0294251369969987
"FBgn0037377",102.549144639486,-0.0675309004023476,0.164490209518889,-0.410546625236032,0.68140500826921,0.811352131782313
"FBgn0037378",102.606212498276,0.327881793979636,0.169711295176588,1.93199747629331,0.0533598173732002,0.132306850927065
"FBgn0037379",261.59442618399,0.0138537508976948,0.103339628634707,0.13406038981102,0.893354821191197,0.942787347440948
"FBgn0261561",20.5495495920925,0.701306827895501,0.368812035481475,1.90152912710661,0.0572327410931525,0.139698402077112
"FBgn0037382",182.037800646826,0.0406544469528905,0.123442143024315,0.329340093722146,0.741898642455548,0.85027506506382
"FBgn0037383",49.3398549184374,-0.146666942998423,0.233406705747189,-0.628375018313671,0.529758298346258,0.69659620587974
"FBgn0037384",61.4397680484842,0.430112378955811,0.210356282339135,2.04468520822395,0.0408859028458569,0.107817090444701
"FBgn0029088",365.235617216389,0.25284219528734,0.091038239949809,2.77731857982685,0.00548094280981613,0.0208041011041349
"FBgn0028436",57.8967294071991,-0.0923268554023369,0.213862364506148,-0.431711561852121,0.665951063194891,0.800485518549121
"FBgn0037391",306.523767503666,-0.133406061441387,0.0970738487391538,-1.37427394889701,0.169356650730684,0.317523567431814
"FBgn0003261",4382.25836869953,-0.282360653332705,0.0367096145899141,-7.69173570703417,1.45152221316545e-14,3.55060905004948e-13
"FBgn0037405",12.5887480764507,0.617944893828427,0.472242867948156,1.30853197744062,0.190692935769563,0.346000044546922
"FBgn0037429",31.5021440753577,-0.325079154151897,0.28921132106966,-1.124019464209,0.261004768732697,0.433516151084372
"FBgn0037434",306.206876564277,0.207360860428466,0.0964278711333899,2.15042454003388,0.0315216489523187,0.0879097042758523
"FBgn0037435",39.170190130869,0.20689109390179,0.264993026205098,0.78074165522251,0.43495445573132,0.615077899467748
"FBgn0014001",591.332188295595,-0.155758728969794,0.0727498474277639,-2.14101794679986,0.0322725908168899,0.0892502368803598
"FBgn0051367",215.988170298301,-0.328071375216642,0.11720661431882,-2.79908584616425,0.00512475107683713,0.0197408889571696
"FBgn0053097",277.106253667614,-0.415131756017038,0.100972080105117,-4.11135192604595,3.93349106864653e-05,0.000271642705453584
"FBgn0037439",330.221327685114,-0.0991033884778569,0.0927539151832457,-1.0684550434563,0.285315299188253,0.461035509030841
"FBgn0037440",67.4228035913811,0.526324703374214,0.200487875420262,2.62521961625327,0.00865930946255658,0.0307477435217368
"FBgn0260645",10.7660151534046,0.103355172321132,0.524073840579964,0.19721490430958,0.843659367705567,0.915486976307833
"FBgn0027514",66.6259832875952,0.478049230712453,0.213547657590301,2.23860676397401,0.0251815137523128,0.0734713644219087
"FBgn0010282",402.860256137799,-0.0110181483785959,0.0847443619199959,-0.130016299951585,0.896553530658126,0.944342653294864
"FBgn0037442",697.449734691438,-0.141145606240273,0.0666596189350698,-2.11740793744645,0.0342252411318096,0.0932657077354075
"FBgn0037443",410.082809997849,-0.201466651314747,0.0850401987739415,-2.36907549863914,0.0178326128401981,0.055317648285243
"FBgn0014963",905.665322045477,-0.206262049662855,0.0608727245522469,-3.38841494577462,0.000702978274801131,0.00352702842985512
"FBgn0053324",90.2701051080073,-0.410834986886475,0.173270602969353,-2.37105994811561,0.017737153947573,0.0550685570209906
"FBgn0037445",377.93217025125,-0.56447454882277,0.0875877920989177,-6.44467151524127,1.15851054991371e-10,1.83367737366516e-09
"FBgn0037446",252.454494571459,-0.382915555021984,0.106864836114112,-3.58317636507767,0.000339441255396672,0.00183621796013166
"FBgn0010355",550.055651482854,-0.086413121205476,0.0758795173254714,-1.13882012236349,0.254778187151556,0.426194687924489
"FBgn0026566",195.92122508789,0.0844337999339501,0.118177237919728,0.714467535544383,0.474938123847431,0.649675290858893
"FBgn0026567",389.313959383119,-0.105890840654003,0.087019846068571,-1.21685851490201,0.223658051979886,0.388912337873114
"FBgn0024912",39.553520569202,0.530378394429174,0.26881983432703,1.97298832415747,0.0484968926022856,0.122720280304983
"FBgn0000071",95.0793160745997,2.29789083832316,0.202942695409059,11.322855615431,1.01123267981115e-29,6.1736179990151e-28
"FBgn0037465",108.792587777927,0.220425211200914,0.159828681839433,1.37913426216177,0.167853361804774,0.315430593251858
"FBgn0037466",160.360608300172,0.022789185524655,0.133606679682544,0.170569207907892,0.864562511586419,0.928494944027202
"FBgn0037467",184.182156389475,-0.0184902444514987,0.122588277474508,-0.150832076544544,0.88010818230419,0.936161924515364
"FBgn0037468",1166.17889297915,0.984618007920883,0.0563105696104393,17.4854918842509,1.84811434699272e-68,3.27476847095174e-66
"FBgn0010774",472.290813547562,-0.193362628843813,0.0804160428289697,-2.40452802751137,0.0161933644309503,0.0513957154175858
"FBgn0037469",50.0543375664658,0.357692160154845,0.2362161070202,1.51425812857147,0.129960383825528,0.26226727458124
"FBgn0037470",274.165985397241,0.352992857157497,0.101237632337369,3.4867751152177,0.000488882261493067,0.00254786917485447
"FBgn0003884",8967.71200703742,0.664314257915866,0.0318668737616125,20.8465462563232,1.6382947072684e-96,4.57777348011729e-94
"FBgn0040670",13.3704859956589,-0.0431141602865129,0.463786777468578,-0.092961167461127,0.925934411462045,0.962123538971653
"FBgn0261238",229.018635174141,0.65787881393059,0.118342613838594,5.55910328994307,2.71164193906007e-08,3.23482408657987e-07
"FBgn0037472",60.6619880372648,0.204766232380212,0.213678818839116,0.958289799113809,0.337916646216596,0.521113231747733
"FBgn0037473",72.5602773116673,-0.268726624855794,0.198005973568611,-1.35716423102093,0.174729033253541,0.324656375086184
"FBgn0037478",69.5891772718821,-0.358935070832106,0.200299817273116,-1.79198900787156,0.0731347268062948,0.168781381908428
"FBgn0250732",309.875072141471,-0.420366767753582,0.097294011479827,-4.32058213408891,1.55618118793554e-05,0.000118632280486377
"FBgn0011020",113.243181293401,-0.210928058787957,0.155621164154252,-1.3553944280926,0.175291923928614,0.325120201006225
"FBgn0037481",48.0276910191271,0.252742878646589,0.236972245914549,1.06655054760179,0.286174841600147,0.461705579441499
"FBgn0037482",183.797638319283,-0.321071469222003,0.124254409994093,-2.58398449791251,0.00976661840498138,0.0340379655502949
"FBgn0086372",162.830179552871,0.359148408199384,0.135573842593396,2.64909809539381,0.00807069019579509,0.0289978062672855
"FBgn0037489",212.150241540056,0.0557084946619049,0.124008828969712,0.449230067929365,0.653265699246965,0.792021262500548
"FBgn0037490",20.3788246604461,-0.128289461907428,0.36206278360211,-0.354329325513921,0.723092092931672,0.837624820265924
"FBgn0037491",42.9062377564275,-0.163480991955043,0.25503121300297,-0.64102346544201,0.521507437384569,0.69037017722283
"FBgn0037492",11.7964783839251,0.184236229734259,0.486126013657005,0.378988625497112,0.704696310447804,0.825708707632253
"FBgn0037504",89.7651477048219,0.044240566294643,0.174800139843549,0.253092282044165,0.800196902805906,0.889992421752129
"FBgn0015569",133.333872200145,0.419611798160675,0.148939826106282,2.8173243458821,0.00484255950808938,0.0188235392328889
"FBgn0015577",117.795882485819,-0.315618232671354,0.151695768740884,-2.08060010698434,0.0374705241075496,0.100306259463003
"FBgn0015576",44.3705209895039,-0.621363390449117,0.248634909063925,-2.49909955439669,0.0124509327661461,0.0416081078868682
"FBgn0015575",217.259837716231,0.20232899854613,0.114856163553611,1.76158590262934,0.0781392874970225,0.177926429668144
"FBgn0003885",557.805104903976,0.146044767165444,0.0763048591828306,1.91396417907689,0.0556247329037287,0.136894879588614
"FBgn0015571",37.7069480737565,0.338500921078246,0.272744906555575,1.24108979835073,0.214572577775616,0.376993900251475
"FBgn0015568",62.4346497815213,0.790914886032556,0.215668122655793,3.66727764999771,0.000245146562130638,0.00137634449295138
"FBgn0037513",13.2656935840719,-0.957237944043857,0.471710174494542,-2.02929255250765,0.0424285014233779,0.110998582225726
"FBgn0037515",198.24720976634,-0.349552896703389,0.125597957542405,-2.78310972203009,0.00538405947590044,0.0205221364598199
"FBgn0042104",22.0818867658258,0.330622016310679,0.360213524956063,0.91785009002926,0.358697354222629,0.543129695378783
"FBgn0037518",63.1746718840263,0.088017874741835,0.204889483437223,0.429587079167014,0.667496037695854,0.801017296640301
"FBgn0051472",16.8082268100718,0.438090084072499,0.402972820083254,1.08714549031369,0.276972516448381,0.452154478602615
"FBgn0037526",51.1924046110391,0.351499071913921,0.235452376130025,1.49286695548068,0.135472016489621,0.270311507771793
"FBgn0037529",183.234908101382,-0.00250244306192198,0.125082413568882,-0.0200063541350192,0.984038303714161,0.99085253163446
"FBgn0260005",11.785521260617,0.105820382182998,0.481788166449155,0.219640891064032,0.82615084248463,0.906644391336984
"FBgn0037530",774.236419591291,-0.155283708019973,0.0654131755151033,-2.37389037907385,0.0176017753536891,0.0547418227502361
"FBgn0024909",92.08998026058,-0.107837024905062,0.173741337712698,-0.620675691373941,0.534813026614274,0.700558668957552
"FBgn0004901",230.731581836986,-0.261248883711079,0.111289930869469,-2.34746200011117,0.0189018011084664,0.0580886569598174
"FBgn0014930",79.6452885611166,0.131448002107459,0.184234179546755,0.713483255011866,0.475546771264095,0.649896029577436
"FBgn0014931",79.7135401526379,0.0735301255957753,0.185578783806158,0.396220538187057,0.691942341266702,0.816621933844851
"FBgn0037531",87.7018184485997,0.292439656764327,0.188896245206603,1.54814965456023,0.1215862694443,0.250659548102395
"FBgn0002542",363.010276909749,0.0755928036283849,0.094123962297872,0.803119649693009,0.421905581362837,0.603618833486873
"FBgn0037533",1196.51667962238,-0.0140181639221145,0.0555965244274487,-0.252141011807449,0.800932070927316,0.890537418929745
"FBgn0037535",37.0416636239829,0.248959921781559,0.274730011903007,0.906198489408044,0.364830802436299,0.549688767716556
"FBgn0260723",22.4464194727161,0.702004302905217,0.348889666700335,2.01210975820667,0.0442083682563885,0.114316036842283
"FBgn0037536",294.403671681732,0.152404816613875,0.102031101964441,1.49370940506935,0.135251589238386,0.270168489364001
"FBgn0037537",217.282921071585,0.138172353275597,0.121691754518808,1.13542905040655,0.256195593530987,0.427537589204101
"FBgn0037538",118.280934975725,-0.143917307963237,0.153205072738626,-0.939376910898807,0.347537263209563,0.531661026998837
"FBgn0037539",159.354942683333,-0.546739972102466,0.131691281776574,-4.15167932703441,3.30044502091548e-05,0.000234386442589941
"FBgn0037540",38.7031122756478,-0.208539679474059,0.265526075307635,-0.785383052238645,0.432229014384273,0.613309333887059
"FBgn0037541",600.210027348834,0.105330486943919,0.0730111080039753,1.44266386065781,0.149115184342044,0.289503424437453
"FBgn0037543",54.688185894747,-0.0307014520517766,0.220811979297061,-0.13903888796936,0.88941941932455,0.940697088848148
"FBgn0037544",18.8902689306634,-0.202855102898334,0.376041498245235,-0.539448714689575,0.589577275205265,0.743237706813509
"FBgn0010812",267.585026114231,0.396480510830855,0.108634065326812,3.64968860953599,0.000262558397417827,0.00145943898794224
"FBgn0037548",30.4136543277729,-0.61107243991777,0.301441901468674,-2.027164892938,0.042645552178297,0.111405946269445
"FBgn0243512",627.797951439297,-0.508842998732234,0.0696486146528207,-7.30585958196983,2.75499765876601e-13,5.95686249730209e-12
"FBgn0037549",588.555402386846,0.0904322128851904,0.0716586705708708,1.26198563502169,0.206953955427169,0.36724975236404
"FBgn0037550",70.6848313578693,0.0726154129428176,0.195072691835565,0.372247966947768,0.709708235568002,0.829077075317822
"FBgn0037551",279.641088962814,-0.299503864201626,0.100272443775871,-2.98690101610645,0.00281820953869056,0.0118416959505997
"FBgn0037552",709.546057603587,0.0274578900164385,0.0692067734607507,0.396751483176871,0.691550731254536,0.816621933844851
"FBgn0037553",75.8662577434672,-0.417558042602869,0.190534114684226,-2.1915132798916,0.028414669806471,0.0809539514290242
"FBgn0037554",183.274610616924,0.393429433098736,0.124793668053733,3.15263938655393,0.00161801553423406,0.00731935420685581
"FBgn0037555",182.848527904793,-0.210809463634956,0.122253738555698,-1.7243600574138,0.0846428635369253,0.189092990035597
"FBgn0037556",187.803424047006,0.0403916777774907,0.121010114712307,0.333787616626255,0.738539828543878,0.848154259283201
"FBgn0037560",218.618510336141,0.467222864196424,0.114181114489427,4.09194520727583,4.27769739329471e-05,0.000294015814212735
"FBgn0010173",911.799369164983,0.0731787446135696,0.0592442166644799,1.23520486443438,0.216754269335602,0.379633502102978
"FBgn0014861",437.142288400331,0.0014369037333439,0.0811389937178736,0.0177091638373052,0.985870870109975,0.991191789558396
"FBgn0037561",98.8695857184843,-0.243963648470167,0.164987822511844,-1.47867669720081,0.139226743232428,0.2747846480803
"FBgn0037566",147.877737159943,-0.0995756129067526,0.139166196716209,-0.715515802374116,0.474290379869411,0.649224919456079
"FBgn0037567",39.0318471824358,0.228089263161754,0.261846817966582,0.871078995471558,0.383711021992206,0.568173889755052
"FBgn0260939",195.513118309418,0.284713494767595,0.119533958003947,2.38186285739985,0.0172253111192044,0.0538940074422996
"FBgn0037569",66.4698481788439,-0.113261610278858,0.199135930407334,-0.568765315466579,0.56951541571445,0.727413764972833
"FBgn0037573",234.273059681202,0.0349017721806138,0.10891454367528,0.320450979298693,0.748626485390221,0.854615244556875
"FBgn0037574",36.0816875671584,-0.460848774238171,0.2862100765468,-1.61017662200588,0.107359303510754,0.227594204845529
"FBgn0040529",454.911631494265,0.615181935058486,0.0828510647029341,7.42515424834004,1.12648559431754e-13,2.54158939214812e-12
"FBgn0004908",55.8764923553892,0.36936283283569,0.221061118852419,1.67086294846032,0.0947487514279351,0.207022459886902
"FBgn0037578",78.9385775842992,0.0172864490963387,0.191644517818366,0.0902005927073906,0.928127813336307,0.962851429942635
"FBgn0037580",561.064352213682,0.299566533484526,0.0749873111445068,3.99489632195554,6.47225695736208e-05,0.000424760133651631
"FBgn0037581",21.7194171504411,0.56073330433169,0.361065690846184,1.55299525418095,0.120424268406578,0.249048314534274
"FBgn0261108",211.219451789113,-0.0676014810064251,0.116529174669348,-0.58012494466081,0.561830363182837,0.721530420456657
"FBgn0020249",262.62777147072,0.594944083121247,0.104165601850305,5.71152158249161,1.11970493594841e-08,1.40737999302166e-07
"FBgn0037583",163.996703693994,0.938173754904749,0.136395760922767,6.87832047387443,6.05623081034248e-12,1.11388650220603e-10
"FBgn0250829",21.373370329662,1.25827502040255,0.370941695908284,3.39210995766208,0.000693566007016337,0.00348461759403436
"FBgn0051462",24.1158262709262,1.42117523833549,0.360482497300335,3.94242508021531,8.06618510753154e-05,0.000518591458462094
"FBgn0037592",113.292472085577,-0.201584638713952,0.157920958027412,-1.27649072822216,0.20178210228649,0.361426768518577
"FBgn0051453",220.402927237162,0.267186826522761,0.11340492580463,2.35604251426488,0.0184708035944891,0.0569327060305319
"FBgn0051450",62.1945688337484,0.0479992640480643,0.206500573931838,0.232441310617897,0.816195266173301,0.89981393622171
"FBgn0051460",78.2731144238019,0.89325950448511,0.19168353696557,4.66007419638525,3.16095420470773e-06,2.73710754436254e-05
"FBgn0086697",285.077377313919,0.0482167567370792,0.104229748362943,0.462600720949471,0.643650591785363,0.784847524223004
"FBgn0024326",422.43381846325,0.021470807419609,0.0839173422175583,0.255856618575279,0.798061553206124,0.888324173542585
"FBgn0037602",15.3287491426141,-0.749458456642923,0.426079487597682,-1.75896394559737,0.0785836326450798,0.178800529648138
"FBgn0000447",192.522525716309,0.560538354900624,0.123257565457341,4.54769938722037,5.4235529180883e-06,4.49795798514972e-05
"FBgn0037603",54.4537483923733,0.256048438568885,0.226575438780679,1.13008029443445,0.258442392260492,0.430145241643179
"FBgn0000171",1594.68370209547,-0.0384293509222191,0.0515776588414344,-0.745077457671407,0.456224895742885,0.633016399459904
"FBgn0086679",200.713566337767,-0.018894856419068,0.11828637196906,-0.159738236151247,0.873087279529369,0.933202749121799
"FBgn0037606",78.3418524236838,-0.306357961129236,0.190958653190526,-1.60431567782149,0.108644487042521,0.229782299378141
"FBgn0037607",1276.84055002387,0.475316075319703,0.0525212368176311,9.04997871566006,1.42996210431109e-19,5.14290826129705e-18
"FBgn0037608",94.4343786471148,-0.074620394671008,0.175550445889708,-0.425065252855521,0.670789107129339,0.80324424976012
"FBgn0037609",185.629452794428,0.214558925772758,0.126727123688937,1.69307816296227,0.0904405902451916,0.19946900064703
"FBgn0037610",53.6416692560225,0.0483806076527248,0.232737013589851,0.207876722771674,0.835325224688077,0.910875055526036
"FBgn0037611",21.8716817489038,-0.0217836727094585,0.346835442409925,-0.0628069396774981,0.94992023971829,0.97396327245508
"FBgn0037612",256.051575681742,-0.234263563745685,0.10812986100821,-2.16650203340128,0.0302728446431983,0.0850801610571899
"FBgn0037613",39.7230227096146,0.0233990149662283,0.258556758374191,0.0904985625336644,0.927891036199462,0.962743270206954
"FBgn0037614",106.776500145032,0.0545042618796784,0.162447378882616,0.335519491016615,0.737233244252992,0.847334206533458
"FBgn0037617",67.9778037484572,0.162982129648912,0.201577525883036,0.808533237695757,0.418783680146955,0.600446701454042
"FBgn0037619",31.7268376716596,0.185424453310387,0.299211133437286,0.619711075521364,0.53544802258205,0.700558668957552
"FBgn0037620",13.1828908007615,-0.0421262875928431,0.453184130508698,-0.0929562285103771,0.925938335184847,0.962123538971653
"FBgn0037621",166.06267230222,-0.0784977216398399,0.130307900177408,-0.602401861536937,0.54690667118141,0.709260436653507
"FBgn0037622",245.541532917282,0.340793058959377,0.108841940552397,3.1310821658432,0.00174163424947243,0.00782980991486214
"FBgn0037624",458.238535210689,0.175317523558018,0.0814682610261915,2.15197331267025,0.031399456332786,0.0876698886463068
"FBgn0261015",155.905495002228,-1.12171833919977,0.139492855260863,-8.04140353355067,8.88152507173853e-16,2.32939637711843e-14
"FBgn0037630",10.3767646140656,0.401703681398828,0.52333839865587,0.767579222985652,0.442737209975397,0.621183049530949
"FBgn0037632",1818.91266278557,0.260180985757296,0.0472592202842439,5.5054015743895,3.68327699946424e-08,4.30741895731339e-07
"FBgn0037633",343.460925941529,-0.119953637380629,0.0909282592607106,-1.31921185290369,0.18709829677697,0.341696612892079
"FBgn0037634",50.6973983257878,0.179868369275653,0.236293458795588,0.761207568726026,0.446533098233641,0.624819522085401
"FBgn0037635",46.083604728436,-1.02693913549833,0.247674676065086,-4.14632271580506,3.37857550494055e-05,0.000239466839447737
"FBgn0037636",5680.30194789317,-0.382027484719377,0.0328138366305727,-11.6422681389058,2.51243938154371e-31,1.7219690666901e-29
"FBgn0037637",223.901529125974,0.690358937050455,0.120533055072394,5.72754865157788,1.01892221564308e-08,1.29187956311465e-07
"FBgn0037638",284.617172498605,-0.147662105504765,0.103368233695067,-1.42850564652544,0.153146370543858,0.294808792263149
"FBgn0003177",1056.18529662863,0.0442271904799761,0.0567547245939665,0.779268876668602,0.435821344412288,0.615521397191927
"FBgn0003015",9.79836086946327,0.954529210211958,0.548636851504992,1.73981971424913,0.0818906796843082,0.184264667345645
"FBgn0037643",593.540706794781,0.0462501845008468,0.0748528194289781,0.617881662356485,0.536653347688809,0.701043974091815
"FBgn0037644",214.099168585124,0.0499793953166884,0.115039127635627,0.434455618222284,0.663957616900346,0.799157123832972
"FBgn0037646",12.0013720445624,-2.70878862963979,0.598730864186696,-4.52421746007591,6.06193727593547e-06,4.99886201017834e-05
"FBgn0037647",127.216494148545,0.457263374308645,0.153202932554183,2.98469074113138,0.00283865158664897,0.0119064271808289
"FBgn0027503",236.968372299101,-0.143060394574301,0.109171720877203,-1.31041622706686,0.190055067055261,0.345273833997617
"FBgn0260243",139.424615362858,0.139720967492388,0.142231335620385,0.982350105080244,0.325927398085911,0.507253922918428
"FBgn0037648",125.168457646508,-0.140657320338621,0.147791129270308,-0.951730466050914,0.341233694259008,0.524780437932196
"FBgn0037652",137.911617248845,0.0480055737487717,0.142626105076707,0.336583360549273,0.736431001402734,0.84694635610597
"FBgn0026380",320.912262297169,0.42934862386972,0.0966353186889489,4.4429782991839,8.87221173449233e-06,7.13015688618217e-05
"FBgn0037653",171.114428646688,-0.066778209867236,0.128722375032541,-0.518777017984282,0.603916246132457,0.7541167975511
"FBgn0037655",425.95317428145,-0.340907362563943,0.0841167374932354,-4.05278869251626,5.06107117387198e-05,0.000342352719536126
"FBgn0040534",51.0797557749729,-0.198478108395961,0.22838402912047,-0.86905423798818,0.384817465228727,0.569041091977753
"FBgn0037656",42.4310094475438,-0.0465759265660785,0.251629027969351,-0.185097589661839,0.853152492113353,0.921216601115141
"FBgn0015014",281.275377783956,-0.00932348656488135,0.104393741176044,-0.0893107810856088,0.928834926243658,0.963309884248419
"FBgn0002932",175.852829405315,0.147203923449274,0.13173326941045,1.11743923238268,0.26380656840239,0.437010513720591
"FBgn0037657",287.909524469228,-0.118636312902408,0.100458145784519,-1.18095264426721,0.23762153622647,0.406097497220725
"FBgn0010222",126.525416396838,-0.538389894942209,0.153817970737021,-3.50017551500975,0.000464951914321953,0.00243713972406132
"FBgn0014018",754.456209857619,-0.170538038228692,0.0697646289544473,-2.44447710515374,0.0145062287603977,0.0470901483218452
"FBgn0028708",65.0825227836402,-0.0385536920496367,0.20371744241916,-0.189250815206634,0.849896242411869,0.919154136399179
"FBgn0037659",581.304160883557,-0.258866449557769,0.0717740487493946,-3.60668589926736,0.000310132695559963,0.00169662201298429
"FBgn0037660",122.614743809065,-0.240673741022666,0.152953518661688,-1.57350901848165,0.115601001738235,0.241403069165932
"FBgn0037661",47.5596720094144,0.49397263073743,0.245592398893174,2.01135146268226,0.0442883462789867,0.114462766174614
"FBgn0003165",1328.28648668929,0.052293264357561,0.0560805952242932,0.932466286215672,0.351095602048363,0.535413423358807
"FBgn0000412",837.87977187342,0.101698283346036,0.0620804228174607,1.63816995327281,0.101386245635408,0.217855981822312
"FBgn0260935",100.278087493988,0.0317742203376852,0.170623052033442,0.186224662840151,0.852268584088239,0.920663385499025
"FBgn0037667",38.548875624505,0.608711539102305,0.273595738029448,2.22485753428216,0.0260908035816517,0.0756081723257677
"FBgn0037669",54.4708617081353,-0.132898075084329,0.224343669214336,-0.592386117021915,0.553592060699786,0.714486821990396
"FBgn0037670",43.1554717852395,-0.0706861780231636,0.247357832278185,-0.285764866922298,0.775058218610017,0.873297844302587
"FBgn0037671",972.624685569656,0.119130431508986,0.0576858991043732,2.06515688163998,0.0389081588166953,0.103356563453282
"FBgn0037672",24.3435509297113,1.06478583029102,0.355891741151661,2.99188125817528,0.00277264084490756,0.0116637149613511
"FBgn0010803",453.584628687791,0.0518737513561312,0.0808554407264003,0.641561667218688,0.521157828833916,0.690284708564886
"FBgn0261241",469.36222770404,0.124388774859165,0.0792207337120597,1.57015428954844,0.116379220923763,0.242517198478973
"FBgn0037679",53.3908265087652,-0.00585801827904555,0.230345165113209,-0.0254314792158389,0.979710802439567,0.988871192305978
"FBgn0037680",136.935735914362,1.07485672282005,0.146564117494707,7.33369627705002,2.23890182559446e-13,4.89928366353728e-12
"FBgn0053936",2655.24060313094,-0.232325096449121,0.0427954858804043,-5.42872902759824,5.67567790545161e-08,6.46297805377837e-07
"FBgn0053937",30.1816800673026,-0.692941059598709,0.305753983413814,-2.26633534537101,0.0234308589034652,0.0694823350268494
"FBgn0037683",380.168340582456,-0.790323114957711,0.0892819042620104,-8.85199662227629,8.59673037584728e-19,2.87812194380325e-17
"FBgn0000723",565.672321690179,-0.132160029060866,0.0732014140464704,-1.80543000135171,0.0710074199674111,0.165025241862841
"FBgn0083953",60.6553595898878,-0.110459667997954,0.213021342998266,-0.518538032120347,0.604082931871079,0.754195308479702
"FBgn0037686",4680.10508300888,-0.433377742232627,0.0925794750114581,-4.68114279303259,2.85280136166427e-06,2.50007260464305e-05
"FBgn0037687",67.7718695424982,0.366040882965051,0.202869297785006,1.80431877549538,0.0711813480759499,0.165323687267192
"FBgn0037688",68.8684392997647,0.0664875866704616,0.199477738454962,0.333308303901155,0.738901571818138,0.848279569536241
"FBgn0011740",187.155067279708,0.0681796943676044,0.12688396917138,0.537338915332284,0.591033529252088,0.744298594213281
"FBgn0261552",1601.54713051709,-1.81719372507576,0.0544943228167719,-33.3464777823879,8.193422198729e-244,1.19050424547532e-240
"FBgn0037696",41.6995678825548,0.370494144801218,0.268207710744126,1.38137022150968,0.167165157076561,0.314865883093078
"FBgn0014380",368.401395911729,0.0177535706974986,0.0880180692571091,0.201703705243053,0.840148365773483,0.913599996389608
"FBgn0037700",242.054182847525,0.1790966566884,0.108397492258626,1.65222140251264,0.0984894249579268,0.213365879612075
"FBgn0260010",823.483465593845,-0.0326696675360228,0.064349285029156,-0.507692781997819,0.611668811182815,0.760433271290005
"FBgn0003205",700.32436289674,-0.0263038299972374,0.0663483448653029,-0.396450432194475,0.691772767827523,0.816621933844851
"FBgn0014022",93.001837213393,-0.136516807887175,0.172932636616955,-0.78942188448534,0.429865469249072,0.611508250263267
"FBgn0014023",160.434729622366,0.160204713645037,0.13567612128721,1.18078783595164,0.237687017516966,0.406113871651167
"FBgn0037703",129.79041919395,-0.327134510124845,0.146128015859572,-2.23868440422279,0.025176457995356,0.0734713644219087
"FBgn0037702",1075.76597228519,-0.151181489335188,0.0589271552815401,-2.56556571605873,0.0103007706866478,0.0356209786748178
"FBgn0000244",134.868488966107,-0.373109573276378,0.145676498021306,-2.56122008933663,0.0104305255120338,0.0359989395937889
"FBgn0037705",86.3670006698944,-0.875010546931612,0.182184619804337,-4.80287824444983,1.5640099574203e-06,1.43104941318117e-05
"FBgn0260722",115.703336255342,0.0328483403267076,0.153961139117282,0.213354749874154,0.831050272250543,0.90927413070786
"FBgn0037707",157.209299111614,-0.013808353759314,0.14092785422338,-0.0979817214659842,0.921946807676585,0.9603074755875
"FBgn0037708",29.2650821529016,0.645550089748848,0.305257890679473,2.11476954227758,0.0344495939736477,0.0936662800219127
"FBgn0037709",77.6312564935568,0.323229759733644,0.192006096562964,1.68343487795269,0.0922909361479797,0.20268852814845
"FBgn0024833",347.485757835223,-0.389875808487329,0.0936412787097191,-4.16350367978117,3.13400972414029e-05,0.000224542215442596
"FBgn0027950",93.487782848396,0.151151853293642,0.174720189513483,0.865108112087855,0.386979452684767,0.570703634405514
"FBgn0037710",168.103215435808,-0.0501477970086085,0.13104674829561,-0.38267105182562,0.701963680914585,0.824155890751241
"FBgn0261049",86.8511880245933,-0.111038680740003,0.176952798126385,-0.627504520503232,0.530328573913407,0.697093737919468
"FBgn0037712",17.5956224907915,-0.504469648971972,0.401405071524291,-1.25675952985922,0.208840724636641,0.369811884918063
"FBgn0037713",13.4409755134117,0.0310921230322561,0.445452317639954,0.0697989926216682,0.944353648995497,0.97205005099919
"FBgn0037714",10.7045362887813,0.503145355668218,0.496853756459955,1.01266287942168,0.311221214258729,0.491099505123732
"FBgn0037715",56.9096017279814,-0.0927939217872073,0.22616858909745,-0.410286513072002,0.681595784410014,0.811352131782313
"FBgn0027338",1018.26524959817,-0.1909754601565,0.0585920064211555,-3.2594115105699,0.00111643602077349,0.00526340538022023
"FBgn0037716",105.4457144646,-0.48298169709413,0.161937230241683,-2.98252413217952,0.00285882109656747,0.0119432635230378
"FBgn0037717",135.752527006794,0.447021037910893,0.155762478955268,2.86988908310371,0.00410615807043615,0.0163369323010507
"FBgn0037718",740.276134596844,-0.464958469031968,0.0670040076562817,-6.93926356490674,3.94149177859158e-12,7.51573169854798e-11
"FBgn0037719",138.618467258608,-0.362670986708983,0.141142972060271,-2.56952919026047,0.0101836811878976,0.0352474720486309
"FBgn0037720",323.17517670677,-0.112700037448087,0.0968675852503519,-1.16344427454051,0.244649295008725,0.414017500171998
"FBgn0037722",90.3303392527343,-0.353804146189746,0.177580136694093,-1.99236329454585,0.0463312116170656,0.118437739748766
"FBgn0005585",5795.99678966353,0.1212170606902,0.0330341842953325,3.66944313219586,0.000243079402632598,0.00136685128492711
"FBgn0037723",60.7670885552858,0.527182391574905,0.214989326262921,2.4521328604481,0.0142012216255505,0.0463069457404061
"FBgn0003334",387.974081280226,-0.165519941476371,0.0876345954937215,-1.88875113240216,0.058925183590223,0.142744734505825
"FBgn0037728",1132.49749552739,0.203210349591446,0.0555491752328777,3.65820642231917,0.000253986452666872,0.0014161255400037
"FBgn0028997",70.3453094792006,0.251476766555856,0.196403976916207,1.28040567459153,0.200402499280082,0.359221356345865
"FBgn0069242",184.931590016214,-0.165006396721777,0.124150957102615,-1.32907873263831,0.18382199594022,0.337153951150139
"FBgn0260463",29.8583008228712,-0.574514317097441,0.702944938330419,-0.817296328304153,0.413759104551209,0.596049714936649
"FBgn0053105",25.9884643632458,0.695281735881576,0.328605204908922,2.11585734338652,0.0343569423067062,0.093519365252237
"FBgn0051352",117.479655037407,0.550555043292389,0.153954606070191,3.57608685667632,0.000348775813452212,0.00188390801838685
"FBgn0037734",204.532443865981,-0.13316086894829,0.11728608736966,-1.13535093492032,0.25622830879486,0.427537589204101
"FBgn0016792",303.707389917559,-0.230670608735255,0.0987348219101511,-2.33626398744271,0.0194774872029196,0.0594554388778197
"FBgn0002431",1899.78648362805,-0.0102985360955708,0.0472496083613521,-0.217960242480963,0.827460088579633,0.907122007474126
"FBgn0003886",86.455599768674,0.75991887565065,0.18381085355101,4.13424376727439,3.56125326494308e-05,0.000249837603921181
"FBgn0037737",99.5715795275655,0.181600603018622,0.164666600800757,1.10283811128375,0.270097474347599,0.444553273931878
"FBgn0085438",14.1739139942958,-1.42146720299342,0.45924005251745,-3.09525964732663,0.00196640674322993,0.0086950365122127
"FBgn0037739",115.6233060476,0.699556819802532,0.156331573941518,4.4748274591301,7.6473041891859e-06,6.22843777291878e-05
"FBgn0005777",461.175719926314,0.0137031851299304,0.0804329108017644,0.170367887887377,0.864720824678328,0.928494944027202
"FBgn0037741",93.3450169538709,0.0122692850485223,0.169963197292695,0.0721878926965189,0.942452380264273,0.970505534035427
"FBgn0037742",26.9829215137005,0.397720820447373,0.317004017327113,1.25462391234295,0.209615318640709,0.370434271448492
"FBgn0037743",164.423167220845,0.15638770002495,0.130747359249866,1.19610599343795,0.231655199061516,0.39882449840633
"FBgn0037744",150.672991862097,0.351445080462083,0.139597697699742,2.51755642287166,0.011817204055722,0.0398200312916605
"FBgn0028401",203.917055091534,-0.163186432541186,0.119878337801935,-1.36126706069953,0.173429308444185,0.323067673294104
"FBgn0037746",164.792603019594,0.116089820593216,0.129063449371805,0.899478676250049,0.36839774889631,0.553205796968104
"FBgn0024330",87.6188291723378,-0.14908370364765,0.176914716554136,-0.842686841159595,0.399403608493406,0.582781123861136
"FBgn0037747",93.2483445057809,0.640042237864458,0.173920287218773,3.68008958643998,0.000233152028723724,0.00131544260793665
"FBgn0037749",91.8886069237268,0.0792437670078707,0.171583321833886,0.461838401080662,0.644197210444678,0.785382234247455
"FBgn0037750",75.0543926032774,0.0654005434297054,0.198328029668375,0.329759457294373,0.741581723724722,0.850111935584601
"FBgn0037751",43.8178247911444,-0.196605978193464,0.249116874698535,-0.789211804424666,0.42998822379568,0.611563125660848
"FBgn0037752",8305.32527265333,-0.309774859403856,0.0322086031102222,-9.61776759904068,6.72753474673228e-22,2.80893907672471e-20
"FBgn0037753",36.079243229028,0.229775728713232,0.272816952771665,0.84223405612753,0.399656954535892,0.582916638165681
"FBgn0002868",31.8227088563153,-2.36177413601926,0.348306033893835,-6.78074424843049,1.19558362071614e-11,2.13938793214354e-10
"FBgn0037754",72.7305396718174,-2.14339843987712,0.221956105744335,-9.65685729928079,4.59751532332287e-22,1.95327186104916e-20
"FBgn0037755",176.612255656187,0.18056789290561,0.130215270458239,1.38668753879768,0.165537062007069,0.312532940613658
"FBgn0037756",1050.91089576459,0.0283793557872015,0.0586410997549445,0.483949924298762,0.628421408048998,0.77361104641156
"FBgn0037757",301.204426456247,0.0293477054481581,0.0970379275084872,0.302435410583055,0.76232016407723,0.864079571345912
"FBgn0037758",361.452313420769,-0.135932206617402,0.0914690412591378,-1.48610070408738,0.137252486103123,0.272471631138167
"FBgn0037759",113.265748368051,0.535835673767856,0.158429053744142,3.38218061084435,0.000719128471813657,0.00359564235906829
"FBgn0037760",514.882771914359,-0.419447997034907,0.0777120817883129,-5.39746185383992,6.75902380899453e-08,7.60128606383054e-07
"FBgn0250818",259.027807515322,-0.754605005464147,0.105981260594893,-7.1201738989365,1.07790975682911e-12,2.21215095575239e-11
"FBgn0037770",223.374134893702,-0.208408444574887,0.113937187372026,-1.82915209144486,0.0673768271502073,0.158463143168098
"FBgn0037773",28.112544986181,-0.151573770741524,0.335349489557055,-0.451987480111359,0.651278001841858,0.790697640939355
"FBgn0053208",590.352753636196,-0.166687709080438,0.0729150820500067,-2.28605254762135,0.0222511845875548,0.0666892970414957
"FBgn0027524",71.682297451818,0.187443311169871,0.196676896716673,0.953052007119555,0.340563720920928,0.5239719255592
"FBgn0037777",15.8275238607427,-0.272115074056709,0.424701723847075,-0.64072043690289,0.52170433368685,0.690387242317326
"FBgn0037778",44.8943974561115,0.178691633529755,0.2422077381166,0.737761868878575,0.460659168424029,0.637220456258468
"FBgn0037779",98.181616640518,-0.645883795969672,0.175510791427117,-3.6800232664775,0.000233212674332058,0.00131544260793665
"FBgn0037780",107.600917374911,0.00295309801329109,0.157976250810313,0.0186933035702751,0.985085770299674,0.991062952140316
"FBgn0037781",19.8544913164102,0.302918330987343,0.373462091409497,0.811108645174903,0.417303281600655,0.599625858549993
"FBgn0028734",1063.89200990054,0.0326896266906749,0.0562196251639009,0.581462907220967,0.56092851060809,0.720626990197661
"FBgn0037788",40.0854758208898,0.0238510729970894,0.274011280955585,0.0870441279421467,0.930636436168827,0.964489830066552
"FBgn0051477",18.5917955680344,1.55844852982774,0.417559833121833,3.73227596671881,0.000189757443538132,0.00109828165180904
"FBgn0004889",575.919424354393,0.241681952828878,0.0727757071544206,3.32091521029208,0.00089722790609336,0.00435719300652958
"FBgn0037792",192.20805010771,-0.0467767074984499,0.118922604006564,-0.393337396949935,0.69407030077971,0.818574794669577
"FBgn0086359",69.8855630611606,0.507364415764178,0.205650913741023,2.46711481381067,0.0136206676311629,0.044836497662165
"FBgn0037794",88.323119372277,0.0255848825371419,0.178243225274406,0.143539158348117,0.885864387534882,0.939066153615006
"FBgn0040238",555.470771822772,0.533130120433545,0.0778429904512165,6.84878776294769,7.44783947946002e-12,1.34598392582779e-10
"FBgn0037802",26.9538020746782,-0.221721674487265,0.324742566440048,-0.682761354379449,0.494757653225648,0.667987525872708
"FBgn0040078",215.464728721717,0.168820893425454,0.113405064165918,1.48865392094359,0.13657852479892,0.271624139793088
"FBgn0037804",256.086680854501,-0.066166402767369,0.108684984400635,-0.608790654313998,0.542663209020894,0.706405341970398
"FBgn0037807",1337.9125196551,0.170958749368431,0.0523770944856603,3.26399833834302,0.00109851809705495,0.00519917522808091
"FBgn0037808",2408.72177583513,-0.0683028398253392,0.0429435849255216,-1.5905248698682,0.111716544313967,0.234708124476857
"FBgn0037809",54.1527343874708,-0.00162602852859798,0.225536633184594,-0.00720959830621899,0.994247622655061,0.996167284317889
"FBgn0037810",1390.40828851015,0.271560196143398,0.0507267713089121,5.35339011603304,8.63214641098254e-08,9.54528823071357e-07
"FBgn0037811",10.3251206671433,0.308178480314604,0.512252146056391,0.601614815451996,0.54743056467939,0.709559866618335
"FBgn0015396",413.122428086861,0.428163351321838,0.0842297209911156,5.08328113026755,3.70969998466349e-07,3.70714860915822e-06
"FBgn0020379",115.15678678235,-0.150950546271448,0.156740751941811,-0.963058709374362,0.335518061445299,0.518483903172279
"FBgn0259938",322.192616914825,-0.389120239572931,0.0954237693876707,-4.07781249965176,4.54614045450734e-05,0.000310702825983027
"FBgn0037814",167.264954301832,0.219093292214452,0.130238631997279,1.68224503631941,0.0925213343420885,0.202961943457228
"FBgn0024957",319.284027414644,0.165457608828534,0.095102781705424,1.73977675375501,0.0818982258580988,0.184264667345645
"FBgn0037815",50.0991776581704,0.0181449978977459,0.23494680057861,0.0772302404334078,0.938440385095107,0.96815810816756
"FBgn0037817",12.0566059964282,0.813301364547004,0.48427344559096,1.6794258945058,0.0930690701766904,0.204027397354754
"FBgn0020385",54.6892126223297,-0.43305021141225,0.226089928557251,-1.9153892178023,0.0554428851696038,0.136586151494463
"FBgn0037822",250.874046627342,-0.102815899908242,0.105224455793021,-0.977110303240561,0.328514547470163,0.509863246122724
"FBgn0051467",10.3374479658448,0.0735167532060079,0.539027177592846,0.136387841396633,0.891514685021818,0.941813899474118
"FBgn0051278",21.6758505206228,0.233605439568446,0.35289370298954,0.661971119318529,0.507989730912648,0.679021055798235
"FBgn0051390",64.4147240526138,0.284615357261302,0.208599000892801,1.36441380851851,0.172437364362884,0.321711145169357
"FBgn0037831",155.577991647196,-0.139215092890601,0.138014148194488,-1.00870160568191,0.313117761494594,0.493342124757801
"FBgn0010421",83.1508455018525,-0.160594407599622,0.179792178061027,-0.893222437881088,0.371738064421669,0.556267155102662
"FBgn0261380",102.040508281752,-0.0229592513163776,0.164624497815554,-0.139464366610255,0.889083212042303,0.940688220440722
"FBgn0260944",191.123679098214,0.249361561232587,0.120996314184029,2.06090212676497,0.0393123783648724,0.104311332659167
"FBgn0037834",402.485920031849,0.0396197059565931,0.0879693144333218,0.45038097900176,0.652435757724515,0.791574111534503
"FBgn0017577",368.451968376056,0.370464803868689,0.090384822074297,4.09875015922656,4.15387121486469e-05,0.000285775325530227
"FBgn0037838",27.9481070896695,0.74178914106999,0.32007304410064,2.31756205260681,0.0204731345675456,0.0619480727335354
"FBgn0261053",21.635288202354,0.71523390674345,0.3558504465017,2.00992836674727,0.0444387709575159,0.114606911965337
"FBgn0259740",31.1993322732145,1.68232380262054,0.329777166078116,5.10139565642953,3.37157887043379e-07,3.39729826542323e-06
"FBgn0037842",78.5131486088054,-0.316439324489799,0.186546068584439,-1.69630658470063,0.0898278341251041,0.198358423987502
"FBgn0037843",443.358876991367,-0.0119959036889487,0.0840390301664591,-0.142742052891234,0.886493903359944,0.939378385051049
"FBgn0037844",74.4622308255686,0.579189288793103,0.192592560933883,3.00732949385277,0.00263553927392902,0.0111751052961561
"FBgn0037846",21.8444974720492,0.0143259406737018,0.366506845875579,0.039087784675556,0.968820399944327,0.983714913430543
"FBgn0037847",74.5087237347257,-0.395236138462491,0.195772441177999,-2.018854830048,0.0435023102240826,0.113115348524681
"FBgn0037848",176.451611461703,0.583353401397506,0.12778803302684,4.56500806515256,4.99475137524319e-06,4.16133815838782e-05
"FBgn0011768",459.093684177804,0.0571302789487044,0.0815124107417623,0.700878288702534,0.483378974887009,0.658000422063729
"FBgn0022359",54.9863442972816,0.102456118435278,0.225218148059096,0.454919460612893,0.649167181896494,0.788925991381403
"FBgn0037850",84.8728653203306,0.585810882218476,0.179501595640002,3.26354136368428,0.00110029121553448,0.00520417687555857
"FBgn0037852",214.121195954441,0.264110618586268,0.116118459174656,2.27449296574815,0.0229363635603375,0.0682641053936304
"FBgn0037853",368.391969761024,0.163923282409059,0.0892445959770583,1.83678664925771,0.0662413975937681,0.156349497569437
"FBgn0037856",126.911484193219,0.526583180318452,0.147517405481962,3.5696342312829,0.000357480009290385,0.0019251981226795
"FBgn0042094",32.6010505975768,-0.741440830851749,0.301099380022944,-2.46244555799235,0.0137993120886481,0.0453218817016404
"FBgn0037855",151.625937204418,-0.130074947632553,0.144862989754258,-0.897917044603383,0.369229776973301,0.553984556236447
"FBgn0040256",27.825303371957,0.131128411648221,0.326832133905296,0.401210279054804,0.688265313460657,0.814997099076685
"FBgn0040251",139.063681793518,0.67187502887907,0.142983737377687,4.69896116300508,2.61488168693866e-06,2.30268066128599e-05
"FBgn0040259",606.095228073823,0.065666310817914,0.0705627290173092,0.930609001840134,0.352055856327919,0.536332777616285
"FBgn0026315",392.98723587934,0.00382638705681323,0.0874600401232488,0.0437501177843171,0.965103589220029,0.981312466855635
"FBgn0040250",36.1733334234125,0.552167815624398,0.284726334591155,1.93929309846688,0.0524656587908708,0.130535277779341
"FBgn0040252",11.7978075655853,-0.280230433720433,0.479073796551854,-0.584942102317845,0.558586647747826,0.718380597608064
"FBgn0037872",120.103995027862,-0.896931440155309,0.159315739685953,-5.62989847659347,1.80315726646535e-08,2.20537669038228e-07
"FBgn0037873",215.767481548625,0.463827751183532,0.118248140383508,3.9224950995358,8.76366763783536e-05,0.000558981961271939
"FBgn0037874",4471.39328638476,-0.0671036549233895,0.035168688541605,-1.90805110187731,0.056384611790833,0.138289791721119
"FBgn0037875",170.450675488339,0.0621032819779937,0.129110680889799,0.481008089725753,0.630510749175422,0.774678632742549
"FBgn0086472",7181.10806577885,-0.140530956482364,0.0378704101580314,-3.71083798395462,0.000206574288538142,0.00118621532301866
"FBgn0037876",32.3176152737205,-0.314616623132148,0.287868620318911,-1.09291739677498,0.274430069278851,0.44922206666629
"FBgn0037877",106.535113233747,0.278492244023267,0.161425854503378,1.72520222909794,0.0844910341245654,0.188966290561808
"FBgn0037878",306.546096015813,-0.0628316049459227,0.0976133541407227,-0.64367837268805,0.519784017120855,0.68921899696715
"FBgn0020910",6934.15990060725,-0.12436736629765,0.0327553945453548,-3.79685142016668,0.000146545563266454,0.000884998767357262
"FBgn0065064",10.8966793615866,0.449275359368542,0.498524759426632,0.901209721028233,0.367476823335267,0.552279503833412
"FBgn0037880",40.4082102090839,0.272769347943556,0.272140156469603,1.00231201261187,0.316192922559052,0.496679261057624
"FBgn0037881",215.573761159051,-0.145609615995309,0.115950716680619,-1.2557888399809,0.209192538869829,0.370137310007137
"FBgn0037882",59.1915742935254,0.055200240867945,0.211411132421422,0.261103756626733,0.794012494774654,0.886361955518674
"FBgn0037883",22.2043820437499,0.150312657260588,0.3519175668311,0.427124620728948,0.669288560992152,0.801976149696187
"FBgn0037884",209.584568645216,-0.392654175839428,0.114883811772825,-3.4178372895206,0.000631208298268054,0.00320962252034151
"FBgn0037885",31.9745169919858,0.637605086712924,0.2964881786376,2.15052448176112,0.0315137516152211,0.0879097042758523
"FBgn0051441",35.5161844949045,0.261914124331212,0.279100599572371,0.938421933641517,0.348027618448631,0.532187044417871
"FBgn0051388",36.1634423389745,-0.16328449401247,0.276857365008253,-0.589778400901859,0.555339225103529,0.715872073556688
"FBgn0037890",158.239430871138,0.354759134968658,0.137588685373147,2.57840340582175,0.00992580461343987,0.034436948670793
"FBgn0037891",324.495032142351,0.108614541964736,0.0962087423138705,1.12894669811183,0.258920319612352,0.430841988544144
"FBgn0037892",59.321003594916,0.166562369556313,0.21650560077811,0.7693212968057,0.441702597487534,0.62069424312394
"FBgn0037893",295.042144413255,-0.0360975507458938,0.0976404043397254,-0.369698906820354,0.711606846408505,0.830473698464738
"FBgn0011774",169.198158924117,-0.0134568246534111,0.129165930447912,-0.104182462099305,0.917024551445502,0.958036147001952
"FBgn0037894",459.269314859106,0.0681334534744426,0.080274669389326,0.848754083856772,0.396018144700164,0.579704559806182
"FBgn0037896",19.0634778593131,0.973465804599691,0.392649675422305,2.47922223175838,0.0131669240566696,0.0437392333203952
"FBgn0037897",280.468742321527,-0.0241370593631725,0.101798699950509,-0.237105772224077,0.812574734452633,0.898024684665253
"FBgn0037899",787.99655879516,-0.454744973396214,0.0642086564065308,-7.08230009544261,1.41781205086761e-12,2.853297659156e-11
"FBgn0037900",80.3942164231517,-0.278264660861453,0.187736955715187,-1.48220503417347,0.138285747491491,0.273596393117017
"FBgn0037901",154.821637447974,0.399033709023995,0.137929773487179,2.89302083905102,0.00381555980715423,0.0153318816366015
"FBgn0037902",20.5942561714837,0.287890130014092,0.36569677987873,0.787237257351734,0.431142990888243,0.612366339941953
"FBgn0046225",52.8784924003965,0.376754107698481,0.229859447669081,1.63906296442893,0.101200147186778,0.217520434707675
"FBgn0037911",58.2692606000057,0.23475820745456,0.21681650698912,1.08275062039598,0.278919128751673,0.454134350152601
"FBgn0037913",202.830969853532,0.574824242460967,0.123905159550145,4.63922765240725,3.49713659790584e-06,2.99961008073033e-05
"FBgn0025701",1127.88195558975,-0.0722442528415336,0.0607990715935258,-1.18824598711844,0.234736510648739,0.402397534181947
"FBgn0037915",22.4641803642436,0.2928484641662,0.361398159009219,0.810320852128996,0.417755793862114,0.600004693751099
"FBgn0037916",12.8661963169987,-0.0444708524361301,0.478105047845232,-0.0930148147076787,0.925891791812267,0.962123538971653
"FBgn0037917",206.137037148629,-0.53000822057732,0.117994742847598,-4.49179520872282,7.062531902749e-06,5.76508924421028e-05
"FBgn0037918",295.330315689573,0.0542143227869183,0.100622777085233,0.538787781030885,0.59003329574948,0.743554534886379
"FBgn0051363",2504.0495376268,1.0087187671186,0.0433834536687204,23.2512324818873,1.38227315480452e-119,5.28537603666045e-117
"FBgn0037920",36.8954432838637,-0.208699471407475,0.275761758943347,-0.756810778286158,0.449163234540199,0.627162716592613
"FBgn0042205",17.0128777239334,0.00159537103696791,0.391718564630804,0.00407274809268117,0.99675042616041,0.997986748353828
"FBgn0037924",278.205249719624,-0.282440996368048,0.101535722603395,-2.78169090765505,0.00540765153818271,0.0206012524514407
"FBgn0259217",1970.49609993896,0.425194748661895,0.0456523088508741,9.31376220315206,1.23382742554444e-20,4.74272817279384e-19
"FBgn0037926",500.386316643167,0.407502349092279,0.0814607601408026,5.0024373500557,5.66099820827995e-07,5.51302305404207e-06
"FBgn0259227",830.15436998335,0.109158628797191,0.0624228937740516,1.74869542562871,0.0803436811813163,0.181893687685342
"FBgn0037930",723.837647631702,0.0268133556763721,0.0653775344748398,0.410131031886666,0.681709829940363,0.811352131782313
"FBgn0037931",108.132199419974,-0.0729887394686493,0.158245642371457,-0.461236962830986,0.644628605377999,0.785512716885468
"FBgn0011290",186.282941312512,-0.157337322802614,0.123033458994147,-1.2788173565867,0.200961380394809,0.360134294170767
"FBgn0037933",69.1784833346866,0.0668084415740599,0.200237907593977,0.333645324088822,0.738647212454895,0.848154259283201
"FBgn0037934",23.0410178557105,0.0797576027067804,0.337545316704422,0.236287096160844,0.813209899256225,0.898024684665253
"FBgn0037942",49.8059195936165,-0.171479171309928,0.235381010892117,-0.728517439278578,0.466296897221855,0.642451537704679
"FBgn0002906",168.98719643793,-0.289653750381826,0.129373778034349,-2.23889071481644,0.0251630277865846,0.0734713644219087
"FBgn0037943",148.830165546894,-0.0812183523551925,0.140051233967237,-0.579918862936921,0.561969334665275,0.721534743871168
"FBgn0037944",225.446051687143,-0.240566487453332,0.112454645640435,-2.13923120813101,0.0324169478726372,0.0895471963097753
"FBgn0017581",6992.35572065833,-0.249587001286761,0.0343358393684755,-7.26899373591294,3.62175194834673e-13,7.71613721546597e-12
"FBgn0086910",25.7031370104883,1.37474533569579,0.340859212522672,4.03317641181358,5.50279374364741e-05,0.000369480559589634
"FBgn0037949",94.2470550222307,-0.244155202130255,0.184926562646267,-1.32028194671677,0.186740900801405,0.341215453803371
"FBgn0025802",419.096022587445,-0.0649518704726803,0.082894515854425,-0.783548462804769,0.433305106476632,0.613877066800455
"FBgn0051116",53.1800894126228,0.927579773468226,0.24127920292555,3.84442489125117,0.000120835486486139,0.000745853703756841
"FBgn0259139",606.449264129928,-0.109999058837958,0.0748123903787582,-1.47033209714404,0.141471832032986,0.27815774281993
"FBgn0019624",627.492114063368,0.042258112263922,0.0698141279270724,0.60529456599479,0.544983291371227,0.707648621365793
"FBgn0037955",191.129765681518,0.120105087324278,0.12198699091694,0.984572915697678,0.324833898909016,0.506261568991141
"FBgn0037958",122.104736891229,0.0154822008852538,0.158790907175204,0.0975005506339937,0.922328896972442,0.960512990988135
"FBgn0051368",283.382617316297,0.201305076747712,0.0999908737473738,2.01323450034358,0.0440899653422367,0.114250837342762
"FBgn0037960",87.2038651476588,0.216109585592881,0.182174994169417,1.18627469471417,0.235513836632982,0.403539628098729
"FBgn0037963",332.480855457326,0.225816467802479,0.0949787837079636,2.37754642654521,0.0174282488778744,0.0543417287973208
"FBgn0051211",316.565230996984,-0.237866601853396,0.0992399105381029,-2.39688448491767,0.0165351356091594,0.0522294609567578
"FBgn0260741",45.7692814350296,0.120256523629747,0.24269488170366,0.49550498463575,0.620243704316386,0.768167492645507
"FBgn0000147",120.259623358303,0.619081865406959,0.156161054870426,3.96438065765271,7.35867493596189e-05,0.000477754900891538
"FBgn0260742",467.685372079262,-0.108456165995673,0.0789483574233541,-1.37376089301118,0.169515925608203,0.317619119121757
"FBgn0260743",64.2383893109543,0.278646471479047,0.212131451829847,1.31355567067231,0.18899577483638,0.344008712862454
"FBgn0260744",132.863798133505,0.442574962922411,0.144498881756115,3.06282621390378,0.00219257352137016,0.00951555951777431
"FBgn0037973",67.6282512723881,-0.282771514819822,0.203105652049314,-1.39223853185123,0.163850178210974,0.310315835428238
"FBgn0037974",57.3831027718733,-0.16651998206801,0.218193375809621,-0.763176157159336,0.445358346169223,0.623896719035752
"FBgn0037975",73.913567550614,0.262117833342943,0.192307051510035,1.36301727515834,0.172877066242611,0.322286858160783
"FBgn0260745",1455.23220120564,-0.648178627318945,0.0507671248354857,-12.7676843906251,2.48435809882269e-37,2.07458179171803e-35
"FBgn0260746",308.194721284133,0.363190042641699,0.102537869701257,3.54200885682383,0.000397092141039269,0.0021134611023079
"FBgn0037978",87.2726301774548,-0.0449285122241223,0.176623862002263,-0.254373965752977,0.799206661928267,0.889435722872068
"FBgn0037979",236.416037539456,-0.145477393258964,0.113480600622522,-1.2819582594815,0.199857288982535,0.358509433199536
"FBgn0037980",41.9057642416324,-0.326905778134698,0.257800774557401,-1.26805584155416,0.204778009531798,0.365531262714622
"FBgn0037981",37.1399123908945,-0.320942478787344,0.279284597134309,-1.14915925217674,0.250490319629348,0.421057883412127
"FBgn0037989",2712.57810749551,0.0855330190816388,0.0399629668719534,2.14030703365187,0.0323299619369502,0.0893748757503589
"FBgn0051361",360.234903281721,0.402159311077873,0.0920561714068808,4.36862955445281,1.25028639038456e-05,9.73561696264074e-05
"FBgn0037998",212.723202508578,0.0246867136181488,0.117541294660319,0.210025878049843,0.833647475692481,0.909786527100176
"FBgn0037999",231.609107166567,0.316339398386986,0.11306082664679,2.79795759299774,0.00514268641467324,0.0197994789626927
"FBgn0038013",114.867185026799,0.201691924789133,0.154622685415706,1.30441354221006,0.192092620338942,0.347844687627719
"FBgn0038016",530.274431231791,-0.195201960684726,0.0772424332491365,-2.52713375891623,0.0114997695487375,0.0389672694830122
"FBgn0042206",14.2903928085901,0.0394274214076282,0.43984151197822,0.0896400642820193,0.928573245852739,0.963175989594538
"FBgn0038020",361.41583753061,0.496157170802259,0.0905145465312997,5.48151860464427,4.21690368363736e-08,4.89389860409352e-07
"FBgn0001149",571.174590935015,-0.199506830667575,0.0750955853617898,-2.6567051805563,0.0078908416642208,0.0284501065461857
"FBgn0010038",13.4280258142162,0.604286619810282,0.459509335585009,1.31506929895332,0.188486613493904,0.343368918513845
"FBgn0010039",243.562890782171,0.412362369493871,0.109772839822761,3.75650634673997,0.000172301903709964,0.00101030938696763
"FBgn0010041",27.6514072690908,0.536950770541384,0.316342296390017,1.69737267721981,0.0896262248058309,0.198154145835168
"FBgn0010043",30.7682667079219,-0.0111696527736506,0.303305189890623,-0.0368264479011339,0.970623385972145,0.984307495685041
"FBgn0038034",115.552710204443,0.324711664398887,0.156356764637593,2.07673563181939,0.0378259660125635,0.100994356148943
"FBgn0038035",156.747243551701,0.143709330796207,0.134125904945277,1.07145096881054,0.283966705773822,0.459879205850829
"FBgn0038037",137.34223764652,0.522364543327519,0.145360660184675,3.59357574920115,0.000326170766843067,0.00177234900606947
"FBgn0038038",181.065425233299,-0.324872941856681,0.125906357263756,-2.58027433178865,0.0098721856002683,0.0342836655764576
"FBgn0038039",227.914077170604,-0.184218350142768,0.11113829406505,-1.65755963498003,0.0974063826889099,0.211873464142195
"FBgn0000455",118.630666519525,0.066759932637785,0.151272867826621,0.44132126003125,0.658980437016664,0.795919615965657
"FBgn0082831",559.787683947681,-0.153935002593118,0.0727374368018078,-2.11631051850995,0.0343184067366468,0.0934494846108466
"FBgn0038043",83.8801110908453,0.428619174354883,0.18787590418885,2.28139513795255,0.022525075492431,0.0673434870174944
"FBgn0004103",1507.05070128661,-0.285771868488463,0.0502793408484175,-5.68368366940231,1.31824007176546e-08,1.64553507240139e-07
"FBgn0038046",128.87089691681,0.00441948114234394,0.145835795849736,0.0303045018309333,0.975824206281295,0.987741912689918
"FBgn0038047",27.8146610347318,-0.112185991938246,0.308215026979407,-0.363986120461743,0.715868373801605,0.832925005712469
"FBgn0086134",437.915576203048,0.291996896288177,0.0821552957862081,3.55420662166488,0.000379121232997244,0.00203036124210129
"FBgn0029512",323.808777398158,-0.0948373133265006,0.0938818323199596,-1.01017748570655,0.312410263872433,0.492440999573276
"FBgn0038049",177.283612826574,0.589692176059321,0.128862737913887,4.57612639313457,4.7366443904003e-06,3.95992192131854e-05
"FBgn0086687",2342.13842457654,-0.258527492642429,0.0428588067716156,-6.03207396836924,1.61868650655964e-09,2.23569533653152e-08
"FBgn0038053",179.912617190465,0.21481708446522,0.124002184727885,1.73236532030966,0.083208538546145,0.186634773861606
"FBgn0038055",68.190767298192,0.0173405667501043,0.201968844025614,0.0858576323183054,0.931579591603824,0.964779149394409
"FBgn0038056",85.9837124874952,0.0486465917241309,0.178713348262547,0.272204578992411,0.785464721204327,0.880617469066271
"FBgn0038057",43.963080166605,-0.00978728665490996,0.259449420649752,-0.0377232935436864,0.969908303650479,0.983820783578796
"FBgn0038058",74.7021707063399,0.165379971123095,0.195942386196328,0.844023461862864,0.398656295188663,0.582176144848652
"FBgn0005671",1111.96936726202,-0.0760360532816005,0.0544933258236221,-1.39532781551461,0.162917007855191,0.309193328648892
"FBgn0038065",691.61514988472,-0.295138217465408,0.0681122342716276,-4.33311607850675,1.47013544630677e-05,0.000112919650110823
"FBgn0260444",119.964915797646,-0.112219457779535,0.157236668884585,-0.713697756226995,0.475414094165672,0.649896029577436
"FBgn0026207",152.929054543797,0.208385495220141,0.136040758368688,1.53178722111641,0.125574950506986,0.256120723030111
"FBgn0001296",15.8424439928496,-0.526929724333517,0.417842095762959,-1.26107381155881,0.207282254974737,0.367652730076041
"FBgn0005355",178.54374056743,0.338002476622211,0.129969347466202,2.60063225069363,0.00930521447454798,0.0326739406271586
"FBgn0011745",451.371714509865,0.0634400583657443,0.0825233221684272,0.768753083355823,0.442039905562624,0.62069424312394
"FBgn0016693",1486.77896890121,-0.532069509537616,0.0543708321644405,-9.78593647285758,1.29391862485703e-22,5.62893341891395e-21
"FBgn0038080",87.7013538919051,0.0280955937894154,0.179280632244333,0.156712933447966,0.875471093613659,0.933995409243866
"FBgn0002905",206.238135705175,0.131575809446456,0.12025568830791,1.09413376862108,0.273896314045325,0.448570045432661
"FBgn0002719",1991.38019813602,-0.102943177864039,0.0442414290550153,-2.32685019591086,0.0199732397320433,0.0606375205404489
"FBgn0038088",66.2041462013673,-0.50770198973878,0.202296927368425,-2.50968710372031,0.0120838180801594,0.0405489734907815
"FBgn0040493",523.139010381215,-0.117044199097606,0.075645405031336,-1.54727440548597,0.12179709076009,0.250951748262069
"FBgn0087021",88.7228183630293,0.310271177636013,0.17779811858036,1.74507570784997,0.0809716914488173,0.183030285742271
"FBgn0038098",108.740731518788,-0.303732785960593,0.158727008076519,-1.91355453392134,0.0556770991662706,0.136930983562274
"FBgn0038099",146.724527879811,-0.040057638493746,0.137633352370576,-0.291046013221355,0.771016128511828,0.870243754062015
"FBgn0038100",290.453892936992,-0.503427449552069,0.103220997039853,-4.87718065111986,1.07612872387457e-06,1.00360400243244e-05
"FBgn0051342",656.424630631426,0.0996095685481797,0.0679159566966969,1.4666592858733,0.142468763632211,0.279663757845991
"FBgn0038102",16.3779379648168,0.256430003660107,0.403241188935275,0.635922149563116,0.524827165092964,0.692745158866348
"FBgn0041710",1255.08862322476,0.268033527284879,0.0526410175233437,5.09172390457725,3.54822532393204e-07,3.56540207169658e-06
"FBgn0038105",161.00328086198,-0.0387283037516627,0.13466295779532,-0.287594334668687,0.773657282030689,0.872360725431159
"FBgn0038106",169.546366384702,-0.186831505360277,0.137054186405453,-1.36319444345586,0.172821237995001,0.322265475881335
"FBgn0038107",342.538034192195,0.128582490838858,0.0945206692780966,1.36036373653413,0.173714848088277,0.32351662941844
"FBgn0038108",1416.51091451666,-0.225653998190324,0.0510249222008692,-4.42242708968756,9.75982893203491e-06,7.76617274821836e-05
"FBgn0038110",129.663095492528,0.29874023763342,0.147722208293834,2.02231093810348,0.0431442393348542,0.11250642453974
"FBgn0038109",9.02226852661742,0.0780227658447859,0.543930662855834,0.143442484810726,0.885940731848211,0.939066153615006
"FBgn0020496",651.343774266114,0.233813862617569,0.0703122284832897,3.32536555391837,0.000883026762056618,0.00429972481658266
"FBgn0038111",365.175406144435,0.0393859822030968,0.0904475343259221,0.4354566710594,0.663230983016682,0.798801905108786
"FBgn0002354",44.1046102688928,0.0374342155223538,0.247202877470089,0.151431147992536,0.879635620226142,0.935933330542314
"FBgn0003308",50.9275678495943,-0.462772508708234,0.233280853799115,-1.98375692291808,0.0472829444483063,0.120371954656494
"FBgn0260962",792.591317691898,0.0684174204751117,0.0668583009786677,1.02331975945577,0.30615668419606,0.485427392117934
"FBgn0038118",134.245446295074,-0.511207598496332,0.144759332079287,-3.53143103904579,0.000413317619147794,0.00218953707125932
"FBgn0040551",8.60776210398934,1.37438894491867,0.591326470818415,2.32424728596451,0.0201122442904423,0.0609576365331928
"FBgn0038128",40.0605453861853,-0.144864169163609,0.257198491325713,-0.563238798240673,0.573272286747868,0.729646664895456
"FBgn0003598",239.003126660781,-0.0696430429476741,0.108924437067484,-0.639370235207432,0.522582107417735,0.691100551735493
"FBgn0038129",74.7948718243109,-0.150004881559239,0.191804364456394,-0.782072305728695,0.43417208133934,0.614625910157893
"FBgn0052473",138.954512715103,0.145364736724744,0.144462195859375,1.00624759204303,0.314296483754889,0.494354388220017
"FBgn0086371",101.952568375359,0.45714929782587,0.167410076812045,2.73071553714847,0.0063196993647244,0.0235449312229347
"FBgn0027610",428.831335110758,-0.23140262492447,0.0855068715885558,-2.70624594989206,0.00680486268307124,0.0250442388006649
"FBgn0044511",70.894429862685,0.35980454727546,0.200316262479848,1.79618241085971,0.0724655111535785,0.167716450631012
"FBgn0038145",1825.29339425821,-0.462599677779267,0.0501774096206399,-9.21928176995774,2.99096871748994e-20,1.12007153260641e-18
"FBgn0038146",246.233108817741,-0.277697571441151,0.106698546938134,-2.60263686254478,0.00925098827594812,0.0325622237523077
"FBgn0038149",279.231364685658,0.941409052710492,0.102967333193629,9.14279338419087,6.0859592638858e-20,2.2330552551581e-18
"FBgn0053977",49.6149906821142,0.770361522987978,0.236879069198513,3.2521299817435,0.00114543626937952,0.00537918196318178
"FBgn0000046",22.6434416965494,-0.0538471031173156,0.379437507995687,-0.141912968493162,0.887148750619013,0.939656353238373
"FBgn0004049",319.841603912566,-0.16826881176686,0.0956081170774614,-1.75998457987128,0.0784104211352521,0.17846231502118
"FBgn0038156",17.7191057757427,0.365902181483051,0.393195309558195,0.930586333530245,0.352067586572892,0.536332777616285
"FBgn0051337",234.387920948207,-1.12197990349707,0.113325110149558,-9.90054103646015,4.14029079284797e-23,1.90374763354687e-21
"FBgn0086897",2278.7537454565,-0.12013379572192,0.043246340659579,-2.77789505168944,0.00547122864160559,0.020778084726223
"FBgn0053328",985.213657128063,0.0148138579205554,0.0602296547353014,0.245956215184358,0.805716126674752,0.893259218723039
"FBgn0015778",2412.34774863013,0.119026069651461,0.0439740685870432,2.70673316060938,0.00679488488364624,0.0250201919309123
"FBgn0004237",1101.27487917446,-0.190361568077488,0.0573570055933324,-3.31888957779932,0.000903761594869604,0.00438261533536419
"FBgn0004587",1043.24251822963,-0.0418467280670499,0.0611723818712401,-0.684078775208259,0.493925423676689,0.667355068441723
"FBgn0038166",96.2549665753117,0.0590602150202324,0.173899375454104,0.339622927719023,0.734140509577669,0.845250523309313
"FBgn0038167",184.33709097705,-0.296904500884856,0.124156548598652,-2.39137205597288,0.0167855332407287,0.0528759086836956
"FBgn0038168",196.605122353105,0.325694249775589,0.12560688562982,2.59296493295321,0.00951524720495099,0.033346971029411
"FBgn0024555",872.299477534473,-0.119697478025554,0.0629529928575065,-1.90137867307577,0.0572524309333632,0.139698402077112
"FBgn0028487",106.471041195431,-0.360494660490033,0.16325775846982,-2.20813187605216,0.0272350815322495,0.0781585280072209
"FBgn0085412",17.4019573476465,-0.755098282212722,0.400627894486724,-1.8847870869804,0.0594585890463837,0.143749300972372
"FBgn0038183",64.2345846542179,0.256811478415217,0.209344445456607,1.22674130596147,0.219919837408945,0.384251471567096
"FBgn0000454",638.504365064501,-0.0678493176317824,0.0702554018335216,-0.965752324533839,0.334168129956045,0.516868525469591
"FBgn0013998",323.52287064157,-0.0125918616552789,0.0938385306084735,-0.134186475146509,0.893255120456837,0.942787347440948
"FBgn0051495",16.4110083034996,0.817604871388475,0.408891875398823,1.99956252637939,0.0455475238140056,0.116968101982591
"FBgn0016672",93.632585384431,0.507916114670676,0.183904926160084,2.76184072540041,0.00574765097295023,0.0216355877297841
"FBgn0015270",100.584451009865,0.00827404024170428,0.164765993168052,0.0502169172328249,0.959949530559445,0.978444363714638
"FBgn0086364",328.653730247486,-0.0881892177637157,0.0939405458032464,-0.938776936089166,0.347845282860249,0.532020206311518
"FBgn0038194",21.3196598947724,0.262926357590143,0.364493718252556,0.721346745975915,0.470696202803989,0.646428717083361
"FBgn0038195",567.860976532308,-0.0275554206491817,0.0731928213973574,-0.37647709328741,0.706562241914774,0.826503304580909
"FBgn0038196",157.0775966203,0.00643181219941873,0.139288093808079,0.0461763243618003,0.963169712763293,0.980031927622594
"FBgn0038197",141.351069105098,0.169299495387069,0.138487020916592,1.22249359013243,0.221521026383627,0.386491416108801
"FBgn0038198",16.481416062012,2.56415703834944,0.5078791065139,5.04875472422936,4.44699242223823e-07,4.39556461871575e-06
"FBgn0020510",483.602185153539,-0.247610265816811,0.0784602293418098,-3.15586976859452,0.00160020291313504,0.00725685028959179
"FBgn0038206",143.746668156723,0.00312248237210265,0.137901696548319,0.0226428133246974,0.981935192477027,0.989776335102245
"FBgn0010340",39.5595419989216,-0.171988442040044,0.263149264953836,-0.65357751263419,0.513384035892039,0.684606281342817
"FBgn0003276",588.482246892867,0.337760340631392,0.0751565489485916,4.49409060629468,6.98678773145565e-06,5.71610505281816e-05
"FBgn0053329",116.71388698765,-0.236225549698455,0.156456932165075,-1.50984393231754,0.131083252021279,0.263581463031994
"FBgn0027083",58.0643795382553,-0.122930510547343,0.222517215374572,-0.552453931892008,0.580637388850566,0.735798121402296
"FBgn0003862",1229.49255529408,-0.477713068557658,0.0550315863384816,-8.68070685114179,3.93316701300657e-18,1.21593439785075e-16
"FBgn0038220",149.860423226095,0.0339394557340634,0.135763384474931,0.249989758765409,0.802595268562077,0.891159197020249
"FBgn0003567",270.607889769075,-0.194607026375786,0.102666654055733,-1.89552321701398,0.0580231188682487,0.141076960702084
"FBgn0004855",105.463964661078,-0.211014807276462,0.176377949559025,-1.19637861651094,0.231548842102055,0.398815158338415
"FBgn0011474",323.646967275233,-0.0381321990738524,0.0950683873574595,-0.401102828540411,0.688344418435587,0.814997099076685
"FBgn0038223",133.657036230271,-0.0845559600241958,0.146881142557471,-0.575676077622499,0.564834147892159,0.723937790349758
"FBgn0038224",369.982213781568,0.287833105536205,0.0891669373607733,3.2280250287348,0.00124648067498588,0.00580864791775012
"FBgn0003480",17.9147765838525,-0.0385145426208321,0.401454472515889,-0.0959375103718833,0.923570202997921,0.961232557300283
"FBgn0024321",268.109841820757,-0.369258744205551,0.102110652665365,-3.61626073839406,0.000298889322486482,0.00164502343020022
"FBgn0051320",105.625685806924,0.68969258020594,0.165045991945677,4.17879023946819,2.93063823913416e-05,0.000211641021941448
"FBgn0086901",1118.8111501471,0.254822431679925,0.056282592400845,4.52755320623964,5.96705797135957e-06,4.93181753833075e-05
"FBgn0038233",35.2274948464539,-0.146062540072223,0.28242596805204,-0.517171069925518,0.605036745317151,0.754867242783635
"FBgn0038234",55.6822678883733,-0.393877639151604,0.21997044704554,-1.79059343853613,0.0733585607468634,0.169190458357448
"FBgn0038235",27.567305665879,-0.18174599421078,0.310635970421158,-0.585077104767907,0.558495872789735,0.718380597608064
"FBgn0038243",257.115058344762,0.285109901125398,0.107492016319457,2.65238211066834,0.00799260332537723,0.0287599124115233
"FBgn0004629",386.177537841986,0.112483476512033,0.0896083686179634,1.25527870049276,0.209377604463753,0.370194279977894
"FBgn0038244",593.114532283032,0.0431973044696143,0.0726936050932604,0.594238027047845,0.552352922050859,0.713156382427825
"FBgn0003169",419.245597619047,-0.162687146357855,0.0841998546986546,-1.93215471618212,0.0533404125389581,0.132303891121724
"FBgn0013981",1221.47698934091,-0.337090094752266,0.0539972432997218,-6.24272785336809,4.30004705353493e-10,6.37547792733291e-09
"FBgn0086686",756.469312504114,-0.190391391804695,0.0642981664173686,-2.96107031371372,0.00306571940102712,0.0126679322772616
"FBgn0038250",52.7632869952571,-0.0915936087191088,0.227411685322904,-0.402765621252286,0.687120654214706,0.814610240350823
"FBgn0038251",84.1568437611666,-0.0352860061760781,0.181221406617395,-0.194712130507716,0.845618314901236,0.91651753808108
"FBgn0025808",46.4090187718872,0.459060767295803,0.243011007489635,1.88905338913663,0.05888467518244,0.142741796863672
"FBgn0051314",1477.2101268735,0.306729011028398,0.0490347952663728,6.255333775988,3.96666631564216e-10,5.90529319326646e-09
"FBgn0053967",898.559193840269,-0.602499908392926,0.0600232324855202,-10.0377784308479,1.03989752153612e-23,4.9378140483398e-22
"FBgn0038256",264.965870376449,-0.64237341809465,0.105611016862633,-6.08244705124065,1.18361990974513e-09,1.65047958623769e-08
"FBgn0011217",1382.86710867902,0.201266770876099,0.0553082535634317,3.63900065376809,0.000273698104738614,0.00151787536711911
"FBgn0260465",393.04336556832,-0.197330986387323,0.08722109914563,-2.26242260554234,0.0236713055783726,0.0701068222694158
"FBgn0038258",13.3350212249653,0.0588357930930316,0.461663913776899,0.127442911038233,0.898589855009052,0.945849796673539
"FBgn0053330",51.1889872884687,-0.47680657880103,0.232497755954503,-2.05080077802701,0.0402863517716265,0.106467932201115
"FBgn0038260",14.6908092767145,-0.234888833637784,0.435186341156971,-0.539743120184601,0.589374198286065,0.743110647439824
"FBgn0053555",18.6736300084606,1.01193080888898,0.398908303829374,2.53675042403184,0.0111886687593655,0.0380976514386131
"FBgn0038268",50.3748178770348,0.32193395515831,0.233431178592754,1.37913862706387,0.16785201626434,0.315430593251858
"FBgn0038269",214.666207639597,-0.347846357201069,0.116009778729854,-2.99842272788989,0.00271380964795675,0.0114618918459666
"FBgn0067628",28.2097085840408,0.62557126315519,0.315960318632322,1.97990452048872,0.0477142583750522,0.121204226256907
"FBgn0067629",19.5034021761412,0.718730319456455,0.381312088307703,1.88488731801356,0.0594450526665788,0.143749300972372
"FBgn0004597",67.2904499971775,0.837716895969535,0.203005148262258,4.12657956283604,3.68198655200804e-05,0.00025597734258697
"FBgn0038271",1170.11237824319,-0.324042331944141,0.0593840662862448,-5.45672184828474,4.85005205663249e-08,5.58409321575833e-07
"FBgn0038272",177.36704086963,0.110810030891884,0.126653873646378,0.874904396538783,0.381625926679741,0.566165480361102
"FBgn0038274",189.776934204518,0.0381181704817146,0.127536355912693,0.298880818798123,0.765030982921339,0.865859182259468
"FBgn0038275",86.4051216906185,-0.675534101800919,0.185350873320741,-3.64462324723952,0.000267783788061471,0.00148734649867476
"FBgn0028662",607.662517495291,0.251851445196599,0.0742209717617614,3.39326526207452,0.000690647232705533,0.00347475910360505
"FBgn0038286",437.325725603292,-0.261634892183888,0.0817898179453133,-3.19886874376984,0.00137967967897884,0.0063519473179856
"FBgn0051304",220.642744284046,0.00465633901333321,0.11832405779241,0.0393524284089579,0.968609407134706,0.983670023915237
"FBgn0038289",92.2373824829239,0.113296217423278,0.173747698049399,0.652073199790343,0.514353952029127,0.68514511578504
"FBgn0038290",279.033296981958,-0.453184193158383,0.103457498509186,-4.38039001221495,1.1846707839134e-05,9.26440607656713e-05
"FBgn0038291",80.3843920787489,-0.525842674132945,0.198072385450033,-2.65480053132191,0.00793553172344002,0.0285828646359899
"FBgn0038293",902.949829839258,0.570060186285018,0.0601490261664243,9.47746327110498,2.60539648486929e-21,1.05156697014308e-19
"FBgn0038296",70.5476272386004,0.467529171597134,0.197062965316304,2.37248622970179,0.0176688217346552,0.0549033318658128
"FBgn0260659",146.941765712501,0.278381606023047,0.145880898406152,1.90828003573158,0.0563550319271167,0.138270620381798
"FBgn0028984",1624.01619020173,0.127687103978046,0.0492816826615079,2.59096477803056,0.00957072864838835,0.033476814458614
"FBgn0038300",132.597125688444,-0.123440070314627,0.146612819265847,-0.841945956245467,0.399818204880023,0.583034776887468
"FBgn0038301",63.4831427135138,-0.0405857981403855,0.205166376412065,-0.197818954792433,0.843186715445127,0.915247495548909
"FBgn0038302",107.934640778224,0.0629907948602192,0.163650498911977,0.384910496937135,0.700303728548168,0.823459103416079
"FBgn0038303",200.737991677575,0.0905105433211796,0.119534897046244,0.757189285787933,0.448936468230849,0.627095451201137
"FBgn0038304",161.662883855167,0.265543437995948,0.133171956924603,1.99398915603748,0.0461532395973684,0.118064537209465
"FBgn0051155",89.9154652632011,-0.350820167793505,0.180318596466616,-1.94555733389626,0.05170793635231,0.129092150377846
"FBgn0051344",92.8742259065904,0.0592720152806897,0.170955019614401,0.346711172414716,0.728808315909416,0.841725782931349
"FBgn0015610",645.480350930106,-0.327772685433781,0.0692553361906917,-4.73281487698324,2.21427424500742e-06,1.97140960661506e-05
"FBgn0038306",147.733727615456,-0.152571889062856,0.136478103011585,-1.11792211128481,0.26360026054436,0.436828442713225
"FBgn0045035",716.915079590234,0.0710074768304123,0.0685879900125079,1.03527566294716,0.300540192111932,0.479346760854705
"FBgn0001219",20282.370516087,-0.0668389259534638,0.0273332836514316,-2.44533100398141,0.0144719253904501,0.0470324756523946
"FBgn0038309",15.8663155159148,0.460393690269113,0.412379607012849,1.11643175957236,0.264237365200541,0.437485063396065
"FBgn0003600",880.034682643398,0.0691545212704035,0.0628100716384293,1.10101006839312,0.270892275167444,0.44535695385641
"FBgn0014879",335.179091044855,0.0562662479036908,0.09553728883992,0.588945411649363,0.555897893249405,0.716190493785588
"FBgn0016691",565.492809408876,0.214816560952397,0.0746029715488262,2.87946386709012,0.00398351942015407,0.0159170101162795
"FBgn0038311",19.2255850523804,-0.451204182952079,0.37664074513712,-1.19796965351641,0.230928831222473,0.398030357967086
"FBgn0038312",39.9756122494867,-0.134166582271152,0.260213150497764,-0.51560262044598,0.606131979738703,0.755816005528813
"FBgn0000283",1083.6721407561,-0.324550865368616,0.0555780742173457,-5.83954859787721,5.23424470272254e-09,6.92655514850259e-08
"FBgn0038313",74.5204312619868,0.286353413670235,0.195389519683606,1.46555155124966,0.142770498432315,0.280180354162823
"FBgn0027378",119.203453689885,-0.00494330154823007,0.153816212130208,-0.0321377147426143,0.974362226918434,0.987134511025299
"FBgn0011476",15.8631881242104,-0.311170218656836,0.409769456821165,-0.759378751824931,0.447626020404128,0.625746207087933
"FBgn0003721",1352.63562065708,0.14967358857793,0.0532163787317437,2.81254741763647,0.0049150776101123,0.0190442873799818
"FBgn0038316",82.3896686125229,-0.273581716613341,0.183486096900159,-1.49102150645346,0.135955848581637,0.270878664653938
"FBgn0026441",293.483165066358,-0.369696710927207,0.102425657231337,-3.60941507157934,0.0003068882259635,0.00168267393330176
"FBgn0038318",498.349578130866,0.0697686511123347,0.0776369204413026,0.898652995453152,0.368837521246772,0.553637312367314
"FBgn0038319",80.6822415160696,-0.243040102594405,0.18238448491038,-1.33257005229272,0.182672938434154,0.335797407330391
"FBgn0013269",720.511713477948,-0.0344606995493797,0.0651776042365245,-0.52871994840934,0.596999736805483,0.749085161984772
"FBgn0038320",1328.18894201448,-0.133280309014139,0.0530187804407982,-2.51383204038355,0.0119427296072494,0.0402057139002163
"FBgn0038321",38.1844739308869,0.382808729277754,0.268292863917594,1.42683157385555,0.153628447903986,0.295562053313807
"FBgn0021750",75.0786906362615,0.0616924563944339,0.191633269642061,0.321929780302059,0.747505891770866,0.8537777201297
"FBgn0019925",350.307107220389,0.0892636951336869,0.0904024574092423,0.987403414595243,0.323444911092715,0.504796407967471
"FBgn0051301",175.667033218063,-0.111619967312449,0.124783364692704,-0.894509998086112,0.371049082785162,0.555808574522516
"FBgn0051392",36.4913389484698,0.0639664256284003,0.277531600164157,0.230483395730666,0.817716164492323,0.900862409708148
"FBgn0038323",23.069555092382,0.199138024641123,0.343671524995099,0.579442898692182,0.562290365255298,0.7217384281943
"FBgn0038324",58.1442706284156,0.540241730910163,0.2180919657498,2.47712807325484,0.0132444366661649,0.0438469560777018
"FBgn0038325",90.338210636807,-0.270111213456516,0.173706163853408,-1.55498922700558,0.119948635067333,0.248523164221142
"FBgn0038326",151.593487584307,-0.165776274417413,0.142596530058531,-1.16255475746406,0.245010195916371,0.414425883191387
"FBgn0026634",105.372257087789,0.0523987409830844,0.16293651484394,0.321589921284812,0.747763380209017,0.853898295696087
"FBgn0038327",105.40661035511,0.323228655350652,0.160367238700016,2.01555291449075,0.0438467476241021,0.113692105908704
"FBgn0026737",70.2410322224453,0.272195674579977,0.197132583954185,1.38077464983281,0.167348260265923,0.315051855618536
"FBgn0085433",92.7257814062887,0.155143503504708,0.172834750927705,0.897640680892948,0.369377143519274,0.553984556236447
"FBgn0038330",47.6455819752475,0.0448253659811569,0.236157931843923,0.189810969426943,0.849457259804122,0.91889900839348
"FBgn0038332",89.6357598437932,0.421113767671771,0.176105518559657,2.39125821334847,0.0167907393438797,0.0528759086836956
"FBgn0038331",234.513195807539,0.154835906824359,0.110456191413934,1.40178567486645,0.160979257446819,0.306315952161116
"FBgn0041188",1259.61848462741,-0.501049022057068,0.0569578893563347,-8.79683267268651,1.40731916977008e-18,4.61671515668819e-17
"FBgn0038341",105.931208118144,0.918404264320727,0.168815054201901,5.44029837067924,5.31914101654273e-08,6.09519865696892e-07
"FBgn0038344",594.117353431126,0.233403987028075,0.0726253429159147,3.21380908725358,0.0013098673387245,0.00606899631111831
"FBgn0038346",199.725958761868,0.0596653301610272,0.119375286722956,0.499813083586532,0.617206697177954,0.765294267875336
"FBgn0038347",816.245902275979,0.272359514727617,0.0633028956344719,4.30248114241558,1.68896049650403e-05,0.000127815604240643
"FBgn0038348",30.6834524136655,0.939890957829961,0.315884587669711,2.97542518539307,0.00292582707762247,0.0121672202169017
"FBgn0038349",652.584304659476,-0.0495471791289129,0.0733637793917376,-0.675362958938467,0.499445192906231,0.672686193263584
"FBgn0038351",19.5864526966383,-1.20316454334154,0.386045366194425,-3.11664029334727,0.00182924619446364,0.00817310799678866
"FBgn0053207",173.558368475495,-0.500359249705656,0.128726503063479,-3.88699481301775,0.000101492921966427,0.000634003506522863
"FBgn0038353",60.177062457076,-0.343211981024072,0.211111650583694,-1.62573680834354,0.104005656224463,0.222235615432566
"FBgn0038360",141.674001174399,-0.297375780615259,0.139711260312969,-2.12850259849567,0.033295434739905,0.0912797484473245
"FBgn0000246",73.3497327436887,0.568287434705852,0.197338237158989,2.87976340970353,0.00397973694722167,0.0159170101162795
"FBgn0038363",48.4576764987933,0.848576865005296,0.246495680981891,3.44256281337294,0.000576230028087691,0.00296480959919056
"FBgn0038364",1011.55596979435,-0.396631407065868,0.0591849622765877,-6.70155714913359,2.06210177439603e-11,3.54164761016244e-10
"FBgn0038365",17.4509488908383,-0.382326098560514,0.393039161268687,-0.972743014529155,0.330681041046694,0.512238329041414
"FBgn0026616",87.3089653341251,0.397347788724268,0.176126915891885,2.25603103711973,0.0240686874393844,0.0710059998967562
"FBgn0003227",66.3305115838482,0.498711583865897,0.206235492405162,2.41816565155598,0.0155989737040998,0.0498576964189553
"FBgn0038369",236.426459304362,0.167728236783467,0.109030141075932,1.53836576866076,0.1239592071176,0.253966057447649
"FBgn0017567",255.472047174768,-0.0403747322015241,0.105203930834187,-0.383775890134362,0.701144559134917,0.823772994849703
"FBgn0003483",197.328874430704,0.205299694449498,0.120258761527224,1.70714958180426,0.0877942533994679,0.195035886237709
"FBgn0038371",22.3175830241151,-0.132949743086683,0.348767416576809,-0.381198864250565,0.703055691810298,0.825020126151157
"FBgn0051150",2466.545914984,-0.482681232543193,0.0414730991921184,-11.6384172378157,2.62848087773567e-31,1.78466482025698e-29
"FBgn0038373",9.136431197837,0.147020028553669,0.562394781099368,0.261417839380149,0.793770301384876,0.886359795866931
"FBgn0038376",573.551920420077,-0.0173304602534769,0.0725871003621905,-0.238753995778899,0.811296344674455,0.897391587098039
"FBgn0027657",121.653326307222,-0.407740587718323,0.158247811865944,-2.57659542277736,0.00997786607446613,0.0346010487021463
"FBgn0038381",39.4640892779715,-0.785442359758136,0.275085862003473,-2.85526254980061,0.00430012644564066,0.0169877208415331
"FBgn0038387",103.585376178793,0.0487340333562393,0.17150966523352,0.284147446092237,0.776297388041618,0.873943324727459
"FBgn0013334",364.574450834757,-0.246920521940987,0.0990102678633366,-2.49388803070213,0.0126352395160223,0.0421464715720396
"FBgn0038388",132.577558003923,0.175230930934133,0.146039483023274,1.19988736817294,0.230183086459898,0.397121853035184
"FBgn0038389",57.5306069838005,-0.0268574519012469,0.217109373269765,-0.123704709275153,0.901549082842336,0.947764085947675
"FBgn0052856",32.8443722161491,0.41820141488686,0.294010867504118,1.42240121406738,0.154909810899225,0.297415374255516
"FBgn0038390",48.0330775072779,0.275231312886802,0.238850026569219,1.1523185357781,0.249190202870942,0.419454778465569
"FBgn0002783",1053.37157919721,-0.15505570650601,0.0572756265820903,-2.70718481418578,0.0067856470197073,0.0249988466522178
"FBgn0022787",1316.67028394774,0.195696333970503,0.0513141450954232,3.81369179212843,0.000136906187944393,0.000833350138528068
"FBgn0003507",868.071986463196,-0.510256538660868,0.067216858855146,-7.59119880565206,3.16959205576417e-14,7.6248630083201e-13
"FBgn0038391",94.436050995506,-0.371016511417434,0.171507362536009,-2.16326871296582,0.0305205180079786,0.0856768019041594
"FBgn0003117",1144.41053327606,-0.262406683315909,0.0543720649516009,-4.82613054239322,1.39211278141245e-06,1.27859663172711e-05
"FBgn0038395",28.4986432846836,-0.0211914145123365,0.30950053156085,-0.0684697192779139,0.945411724006026,0.972454643050646
"FBgn0024222",225.841453014876,-0.00532609275872093,0.110461004003214,-0.0482169504684742,0.961543341378873,0.979062701488089
"FBgn0038396",75.9807095638253,0.055423572829893,0.190605982066452,0.290775621147978,0.771222931609604,0.870243754062015
"FBgn0027948",2609.18884058849,0.286163957171046,0.040227832566962,7.1135812921242,1.13069835167494e-12,2.30745042834788e-11
"FBgn0038397",11.9536099654612,0.501175185000081,0.472994755299883,1.05957873609472,0.289336291609479,0.466098283236452
"FBgn0026059",298.787200764322,0.0444666876018794,0.0990511791545329,0.448926383122663,0.653484763123605,0.792021262500548
"FBgn0010379",623.84647819152,-0.280445462442226,0.0703831628012497,-3.98455328349135,6.76071864746168e-05,0.000441696231778859
"FBgn0038400",513.103691026651,-0.0602972370736099,0.0889372377436485,-0.677975149705119,0.497787449585506,0.67107549104448
"FBgn0038401",92.649744437928,-0.219519330444182,0.179942181854967,-1.21994369625413,0.222486219608348,0.387523947603607
"FBgn0063649",161.68606700352,-1.19142004384636,0.140222845468974,-8.49661864913431,1.9519339670326e-17,5.74121468440965e-16
"FBgn0024491",167.023324084887,0.573742336458895,0.130944263495567,4.38157671930635,1.17823541044942e-05,9.22400889753775e-05
"FBgn0086370",348.266507929145,-0.13618105121868,0.0938600273734586,-1.45089507247671,0.146809080230583,0.28578991636527
"FBgn0038407",158.628482965823,0.370049111628508,0.137627450416228,2.68877400917742,0.00717149515969087,0.0261615430573177
"FBgn0010438",223.818183503272,-0.452211725130007,0.112887667407933,-4.00585586994093,6.17933219873593e-05,0.000409232893562594
"FBgn0040071",258.057878864631,-0.450959331340999,0.108679288893168,-4.14945051567548,3.3327432146894e-05,0.000236449018112485
"FBgn0040237",500.319960741828,-0.219356534660893,0.0764222719732744,-2.87032208016015,0.00410053888558586,0.0163235150705651
"FBgn0020407",91.2744681645636,-0.305300152414766,0.172943996673393,-1.76531222989677,0.0775113052204318,0.176914744714558
"FBgn0261286",285.521022043698,-0.128438673362357,0.102986517044972,-1.247140665086,0.212345924573315,0.374076901557985
"FBgn0250823",874.379862947729,0.0119280495011936,0.0648281683625713,0.183994855978074,0.854017490366252,0.92164084632574
"FBgn0040271",312.298674536894,0.981949005668328,0.0988851513835297,9.9301967174,3.07648000701512e-23,1.43273251608749e-21
"FBgn0038414",18.6892725101368,0.747684222397813,0.385189641561589,1.94108081247108,0.0522484760127691,0.130173243564049
"FBgn0038415",14.4067420594585,0.71268806822391,0.435945486107618,1.63481006441244,0.10208887029532,0.219171289212618
"FBgn0038416",14.8036095578885,1.11736501290738,0.458321550373351,2.43794997638049,0.0147708178727136,0.0477145361695261
"FBgn0040284",481.917757956822,0.194344652093067,0.0797783649625885,2.43605709623409,0.014848340596367,0.0478798022337355
"FBgn0038418",61.9360444278548,-0.0471449855324847,0.206543620737496,-0.228256798075613,0.819446608168996,0.901465719010866
"FBgn0027095",583.184436655274,0.380742657416111,0.0735863802560882,5.17409140239114,2.29022697803103e-07,2.38715910981283e-06
"FBgn0038421",21.8262837272335,0.355600015528609,0.349228963370584,1.01824319522795,0.308562396365023,0.488282685600499
"FBgn0038424",140.739052047383,-0.389430447877137,0.144610576991036,-2.69295964361774,0.00708208407767926,0.0258939812905585
"FBgn0038425",37.7417997122183,0.114015362041474,0.266474600081327,0.427865777851536,0.668748843845386,0.801593854238035
"FBgn0038426",50.2905848282413,-0.0909730694302597,0.231106434903741,-0.393641438275621,0.693845782907013,0.818442866182733
"FBgn0038427",246.176156044455,0.271478785499131,0.108639308914292,2.49890015144802,0.0124579406527233,0.0416123856744988
"FBgn0038428",147.810468702108,0.339946558782159,0.143663756179456,2.36626528376105,0.0179685638842503,0.0556918159637708
"FBgn0038429",35.2390693973739,0.280464076898655,0.288698799912704,0.971476421043181,0.331311089214387,0.51299553775416
"FBgn0044826",698.417320842672,-0.0858552327192177,0.0689972367531504,-1.24432856675666,0.213378661412381,0.375350115051077
"FBgn0038431",9.50309531052029,0.116035215176276,0.525446480821688,0.220831653482238,0.82522351604318,0.905763535889667
"FBgn0038432",89.7945105472385,0.498724140277974,0.176436535514078,2.82664890706936,0.00470378688332816,0.0183528526892476
"FBgn0250754",1858.20011805664,0.0216368436408129,0.0479641144371422,0.451104828989771,0.651913997459876,0.791073190503758
"FBgn0027053",225.298138711291,0.149618661887552,0.114421033690507,1.30761501676562,0.191003920907259,0.346304837881516
"FBgn0038435",9.96024953861826,0.548964484923096,0.520861536627218,1.05395473906147,0.291903639609175,0.468969469650742
"FBgn0038436",176.531574837225,0.675651148871916,0.127313755571308,5.30697681362078,1.11458349293575e-07,1.21038102782934e-06
"FBgn0004087",69.8455221716734,0.215300799383541,0.201245667451281,1.06984066842414,0.284691033133667,0.460549131005811
"FBgn0038437",18.0803892462565,-0.0174417564723477,0.40483442751032,-0.0430836788748729,0.965634829589502,0.981577870010876
"FBgn0038438",258.560172137295,-0.0460764638920687,0.104882193130533,-0.439316365502801,0.660432317554812,0.796619755443419
"FBgn0038446",44.5609940298991,0.437258711301118,0.255811656550938,1.70929940096006,0.0873955042327998,0.194405492422318
"FBgn0022344",127.234430366631,0.0764023067524141,0.149828886425214,0.509930418461395,0.610100210355701,0.759497128343219
"FBgn0000634",104.245916555057,0.493460248774062,0.162544500475482,3.03584709006194,0.00239860973490427,0.0102929118275721
"FBgn0015520",71.5379341654673,0.353345579595282,0.202401415190183,1.74576634883342,0.0808515606027263,0.182872536668371
"FBgn0038453",245.460444708086,0.572814355348415,0.108852695192721,5.26228913610511,1.42272791860356e-07,1.51555987223678e-06
"FBgn0038454",77.4755243118542,-0.0917710004298299,0.19111752616531,-0.480180976968335,0.631098712224104,0.775182175888019
"FBgn0015019",1645.64431384134,-0.167098704844557,0.0494051153457709,-3.38221464872787,0.000719039367508733,0.00359564235906829
"FBgn0051217",16.0328128906881,-0.101416859692983,0.428982632231471,-0.23641250734426,0.8131125917785,0.898024684665253
"FBgn0038461",60.6074186584608,0.0672771553511016,0.209010301463607,0.321884399381224,0.747540272229184,0.8537777201297
"FBgn0038462",82.0043379740242,1.04043371221386,0.190189846633808,5.47050082130362,4.48765627222454e-08,5.18327866736268e-07
"FBgn0038463",128.896131822802,0.0867954943671942,0.151630847771431,0.572413170821483,0.567042095035606,0.725728729353226
"FBgn0038464",294.052681790818,-0.344613878157898,0.0984372923796055,-3.50084678100407,0.000463782403941261,0.00243276473980741
"FBgn0038465",1768.52513029091,0.0095298411558226,0.0500406913856966,0.190441836272201,0.848962916894536,0.91889900839348
"FBgn0038467",111.200068989434,0.266193652127495,0.159989033694656,1.66382436333439,0.0961475337131643,0.209574507178559
"FBgn0038470",202.481575125833,0.79280493902872,0.119476209682463,6.6356719980973,3.23027445611756e-11,5.41984848122265e-10
"FBgn0038471",74.7569507666037,0.133654401810151,0.192264654305638,0.695158464216122,0.486955999145834,0.661258940896165
"FBgn0038472",68.6232427202204,0.127879342629094,0.201770682418868,0.633785548505114,0.526220785687157,0.693954258126192
"FBgn0028470",390.716001900743,-0.0134767408831559,0.0877217026450256,-0.153630635028721,0.877900980429488,0.934834333189314
"FBgn0020493",89.564221204032,-0.666986398410001,0.178080338650569,-3.74542413533235,0.000180089263925581,0.0010534206943795
"FBgn0038473",280.693916351468,0.026346796359192,0.102987382385639,0.255825478314768,0.798085599547481,0.888324173542585
"FBgn0038474",83.1909902082133,0.250968000900798,0.187171613219025,1.3408443544648,0.179970992023708,0.331818288948519
"FBgn0038475",119.670934472328,0.183096038990916,0.151283017558447,1.2102881205432,0.226168354454893,0.392151096686109
"FBgn0038476",397.937304154114,0.802345477604336,0.0884979592053526,9.06625966077427,1.2317269059703e-19,4.47424798593712e-18
"FBgn0086736",216.612533122497,-0.0830086654461367,0.11449695477657,-0.724985792051151,0.468460746795538,0.644455089087215
"FBgn0038478",130.207358702834,0.347701190210829,0.146170976148206,2.37872934404083,0.0173724263151283,0.0542375063082971
"FBgn0014141",5109.16410889489,-0.385574473583214,0.0339242080647014,-11.3657619611291,6.19217712800065e-30,3.84497152435254e-28
"FBgn0038488",122.005862128253,-0.151177093708158,0.148937691971735,-1.01503582945846,0.310088748526381,0.489844478809341
"FBgn0259784",73.7537830337486,0.780443297645344,0.19512073541165,3.99979682322756,6.33968881569811e-05,0.000418707629509516
"FBgn0038490",29.5522782375277,-0.181554506533832,0.301619080976241,-0.601933093709457,0.547218674372149,0.709411789670532
"FBgn0038491",78.6404065059696,-0.0536597345790626,0.18741632344752,-0.286313025418452,0.774638382690057,0.873118522315675
"FBgn0038499",219.94520283277,-0.0155594604388396,0.113107615708727,-0.137563331534705,0.89058553713667,0.941653897147127
"FBgn0038501",207.381831800889,-0.0330881055324733,0.121008055837223,-0.27343721294872,0.78451715050129,0.879690862539261
"FBgn0028992",203.882530469681,0.406622815785816,0.119488320013077,3.40303400149333,0.000666419866329645,0.00335984755647805
"FBgn0025456",13.4786462188637,1.46296919162843,0.474809714953398,3.08116945705718,0.00206189266443433,0.00903280873361699
"FBgn0038504",1551.69418319888,0.0536875617310912,0.0481281403380969,1.1155129068761,0.264630690637968,0.43783693178885
"FBgn0038515",153.052776101016,-0.39063962502026,0.136800725635595,-2.85553766769361,0.00429640261274178,0.0169822442772411
"FBgn0038516",47.8660134823118,-0.0308280218224162,0.237195828840463,-0.129968650684625,0.896591229405645,0.944342653294864
"FBgn0010926",176.772447938719,-0.162471947206105,0.128069747603044,-1.26862081207259,0.204576337827341,0.365265563473243
"FBgn0025571",427.462841174072,-0.482484093153565,0.0866310491155012,-5.56941302315629,2.55598941978309e-08,3.06929969168994e-07
"FBgn0038519",190.125484066879,0.0548686067732432,0.121209037225725,0.452677523302678,0.650780966826391,0.790460115015075
"FBgn0038524",117.50812556933,0.0803027886901958,0.156054191804098,0.514582708492725,0.606844650801335,0.756473299257327
"FBgn0038528",43.2886272256034,1.63792087196232,0.272875467152569,6.00244825617296,1.94364212958755e-09,2.67942316346367e-08
"FBgn0038530",10.0638942367304,1.43047784983288,0.561224250145314,2.54885252991562,0.0108077991502935,0.0370371041636236
"FBgn0038532",150.383489986082,0.266598964469647,0.141139409161767,1.88890520410273,0.0589045320313346,0.142742303271396
"FBgn0038533",382.356439278701,-0.377989671022629,0.088555546499322,-4.26839069900069,1.96888260115997e-05,0.00014715979524102
"FBgn0000063",116.661741317851,0.194842165611438,0.155337013847128,1.2543189854492,0.209726085917711,0.37044979678876
"FBgn0038535",1498.10390158188,-0.0770145510324218,0.048996956753019,-1.57182315262216,0.115991570518458,0.241891610263151
"FBgn0038536",164.203170117051,0.13277321527387,0.130610772353998,1.01655639026474,0.309364508924609,0.489317458354305
"FBgn0051251",34.9646494382349,0.0714761915952422,0.277603353177771,0.257475966255604,0.796811366188596,0.888130496373143
"FBgn0051360",24.3275211526855,1.53110408661243,0.375173647930307,4.08105445320843,4.48318494266796e-05,0.000306688687462172
"FBgn0051249",59.1850911792727,0.140013271451192,0.22038850122251,0.635302071907243,0.525231422564906,0.693152821968036
"FBgn0003013",2683.56229233746,-0.193886104829481,0.042999052842668,-4.50907850316852,6.51098147053402e-06,5.34489043880561e-05
"FBgn0038545",33.1833823707148,1.28146034531527,0.300270637739363,4.26768449610311,1.97512403108382e-05,0.000147268601134221
"FBgn0038546",141.524851184633,-0.171045766594036,0.14250302287189,-1.20029570704479,0.230024516449936,0.397121853035184
"FBgn0038547",13.4678594728466,-0.311034782256801,0.456196017907436,-0.681800739260095,0.495364956771727,0.668554042531414
"FBgn0038548",35.3131663113698,-0.0458404381497835,0.280389876170418,-0.163488207120296,0.870134057586452,0.931793776860661
"FBgn0038549",37.4744082107902,0.0420233025980151,0.267071453453166,0.157348537459412,0.874970169284079,0.933995409243866
"FBgn0038551",145.487983086785,-0.401782519020826,0.143856824904864,-2.79293331606988,0.00522324583057191,0.0200458959107791
"FBgn0038552",502.077433415663,-0.321438779656502,0.0769563616776868,-4.17689678473588,2.95513035895116e-05,0.000212986329938295
"FBgn0038554",8.92442376365268,1.07270650123827,0.573717655388113,1.86974636594127,0.0615190475177666,0.147503590830553
"FBgn0038564",26.607095711387,0.0283450825683326,0.31877167694898,0.0889197021505437,0.929145725522282,0.963357170817665
"FBgn0038569",146.62428733687,-0.140679728491307,0.139736993280978,-1.00674649703127,0.314056611581526,0.49417831560316
"FBgn0022943",78.7320890383726,-0.0216262016963627,0.183588027131582,-0.117797451360282,0.906228149008261,0.950743915317436
"FBgn0042693",356.566344686071,0.196755164242802,0.0904315273001084,2.17573638438998,0.0295749779185497,0.083645804455042
"FBgn0261532",284.766150481138,0.0727309115423789,0.102326868876414,0.710770419744005,0.477226513737867,0.651456336397145
"FBgn0038576",126.121769643989,0.0749918190964372,0.156643543622979,0.478741845095977,0.632122292979206,0.775737915286137
"FBgn0038577",66.692850547637,0.0736566325743698,0.205525548633641,0.358381880326062,0.720057549763043,0.83605851031301
"FBgn0038578",125.590329415711,0.129226496485333,0.148239485063898,0.871741401622051,0.383349468622739,0.567794880641019
"FBgn0011481",284.162748837736,-0.414370749503221,0.106739360788049,-3.88208011031688,0.000103566744885056,0.000645293654879873
"FBgn0028499",40.1756796060896,0.394645468138796,0.267711492074541,1.47414466626226,0.140442644488411,0.276524298248157
"FBgn0038583",46.7445334394363,-0.00128410352460689,0.238412222628451,-0.0053860641474245,0.995702563351168,0.997250105523314
"FBgn0038582",26.9510504118413,0.20654177869628,0.340017766749726,0.607444077615825,0.54355624431763,0.707151931309861
"FBgn0038584",78.6180640947978,0.516058437264569,0.186330987888689,2.76957924772477,0.00561287480226812,0.0211831352927158
"FBgn0038585",125.530802426156,-0.189938868390762,0.149448827779504,-1.27092912813607,0.203753862811103,0.364150507582451
"FBgn0038586",57.6808511694777,0.176620136654702,0.221092715402811,0.798850999377871,0.424376814623872,0.60535981901481
"FBgn0038587",527.656365839961,-0.0295191912099501,0.0754842382515561,-0.391064305525287,0.695749703954852,0.820156027783872
"FBgn0038588",39.6664654811146,0.576909213479729,0.273966920975203,2.10576229942719,0.0352250051867095,0.095409164243996
"FBgn0020238",3593.62886339665,-0.105843100976492,0.0400475113548904,-2.64293828494206,0.00821900147297181,0.0294251369969987
"FBgn0038590",20.7465736667959,0.167591097845105,0.359523628687731,0.466147658936398,0.641109811495857,0.782274568444307
"FBgn0053520",75.0136643783642,-0.088710396200963,0.191426524255324,-0.463417473341581,0.643065156356741,0.78426529476779
"FBgn0038593",160.640573540087,-0.0474664287677858,0.134166340366482,-0.353787907146673,0.723497836837535,0.837643312290788
"FBgn0026250",1136.92731789278,-0.333583284552235,0.0550676884849587,-6.05769542412063,1.38085534732121e-09,1.91448742333752e-08
"FBgn0038595",37.733920255633,-1.18842674721112,0.277271200575035,-4.28615285232086,1.81793926544482e-05,0.000136721829849448
"FBgn0038597",183.474190699877,-0.072443415285112,0.12313089105713,-0.588344765989712,0.55630090361927,0.716328618361219
"FBgn0010877",697.89784123481,-0.178044734645806,0.0698425572923203,-2.5492298900313,0.0107961106780187,0.0370145087663077
"FBgn0024432",485.834609930204,-0.330516497870863,0.0807933105342886,-4.090889402664,4.29722033366125e-05,0.000295078504008025
"FBgn0038601",105.891265441303,-0.0464997632973976,0.163699262912308,-0.284056033424579,0.776367439900746,0.873943324727459
"FBgn0038608",122.859817233821,-0.138017937005965,0.152919066770264,-0.902555449238479,0.366761880134273,0.551569626757562
"FBgn0038609",87.6383253780902,-0.0857324056565144,0.178235868315846,-0.481005346828343,0.630512698610694,0.774678632742549
"FBgn0038612",35.1979699081561,0.428629089879023,0.281754438280106,1.52128602656793,0.12818807530301,0.260019235967272
"FBgn0028670",937.004433931137,0.266780138701035,0.0630399634255409,4.23192089913155,2.31703902797489e-05,0.000171070005469894
"FBgn0051232",116.497312269974,0.0682284739327961,0.158393884580397,0.430751945465199,0.666648744078271,0.80078215888111
"FBgn0038617",56.6745330906556,-0.340180457620472,0.221079677576389,-1.53872332975033,0.123871854306581,0.253858680264403
"FBgn0038619",33.5864847154591,0.104638115836497,0.291355747356755,0.359142103033139,0.719488786113589,0.835665232792202
"FBgn0051122",399.409451148096,-0.0656471540794862,0.0862385882096918,-0.76122714253929,0.446521408916836,0.624819522085401
"FBgn0004652",457.957062974308,-0.870929841380011,0.0827077511460368,-10.5302082248883,6.26956406424286e-26,3.30060745845829e-24
"FBgn0023083",338.377245855274,-0.124344021244507,0.091570567496644,-1.35790379642525,0.174494212589851,0.324303007026163
"FBgn0051224",652.435366630006,-0.159209608270265,0.0688071554608987,-2.31385249402933,0.0206758147391999,0.0623794825914815
"FBgn0027841",62.782393404216,0.104256412725275,0.210604079557551,0.495035105418199,0.62057534035867,0.768185354865521
"FBgn0261065",199.857955928084,0.0513003228518584,0.119533584502419,0.429170789660544,0.667798938827491,0.801086191549829
"FBgn0044871",91.5899695828327,0.158150856487232,0.171270851090996,0.923396219962772,0.355800760899083,0.540320344467358
"FBgn0051229",60.8411141536999,-0.219634147471926,0.216480066878229,-1.01456984303073,0.310310920726649,0.489982360156293
"FBgn0038638",192.269611421929,-0.296238882958481,0.119689322674626,-2.47506524674555,0.0133211836920845,0.0440101862314662
"FBgn0038639",80.9949754021411,0.36013143408058,0.18505109725836,1.94611887968316,0.0516404612260704,0.128968013340461
"FBgn0038640",58.1852082089754,-0.0478051000448088,0.213893892909651,-0.223499134989337,0.823147056281783,0.904030742840083
"FBgn0024329",798.6136559844,0.127475054361716,0.0645964879447822,1.97340534164463,0.0484493995252314,0.122642817961953
"FBgn0038649",73.5044846099777,-0.350372766595774,0.194792228647592,-1.79869992262191,0.072066161179974,0.167004995525522
"FBgn0260399",138.825041282376,0.0876195001908825,0.140476757104446,0.623729519366226,0.532805233328399,0.699210625023631
"FBgn0038651",704.403892047988,-0.170890662334081,0.0708646951160023,-2.4115063510023,0.0158867751602893,0.0505551561714856
"FBgn0038652",68.4194638826989,0.0709300661852119,0.199256664827171,0.355973368553239,0.721860509375703,0.837353841382697
"FBgn0038659",251.672592515172,-0.16406053721875,0.106980008574942,-1.53356257308413,0.125137301765589,0.255443241732792
"FBgn0038660",397.552873433774,-0.474400740458535,0.0874454313525445,-5.42510607038971,5.79201343483671e-08,6.57484025063886e-07
"FBgn0261113",4039.87796069027,-0.0244051383993767,0.0352981434546087,-0.691400057081197,0.489314168235237,0.663716846943428
"FBgn0038662",91.2470794739932,-0.126054279226815,0.173330204188913,-0.727249355163904,0.467073216568854,0.643155215764353
"FBgn0038666",93.2651423205548,-0.274931753423742,0.171890196624456,-1.59946150986382,0.109718094421096,0.231783063672365
"FBgn0022338",275.096011508546,-0.52605031707529,0.101511589033361,-5.18217005648888,2.19319109356291e-07,2.29259471866684e-06
"FBgn0038667",103.630665815209,-0.310809581072611,0.167865092706289,-1.85154385621095,0.0640913515366446,0.152264116714756
"FBgn0026239",18.6244382130041,-0.154799645994757,0.385795774091064,-0.401247645491881,0.688237805121401,0.814997099076685
"FBgn0038672",35.9401010482334,0.359778211953671,0.279986592611258,1.28498371510667,0.19879797479415,0.357138300415307
"FBgn0038673",41.5990372795824,-0.185539994870626,0.253468774203538,-0.732003361966928,0.464166515759944,0.640488079201519
"FBgn0260779",82.9076912005677,0.3839810498053,0.182081729462629,2.10883898641851,0.034958482158552,0.0948369577602241
"FBgn0027785",300.870808277013,0.0189591595505193,0.0982683854715369,0.192932441695714,0.847011877522925,0.917343662821116
"FBgn0015781",55.9102561884293,0.15411688119352,0.222259601267895,0.693409329965271,0.48805270879397,0.66250054734458
"FBgn0027784",34.3503751208535,-0.0829426577739935,0.280414990272414,-0.295785391834501,0.767393979723678,0.86704778579977
"FBgn0038675",64.0181168316544,-0.309351269263069,0.206696230999871,-1.49664688014201,0.134485164944368,0.269229739134978
"FBgn0004876",336.498664063711,0.126104796718227,0.0953440581371871,1.32262879493528,0.185958853525843,0.340385757335664
"FBgn0038678",59.8902831568635,-0.551463426910865,0.212895262737534,-2.59030388849343,0.00958912407974712,0.0335088919862255
"FBgn0016120",634.20440559218,-0.375826522163738,0.0729215679539083,-5.15384587453313,2.55197713976311e-07,2.64480940376305e-06
"FBgn0038679",26.508851653929,0.477998729897415,0.330126434710372,1.44792624776254,0.147637678014482,0.28694160801905
"FBgn0038680",279.474123288848,0.20012254367526,0.100802058780597,1.98530214656469,0.0471108653686664,0.120133533486613
"FBgn0038681",75.1839570757249,-0.104662987498546,0.19110791928177,-0.547664313922181,0.583922419933031,0.738929869502433
"FBgn0261285",115.595029103565,-0.138985544559927,0.153319711570408,-0.906507996501818,0.364667034310858,0.549688767716556
"FBgn0038683",183.252014894564,-0.121098076456151,0.122381951127442,-0.989509280907331,0.322414031305945,0.503888621207988
"FBgn0038682",11.1017282146768,0.164338750698522,0.491127576464766,0.334615196893371,0.737915379685597,0.847605795020582
"FBgn0259704",62.5334364874971,-0.11795723198072,0.207391433176959,-0.568766174059232,0.569514832965772,0.727413764972833
"FBgn0259705",26.2851783686549,0.145670400999744,0.317240121133583,0.459180259039195,0.646104725528795,0.786915478787375
"FBgn0010768",73.9584019978798,-0.612335980088982,0.192956361234089,-3.17344282496141,0.00150642568815865,0.00688313372608337
"FBgn0038686",109.738054578822,-0.117084425317047,0.157543204138885,-0.743189310875187,0.457367073954436,0.634237791998279
"FBgn0260992",347.257700594878,-0.439815061405956,0.0935788123413948,-4.69994275842506,2.60234424358896e-06,2.29442122932934e-05
"FBgn0038692",51.4277274440449,0.214430609952263,0.229290611059897,0.935191410416051,0.349689664388185,0.533829672574104
"FBgn0038693",17.1707963526817,-0.514254126807441,0.398815298533099,-1.28945436320759,0.197240172325531,0.354652463584399
"FBgn0086613",333.524534843318,-0.213464758695853,0.0956664542883831,-2.23134389461505,0.0256583581965958,0.0745333755690798
"FBgn0038704",178.917767283352,0.035342489895456,0.124430340611304,0.284034341799794,0.776384063013217,0.873943324727459
"FBgn0038705",16.8030655354282,0.93788996552893,0.417637257191941,2.24570473389994,0.0247229267644627,0.0725412208981509
"FBgn0260003",984.048899087179,-0.0219503350183034,0.0579352187353108,-0.378877226969456,0.704779035929471,0.825708707632253
"FBgn0038720",72.1623705290405,0.7485063556206,0.198221703223647,3.77610697238377,0.000159298598981367,0.000951730527631274
"FBgn0038721",242.923924182621,0.0464891741891468,0.107083077899893,0.434141183657489,0.664185920674946,0.799157123832972
"FBgn0026753",490.181383067308,0.0365203235280229,0.0820545691196603,0.445073612838857,0.656266557273303,0.794056357610778
"FBgn0038722",129.508993049804,-0.162794434758102,0.145166041255324,-1.12143606969189,0.262102289884964,0.434842004113785
"FBgn0038723",171.34743264988,0.0629852474634965,0.131419087140519,0.47927016412882,0.631746444683814,0.77553868209326
"FBgn0051219",546.352413663407,0.99645438158069,0.077978845445195,12.7785218656644,2.16138185455023e-37,1.82586502015202e-35
"FBgn0051216",444.98187777772,0.579851759504185,0.0826887105112035,7.01246586044682,2.34154008464001e-12,4.56066721579348e-11
"FBgn0014135",38.3728085562624,-0.639288718085095,0.265729000895198,-2.40579205104236,0.0161374475259515,0.0512406277430234
"FBgn0038735",119.020502178102,0.334864791720101,0.150949062482848,2.21839596889282,0.0265278457432392,0.0765692488377565
"FBgn0038736",545.331666566817,-0.0485719683300797,0.0758094664984505,-0.640711121889672,0.521710386830298,0.690387242317326
"FBgn0038737",40.6445482150209,0.199613523436136,0.260004115266704,0.767732169282703,0.442646320167263,0.621175490827731
"FBgn0038738",736.604540293426,-0.115832716344887,0.0659400893215842,-1.75663572094937,0.0789799202786211,0.179533517153999
"FBgn0038739",76.106180256659,0.530267220929267,0.201181492453155,2.63576541988692,0.008394774365764,0.0299254346257485
"FBgn0038741",48.9766797720229,0.0259720768314848,0.234516662862634,0.110747255715035,0.911816771792597,0.954517124938504
"FBgn0038742",236.733385914082,-0.070681752698033,0.109072158356131,-0.648027450481454,0.516967195914386,0.686888646391773
"FBgn0014006",424.219955382502,0.09594001015316,0.0853370801940113,1.12424762992879,0.260907988502666,0.433516151084372
"FBgn0038745",407.555355065482,-0.504234841744862,0.0882676145959356,-5.71256903285659,1.11283249721616e-08,1.40116604718811e-07
"FBgn0038746",219.961085648669,-0.312407579592551,0.112831582586019,-2.76879551303273,0.00562639358462592,0.0212231305256009
"FBgn0038747",518.870040449053,-0.294867602470424,0.0773201488347618,-3.81359331188789,0.000136960779821406,0.000833350138528068
"FBgn0038755",63.3949291445555,0.279822248289469,0.205514641944983,1.36156842958361,0.173334124187698,0.323056031868554
"FBgn0038760",120.628167548642,-0.074992232168424,0.154960319785806,-0.483944743222538,0.628425085128915,0.77361104641156
"FBgn0038763",195.606018801172,0.0894464902248086,0.119098228450216,0.751031240252226,0.452633854903777,0.629964513320224
"FBgn0243511",336.144008980437,0.0133920944673934,0.093138616317116,0.143786701981875,0.885668904032204,0.939052041417682
"FBgn0038765",24.589364731887,0.664664903927577,0.340835909842551,1.95010233585604,0.0511639229097164,0.128041991022766
"FBgn0038766",20.2613795619935,0.501208604266462,0.395858761948124,1.26612987369506,0.205466588832401,0.366040894523637
"FBgn0038767",74.3447534873468,-0.00604430823575123,0.1905621694742,-0.0317183009221017,0.974696700203857,0.987335684185865
"FBgn0038768",226.307414181684,-0.53502580914573,0.115853875059993,-4.61810887955776,3.87253059066804e-06,3.30210501657316e-05
"FBgn0038769",70.019359685195,-0.305671835684986,0.199816613829739,-1.52976186427344,0.126075684350491,0.256781566247917
"FBgn0038771",422.549848274667,-0.168090556171707,0.0842675889930877,-1.99472369128177,0.0460730240045198,0.117900852198956
"FBgn0038772",102.169927764287,0.0196950795039036,0.167467300055889,0.11760552356986,0.906380228147084,0.950743915317436
"FBgn0038780",306.498726491419,-0.719661910221724,0.0981160654136677,-7.33480197343374,2.22049562166439e-13,4.87368600948392e-12
"FBgn0028386",1477.50683569883,-0.603239496165336,0.0530742339664969,-11.3659576612284,6.17831438168742e-30,3.84497152435254e-28
"FBgn0261550",2379.7789057685,-0.312345013751819,0.0419852359037565,-7.4394011854027,1.01142723945764e-13,2.28910245939557e-12
"FBgn0038787",1253.7227017023,-0.100499158658514,0.0577056596749824,-1.74158235473885,0.0815815511662743,0.183987539380643
"FBgn0038788",157.217977586848,-0.305693099241939,0.135806003510506,-2.25095423869307,0.0243884358927302,0.0717626515839146
"FBgn0016917",1597.50914845639,-0.113259661455941,0.0484894479884574,-2.33575893631335,0.0195038089001841,0.0594857983458595
"FBgn0067783",17.9794665638994,-0.358483657398593,0.394749023185204,-0.908130574981571,0.363809238316949,0.548778015606439
"FBgn0043457",48.6082624191126,-0.571056080087543,0.237766322704509,-2.40175342576686,0.0163167026097077,0.0517193911254478
"FBgn0038803",118.621491905325,0.173073205517407,0.15143428077521,1.14289317208379,0.253082947790328,0.423944573598509
"FBgn0038804",34.7697342004968,0.778997045133527,0.281539245705488,2.76692168859619,0.00565883467301167,0.0213344234039594
"FBgn0038805",212.17789565078,0.657474663413811,0.116717559139499,5.63303986359077,1.77060509967687e-08,2.16921518535454e-07
"FBgn0038806",61.7821761936828,-0.236442436133154,0.214927131011799,-1.10010511478969,0.271286325568985,0.445803020868282
"FBgn0023212",363.927462257907,-0.36648037195952,0.0900769606954223,-4.06852506046137,4.73116732342416e-05,0.000321834556223563
"FBgn0038808",89.6717722254281,-0.0118467571248985,0.17346141490576,-0.068296209455773,0.945549841501688,0.972454643050646
"FBgn0054008",10.9645609185352,0.0626934281399443,0.500900140194536,0.125161530431187,0.900395671966846,0.947201644488725
"FBgn0038809",552.210286981281,0.0208757656591506,0.0780575700323499,0.267440629403387,0.789129920534984,0.883363462663584
"FBgn0014029",765.293403497965,0.455556039704754,0.065921723672199,6.91056019666662,4.82743533967429e-12,9.08583361210717e-11
"FBgn0038810",214.643038421887,-0.105098756568635,0.115446181635214,-0.910370140267832,0.3626273395342,0.548052344854579
"FBgn0038811",95.4756046598767,-0.366165307676543,0.168299118091477,-2.1756816781269,0.0295790711385856,0.083645804455042
"FBgn0023097",365.482019612692,-0.325454860963983,0.0979703657475312,-3.32197250138555,0.000893835023730247,0.004348095441812
"FBgn0038815",47.311797848751,0.955031586737642,0.247093839679988,3.86505623925917,0.000111063605637015,0.000688461685113409
"FBgn0001169",350.644326971598,-0.0143392617973797,0.0906918337248242,-0.158109735005333,0.87437032967873,0.93388715747074
"FBgn0015279",687.494054096378,0.0344096054283823,0.0673866479073287,0.510629427296978,0.609610566052864,0.759139657588971
"FBgn0038816",107.225312963084,0.00804389463199393,0.16299673379971,0.0493500356999684,0.960640345342533,0.978444363714638
"FBgn0004107",69.0628126604323,-0.00784503656574714,0.205873905723361,-0.0381060267846123,0.96960314612259,0.983820783578796
"FBgn0038821",9.74339908696875,1.00347675505975,0.542532980372236,1.84961429325689,0.0643691612444904,0.152774242548586
"FBgn0038826",454.174242638238,-0.366687447494866,0.0823566037507411,-4.45243527288564,8.49018377659441e-06,6.8534650152176e-05
"FBgn0051195",269.840726721194,0.697337515628501,0.1035200646834,6.73625463586408,1.62521371630478e-11,2.8314574697732e-10
"FBgn0038827",145.090319215107,0.271059524967026,0.142222551233139,1.90588287593499,0.0566654032314311,0.138704229944861
"FBgn0038829",162.612455252106,0.160643755903636,0.132010573247559,1.21690067660249,0.223642008173032,0.388912337873114
"FBgn0019936",4718.39188813049,-0.264083468421243,0.0359056352175615,-7.35493096894381,1.91025811715629e-13,4.25706295127008e-12
"FBgn0038830",29.5523444323518,0.053791631057463,0.300635804540013,0.178926229827371,0.857995626702958,0.924142064936544
"FBgn0027493",1265.63191354332,0.15400319779792,0.052990815683785,2.90622432983314,0.00365819079928697,0.0147321264727383
"FBgn0051223",50.6437230910472,0.0840775675253178,0.243164012399573,0.345764846926278,0.729519445595577,0.841908470193898
"FBgn0053094",426.650874756346,-0.187998383348057,0.083112644531712,-2.26197089994321,0.0236992012697661,0.0701101319400873
"FBgn0038832",73.7855112436614,-2.54620899067926,0.23439450304978,-10.8629210905108,1.73121191140447e-27,9.90335002862478e-26
"FBgn0038834",5796.9920902767,-0.153286659503699,0.0365481892080519,-4.19409724052564,2.73960448009082e-05,0.000199032265478598
"FBgn0038842",492.47370692201,-0.0869550240339291,0.0775531108720447,-1.1212319281092,0.262189152476738,0.434886801996234
"FBgn0002921",3690.67845341237,0.062424717456405,0.0379460477712592,1.64509141591515,0.0999509605573508,0.215585968304647
"FBgn0026056",90.4837583779995,-0.0969107355950156,0.173728582333333,-0.557828391237737,0.576961573610075,0.732545584109961
"FBgn0046763",719.304316553283,-0.541924659788438,0.0692002072452795,-7.83125775718548,4.83013264614953e-15,1.21843450257904e-13
"FBgn0011672",262.485642908946,0.175876552074442,0.105747083568479,1.663181112324,0.0962761872487253,0.209791991710255
"FBgn0025865",1249.69971683854,0.365801029009547,0.0533112513244328,6.86161025903173,6.80886199114069e-12,1.23975895653226e-10
"FBgn0000083",1402.26892002831,-0.0588077206154076,0.0556323743143354,-1.05707731047269,0.290476305440011,0.46729635939364
"FBgn0003257",169.989944636639,0.157125680499927,0.135374274284361,1.16067606885099,0.245773657479862,0.415157602336883
"FBgn0038853",502.263661187403,-0.183724253977866,0.0779590805230684,-2.35667548597499,0.0184393529151346,0.0568840335152666
"FBgn0038854",271.612286918527,0.137450809075827,0.102572887637346,1.34003060888559,0.180235393874808,0.332084741694263
"FBgn0038855",154.921817854496,-0.150148428451332,0.132069098256947,-1.13689296310035,0.255583034194238,0.426853044464629
"FBgn0038856",120.382359206663,0.184697404309839,0.153680667983344,1.20182588176839,0.229430995578043,0.396389104131863
"FBgn0028468",245.866718917654,0.337809889802863,0.109470433633199,3.08585504406384,0.00202967744441174,0.00890435183191501
"FBgn0015790",1150.72659422881,-0.2007404779586,0.0579426471243192,-3.4644685377922,0.000531280281904425,0.00275696517716832
"FBgn0010770",150.174620210267,-0.600839353694529,0.136707543301018,-4.39507096087252,1.10736573650819e-05,8.70938088142704e-05
"FBgn0038857",103.809922052733,0.0724718401844699,0.163113408475675,0.444303389045283,0.656823251324731,0.794376713979386
"FBgn0023423",439.373878655762,0.1903496289834,0.0816286204825622,2.33189814868993,0.0197060499021654,0.0600270241254639
"FBgn0038858",40.6828050014507,0.605490820342382,0.272302375989414,2.2235972717547,0.026175552287149,0.0757631025363098
"FBgn0038860",49.4223947173802,-0.0197110875684362,0.233671624279222,-0.0843537919045008,0.93277514500421,0.965466794195126
"FBgn0038861",31.8615099046813,0.0197280694980328,0.301640678983172,0.0654025496976599,0.947853494063224,0.972957142878038
"FBgn0038862",215.977290578205,-0.110681892755081,0.117599927716168,-0.941173135941172,0.3466161410965,0.530587076499383
"FBgn0250820",223.410983539918,0.0991055800562744,0.113851616059672,0.870480222295051,0.384038022896478,0.568351239833553
"FBgn0025803",645.270879446351,-0.115913123363019,0.074483915841533,-1.55621682954516,0.119656540755106,0.248160082382485
"FBgn0038865",66.1256901003406,-0.73339068908741,0.203760356759466,-3.5992805506969,0.000319098786268017,0.00173651886309898
"FBgn0038866",13.1165349959452,0.815779297318945,0.465315505795736,1.75317453890534,0.0795720520037854,0.180484220358258
"FBgn0260004",38.0281333779176,0.447150895074023,0.283194818696177,1.57895153990704,0.114347172845389,0.239335122651037
"FBgn0038868",122.779165429271,-0.132971737105752,0.152851614008497,-0.869940026268615,0.384333180038639,0.568556414779213
"FBgn0038869",99.4049644386201,-0.168897128582461,0.182098123589575,-0.927506144781224,0.353663802868263,0.537759182582336
"FBgn0038870",202.948683889667,0.283160492976632,0.119878757004138,2.36205729899967,0.0181738329964182,0.056160313364091
"FBgn0038871",36.9339310988647,0.548124965331755,0.278478635673091,1.96828372132361,0.0490354019063814,0.123738171187864
"FBgn0038872",409.41582402373,-0.289542108569268,0.0841459165733719,-3.44095257809449,0.000579670117228216,0.00297829094884228
"FBgn0000527",32.1276614877954,-0.374474676378882,0.294880416565035,-1.26992046722198,0.204112961766618,0.364612900721535
"FBgn0038874",25.4784078664519,-1.28840384250614,0.34946621532801,-3.68677653517047,0.000227112623943553,0.00128803529504287
"FBgn0016700",1289.75809982046,0.217036556851638,0.0525791744449112,4.12780457553653,3.66243158856853e-05,0.000255107102123752
"FBgn0043012",42.0700234439062,0.0901382728256396,0.254459279195462,0.354234567945939,0.723163099509063,0.837624820265924
"FBgn0038876",62.4313827137241,0.265950253819663,0.214336922296178,1.24080466851233,0.214677916202574,0.376996630701401
"FBgn0038877",310.664547343154,-0.539772144836101,0.100444923648334,-5.37381208756643,7.70891968859206e-08,8.57661585568474e-07
"FBgn0001234",342.068674021902,0.192486766155185,0.0959473738151753,2.00617024209516,0.0448380876336057,0.115431859198492
"FBgn0038881",283.796027128412,-0.0573891028665064,0.101772658742106,-0.563895093002645,0.572825529756055,0.729513440035982
"FBgn0002781",1070.492401798,-0.178389327902158,0.0589295669147443,-3.02716169898619,0.00246861865397602,0.0105559237911335
"FBgn0038889",117.431482301799,0.0317420067686028,0.157774702422251,0.201185654488842,0.840553408223174,0.91389112701906
"FBgn0038890",519.756146847199,0.00763145174478599,0.075755331711795,0.100738147036557,0.919758328433873,0.959480652804985
"FBgn0013984",1517.94282969481,-0.134765719083185,0.0518083043900218,-2.60123778745288,0.00928880444806773,0.032661346632553
"FBgn0011766",1374.41820328622,-0.398808873487765,0.0581001274694839,-6.86416520681874,6.68811950400699e-12,1.2208338742867e-10
"FBgn0038893",183.367408731933,0.307681661518251,0.122656538040442,2.50848154068072,0.0121251303228676,0.0406502407917088
"FBgn0259113",476.287772401171,-0.175136139723502,0.0795312502728045,-2.202104696239,0.0276579138351781,0.0791393241483137
"FBgn0038903",33.6448284871531,-0.13344204009746,0.292154066089564,-0.45675229471751,0.64784909835028,0.787983207687055
"FBgn0013759",755.757158878583,-0.156726540628364,0.0668479502344242,-2.34452275767246,0.019051447826159,0.0584496488416575
"FBgn0045470",9.8975492795417,0.713309199586295,0.52171401256575,1.36724178842407,0.171549531001144,0.320469874703859
"FBgn0045468",14.4345332953825,0.63765201999617,0.434757079817581,1.46668576452791,0.142461557132034,0.279663757845991
"FBgn0015229",178.192692950995,0.266815384394105,0.129209143188433,2.0649884196275,0.0389240960231494,0.103356563453282
"FBgn0260940",79.540577432778,0.0097521740708351,0.185736448000356,0.0525054407781957,0.958125960202523,0.978444363714638
"FBgn0038909",48.4870143492447,-0.143484494238223,0.235413474870532,-0.609499920584978,0.542193125370658,0.706049231721584
"FBgn0067317",12.269051180823,-0.214836792867962,0.468925432427992,-0.458147027248202,0.646846814596763,0.787555238485919
"FBgn0051431",633.084031518124,-0.633818353454267,0.0712264067342635,-8.898642828059,5.65337043173444e-19,1.91924000871732e-17
"FBgn0038912",161.160702442418,-0.445355998781808,0.146525585985748,-3.03944185437434,0.00237016950139361,0.0101949564402751
"FBgn0038917",31.0235710831301,0.636266823105102,0.300140235973063,2.11989845694066,0.0340146095680412,0.0928249781839768
"FBgn0013948",121.693165603751,0.484969300729815,0.162475375894531,2.98487877353568,0.00283690728731627,0.0119064271808289
"FBgn0038922",181.600290070894,0.0248956849748772,0.125603244190624,0.198208932701562,0.84288159885247,0.915053020870172
"FBgn0019960",406.972696801274,-0.0241189778292238,0.0966154008574735,-0.249639059768577,0.802866489381169,0.891324120622584
"FBgn0038923",37.8104044627365,0.049295795692247,0.271145436883287,0.181805735913845,0.855735182936355,0.922938851548785
"FBgn0038924",65.9996664378994,0.0136296688962789,0.217208151590609,0.0627493434130775,0.949966104420743,0.97396327245508
"FBgn0038925",151.840346425819,-0.143779858237829,0.133963233599674,-1.07327849869234,0.283146179321068,0.459014138019738
"FBgn0019957",269.254402614433,-0.2253038820711,0.103605708066565,-2.17462808059134,0.0296579982871314,0.08378464552026
"FBgn0038927",221.383939372419,-0.270830222110903,0.112087505167821,-2.41623918478163,0.0156817563582344,0.0500502801118147
"FBgn0025140",241.661809792241,-0.0520164072786223,0.109689142769961,-0.474216553845359,0.635345489946212,0.778247341841044
"FBgn0038928",53.0907183297985,-0.051375638959622,0.243817548498412,-0.210713458797478,0.833110871793751,0.909786527100176
"FBgn0017397",394.974967349711,0.127599213507326,0.085539546991648,1.49169849496379,0.135778203853548,0.270731171381349
"FBgn0259736",57.7415710748509,-0.841506562990963,0.225994263185059,-3.72357488695137,0.000196421562434817,0.00113254178657853
"FBgn0038947",664.186992727589,0.0700062968979728,0.0696045422687334,1.00577195993457,0.314525278544549,0.494594404464534
"FBgn0038948",172.375073099714,0.0745109615232937,0.126233570214253,0.590262648809095,0.555014576456416,0.715814112898254
"FBgn0038950",132.971549342795,-0.17524943055314,0.146624109585685,-1.19522929106503,0.231997457346402,0.399303844496947
"FBgn0038951",31.8009535142947,0.957129155145896,0.320784510514088,2.98371375105365,0.00284773049477651,0.0119174896569996
"FBgn0003178",1453.96815064059,0.125367426773497,0.0498933848270942,2.51270638799029,0.0119809002195576,0.0402968704143918
"FBgn0038952",76.524449772051,0.358348272033432,0.190455254150466,1.88153523845724,0.0598991464170903,0.144621900538438
"FBgn0038953",260.746308403638,0.552802884378106,0.107957076144044,5.12058036511212,3.04596773287956e-07,3.107999379125e-06
"FBgn0083985",10.5371414230045,0.754573610230182,0.51492788413821,1.46539667684349,0.142812723580189,0.280187533570098
"FBgn0051169",88.587041265844,0.0289116024703905,0.177390076395438,0.162983200965204,0.870531661495752,0.931793776860661
"FBgn0038957",14.4046429860764,-0.899718610577774,0.442091217756537,-2.03514246481426,0.0418365402431482,0.109845487844768
"FBgn0038961",78.7523551852803,0.228075361475951,0.193690778849792,1.17752307482239,0.238986793106044,0.407585760782428
"FBgn0261279",220.681233391267,0.00277359556745923,0.116490260358682,0.0238096778127127,0.981004420460573,0.989362691578229
"FBgn0038964",479.601971186249,0.137884377168899,0.0791163282868713,1.74280556434492,0.0813675840404184,0.183771866749559
"FBgn0038965",68.7543197352338,0.049831670525586,0.198736518639657,0.250742394335382,0.802013281522383,0.890896739065304
"FBgn0038966",102.327923953259,-0.372009077602525,0.16490306419865,-2.25592580350348,0.0240752782221881,0.0710059998967562
"FBgn0038968",333.461511174101,-0.0315639475810013,0.09719249493842,-0.32475704632338,0.745364955930221,0.852231099281249
"FBgn0085405",77.5512392997281,-0.0607452515606367,0.185464012961569,-0.327531204521192,0.743266145516508,0.850947947836346
"FBgn0028688",336.202496797642,-0.0234597122417855,0.0915818848474529,-0.256161055004077,0.797826479131787,0.888324173542585
"FBgn0024832",334.393350237382,-0.265811109126915,0.0957188390776048,-2.77699888223056,0.00548633676493801,0.0208063464748037
"FBgn0038972",111.883182623594,0.41273457633957,0.159901867808717,2.58117420387674,0.00984648812897184,0.0342241691543365
"FBgn0038974",43.6800065642915,0.319305267870258,0.252859650086226,1.26277667378474,0.206669449938696,0.367136793867971
"FBgn0038976",158.216853798594,-0.159862110500236,0.137382749494803,-1.16362579063308,0.244575694931434,0.413989381098991
"FBgn0003676",801.532473507373,0.353445862802442,0.0658887587203718,5.36428170247442,8.12719821580688e-08,9.00062424357271e-07
"FBgn0038981",285.759809592123,0.138108464660908,0.10096619635877,1.36786835239546,0.171353287526758,0.320350394719994
"FBgn0038984",401.527514258068,0.348787538262635,0.0858336027493283,4.06353138037614,4.8335820622929e-05,0.000327880239799794
"FBgn0028837",113.104542462658,-0.092607009012489,0.154300428885153,-0.600173373992481,0.548390696550672,0.710424110278287
"FBgn0024558",188.975963644395,0.266287943120234,0.124701273061162,2.13540677319011,0.0327277979082983,0.0900293266958678
"FBgn0053107",50.6453130942635,0.12519817214185,0.229929634516256,0.54450646348937,0.586093001822053,0.740634036463291
"FBgn0038989",108.565930733055,-0.336228230178168,0.15906537807092,-2.11377380958577,0.0345345909149136,0.0938622532722962
"FBgn0051158",553.586903704739,0.00495990787319401,0.0746073752731028,0.0664801282049944,0.946995578100583,0.972899606291106
"FBgn0051156",73.4986076145848,-0.0800238307196894,0.196140939164943,-0.407991473174266,0.683279934998266,0.812310379277107
"FBgn0051159",37.5367623331446,-0.200936982869025,0.299920862416453,-0.669966674709061,0.502879034443531,0.675329412591672
"FBgn0051161",8.44917182071538,0.682458082435139,0.56616366570306,1.2054077712452,0.228045922914809,0.394371252077146
"FBgn0038996",133.777882524222,0.0926637657442329,0.144371031633967,0.641844590950691,0.520974093824096,0.690284708564886
"FBgn0020278",419.719583570295,0.0640520361811063,0.0833330761752586,0.768626806076351,0.442114887455147,0.62069424312394
"FBgn0039000",115.790097997246,-0.508402829727689,0.155003178196897,-3.27995100256511,0.00103825116462903,0.00495590979699731
"FBgn0046114",101.14841687925,0.0733676422840686,0.166454988822852,0.4407656556461,0.659382659539405,0.795919615965657
"FBgn0039003",172.927635465983,0.0349377422860151,0.131934540297603,0.264811187481357,0.791154918117685,0.884676078209171
"FBgn0039004",205.378376191942,0.182873174123075,0.119619308423512,1.52879310650763,0.126315741851695,0.257126327977742
"FBgn0039006",193.41366097806,0.503147470219207,0.12257370305605,4.10485656935019,4.04565812489334e-05,0.000279123516404084
"FBgn0051151",556.869225111346,-0.326734682669531,0.0792399672917022,-4.12335711178096,3.73390122241751e-05,0.000258843438748694
"FBgn0024958",221.104837114278,0.237956375276308,0.114181835530776,2.08401252414769,0.0371590280646572,0.0996163612139242
"FBgn0039013",43.5396343724466,0.0714402875001768,0.257046465928048,0.27792752272336,0.781067995828584,0.87717715098078
"FBgn0039016",305.803321342771,0.00263971079466802,0.0963513359822203,0.027396722295113,0.978143312498504,0.988361214348143
"FBgn0039017",41.2514611482428,0.0689754466524507,0.261181109244109,0.264090488213617,0.79171019309757,0.88475227701182
"FBgn0039018",94.5849402420893,0.221478253146243,0.172621747474482,1.28302636479209,0.199482839450583,0.358102996938098
"FBgn0039019",53.7923868855802,0.346655497548773,0.224761082388948,1.54232883141614,0.122993706181261,0.25277207225088
"FBgn0039020",22.1040463001091,-0.178351849014214,0.350443937003658,-0.508931187507896,0.610800458442276,0.75997008573097
"FBgn0086253",193.786686081199,0.228325391441836,0.120089631344901,1.90129146775444,0.0572638460269289,0.139698402077112
"FBgn0039026",678.848222050097,-0.528012043541658,0.0697784416129947,-7.56697959048899,3.8200188841482e-14,9.03988182193378e-13
"FBgn0039025",56.1979479989346,-0.287692421565232,0.237377176394045,-1.21196328111876,0.225526436643409,0.391224823833421
"FBgn0039022",24.6217773621899,-0.265169202014414,0.33079914158054,-0.801601844392492,0.422783310387598,0.603916781353893
"FBgn0039023",37.1984004126236,-0.425590428011461,0.27370812789619,-1.55490606465613,0.11996844279746,0.248523164221142
"FBgn0039024",42.7644400920572,-0.505842564987192,0.266164595536907,-1.90048779390364,0.0573691353008713,0.139908280617935
"FBgn0039044",74.4369660407743,0.432845821946355,0.197740859630561,2.18895489154361,0.0286001187849258,0.0813546840142859
"FBgn0041225",10.002725572892,1.27382563972406,0.552308288132315,2.30636705458762,0.0210901312464076,0.0635239649689681
"FBgn0039045",250.873635331569,-0.136187990747773,0.108566388698797,-1.25442130276258,0.209688913563512,0.37044979678876
"FBgn0053193",74.3661576820256,0.343895207167741,0.191987160999558,1.79124065055857,0.0732546854929795,0.169004537982374
"FBgn0027526",71.6393250847252,0.755017559469087,0.196915302975341,3.83422490817605,0.000125960851311962,0.000773546563636012
"FBgn0039049",57.8283042834852,0.298818663482895,0.21743942727741,1.37426163793957,0.169360471272991,0.317523567431814
"FBgn0039051",10.0295549738585,0.342953776772191,0.525197842117294,0.652999211477335,0.513756786864668,0.684851936985653
"FBgn0039055",288.852211790793,-0.0827134613308735,0.0992246840645639,-0.833597628560381,0.40450776241166,0.586342556648187
"FBgn0039056",430.524322816753,-0.0580073978921087,0.0817928312466677,-0.709199046028522,0.478200965414298,0.652541324893854
"FBgn0051365",153.03766818679,-0.258046730959764,0.142257502045873,-1.81394110854381,0.069686792934335,0.16289399957141
"FBgn0051457",35.6241224995832,-0.0421767522429547,0.275104715208193,-0.153311629759004,0.878152529874615,0.934834333189314
"FBgn0004395",241.245322061335,-0.0349910757863843,0.10701552863143,-0.326971947285299,0.743689102879648,0.851252770193893
"FBgn0039060",21.6788797278623,-0.713826166019567,0.358597039736886,-1.99060808350042,0.0465239908735955,0.118887370276705
"FBgn0039061",234.502902009379,-0.372230522502769,0.114447344642727,-3.25241728993163,0.00114427893172142,0.00537918196318178
"FBgn0000338",507.758375753296,0.158338396236112,0.0764824032999682,2.0702591629489,0.0384280815795403,0.102338714323812
"FBgn0011596",20.8464745810302,0.83620598855478,0.365182828955703,2.28982833323801,0.0220312700107335,0.0661120101726472
"FBgn0039065",68.4334792996124,0.361978767034596,0.198237627864912,1.82598415312588,0.0678526488899629,0.159272857572078
"FBgn0039066",237.533820098652,0.243793901352202,0.109334091969566,2.2298067964022,0.0257602720103872,0.0747995108535024
"FBgn0039067",91.0418567440003,-0.205616288994285,0.185969291339137,-1.10564646191677,0.268879571315943,0.44325166453604
"FBgn0039068",17.7822268486108,0.217158754602213,0.398530653068359,0.54489849884888,0.585823328775935,0.740516579170237
"FBgn0004882",10.5011483617557,0.0206634095298133,0.508289362214966,0.0406528467166195,0.96757265336177,0.982860084825679
"FBgn0025781",104.20271708128,0.47650982948377,0.163454458733739,2.91524521983206,0.00355409165072156,0.0143526825138922
"FBgn0039069",9.77384828439818,-0.330594480872798,0.524895210456914,-0.629829486508402,0.528806151395431,0.69613365978458
"FBgn0003118",1741.19972521847,-0.0726743844553674,0.0473668992567201,-1.53428629688182,0.124959235383214,0.25522317825669
"FBgn0020756",566.418604210073,-0.0360715613613058,0.0731558145677315,-0.49307852799464,0.621957101938267,0.769371419305553
"FBgn0016119",663.397621858086,-0.0191495513268173,0.0684653537287833,-0.279696960343997,0.779710010586519,0.876404234709704
"FBgn0024509",585.034749471579,0.0374223117394231,0.0721046469830538,0.518999999378933,0.603760741683862,0.7541167975511
"FBgn0002622",10191.5438922331,-0.205655809214436,0.0298168358885392,-6.897304931456,5.2998342538038e-12,9.82226935048076e-11
"FBgn0039073",44.9722366965559,0.709669216947599,0.247477602725791,2.86760987310001,0.00413585170209256,0.0164280823486618
"FBgn0039098",79.2343731880579,-0.972833357828464,0.190630686149222,-5.10323588232249,3.3389439446691e-07,3.36908718861403e-06
"FBgn0039099",9.49786406467836,0.218865186635496,0.536905511621983,0.407641906998324,0.683536592958674,0.812482550367272
"FBgn0040227",962.832810040056,-0.258311107097917,0.0602165360724548,-4.28970385787564,1.78911523942586e-05,0.00013469349445004
"FBgn0039101",75.7367015432408,-0.807514343468431,0.195113470870778,-4.13869088517851,3.49293189223018e-05,0.00024589292826601
"FBgn0027512",191.721070063601,0.243873116838288,0.121782737655612,2.00252615052828,0.0452281734890539,0.1162712952576
"FBgn0039108",55.3153411152939,0.55406675235808,0.228810760794952,2.42150653419052,0.015456323164516,0.0495494330623117
"FBgn0039109",131.098630885544,-1.26040972468767,0.152816019794125,-8.24789002086107,1.61215631278975e-16,4.48747724613699e-15
"FBgn0028691",282.475509792469,0.347472279266357,0.103801874269324,3.3474566977934,0.00081556728156322,0.00401429288655609
"FBgn0001205",97.7354298074035,0.146132047034075,0.167777713302548,0.870986045509871,0.38376177247461,0.568173889755052
"FBgn0039110",186.669974061665,-0.0934523526724055,0.127990615919122,-0.730150034838948,0.465298480105734,0.641319191418736
"FBgn0028684",296.146142756779,0.481216669117378,0.103196952718577,4.66308991147905,3.11496574823119e-06,2.70373072412181e-05
"FBgn0028475",419.711440864465,-0.0365957728484652,0.0852463851279691,-0.429294131282269,0.667709187186416,0.801086191549829
"FBgn0039111",52.7675537477246,-0.0288039094139174,0.23206329028357,-0.124120921403469,0.90121953336501,0.947764085947675
"FBgn0039112",85.0475683753535,0.209014044638422,0.179151093417682,1.16669142594132,0.24333500661136,0.412830992286291
"FBgn0039113",131.728233502924,1.13892063510246,0.150835553416644,7.55074390158197,4.32779102960592e-14,1.01752109482482e-12
"FBgn0039114",31.5685227758485,-0.146428031680441,0.315622576558958,-0.46393395959458,0.642695061357966,0.783945537401884
"FBgn0039115",33.6578551405125,0.102753681665189,0.298446315836364,0.344295359710616,0.730624173637802,0.842433508158813
"FBgn0039116",51.0045189117385,-0.183105367357435,0.233589668439381,-0.783876138789727,0.433112792096434,0.613844017670814
"FBgn0039117",140.158167353296,0.0569321468212591,0.141235376109066,0.403101180381993,0.686873792291466,0.814450481638241
"FBgn0039118",10.3234660103207,0.274760423310505,0.528574045003615,0.519814443988875,0.603192911093998,0.753861431119542
"FBgn0039120",1149.90585287348,-0.0757559347562402,0.0565287185979728,-1.34013182387893,0.180202491438207,0.332084741694263
"FBgn0015513",1015.67176380334,0.118382099553918,0.0586241432889775,2.01934037603542,0.0434518540501136,0.11306508584315
"FBgn0053111",64.6253240707658,-0.195920269459642,0.206880601131489,-0.947020979193304,0.343628088756471,0.527403869948837
"FBgn0260634",613.757322634568,-0.149065019445887,0.0714795162078811,-2.08542289251605,0.0370309306320805,0.0993829741566548
"FBgn0085384",13.051170676378,-0.449979544726852,0.453313734327627,-0.992644852012435,0.320883058900822,0.502308860787432
"FBgn0025574",136.759714504581,0.489781601604601,0.144682995165563,3.38520502042508,0.000711251092563409,0.00356607259314918
"FBgn0013347",199.325029321338,0.400781790046349,0.123235253847774,3.25216833278415,0.00114528172079349,0.00537918196318178
"FBgn0016754",193.805189346724,-0.579768050718951,0.120118248924397,-4.826644210272,1.38852858776552e-06,1.27691901140715e-05
"FBgn0039125",257.846397535703,0.502863711413419,0.108899769694369,4.61767470055007,3.88063946211606e-06,3.3051401749441e-05
"FBgn0039126",93.7331761858638,0.272679298897938,0.171333396446137,1.59151283143833,0.111494210033228,0.234444409809379
"FBgn0039127",19.1798379695176,0.070600767425807,0.379348751625103,0.186110451460189,0.852358146024287,0.920663385499025
"FBgn0047114",56.8282107819165,0.00481565189212081,0.229080951048359,0.0210216164638858,0.983228412040261,0.990454022944051
"FBgn0015282",506.148995685789,-0.116231168192615,0.0784618337197726,-1.48137205928345,0.138507456008123,0.273885864969791
"FBgn0039128",36.8620278682184,0.224941818898444,0.278927659227311,0.806452180187437,0.419982170264347,0.60157146430806
"FBgn0039129",12.0204199504202,0.667820694903822,0.48950438899642,1.36427927903361,0.172479684849917,0.321711145169357
"FBgn0039130",483.146752698774,-0.0408872326542559,0.0782539726929988,-0.522494018478298,0.601326410061797,0.752175683384806
"FBgn0001098",125.518338124432,-0.334190493247405,0.148577417388398,-2.2492684226284,0.0244954235703303,0.0720261605600675
"FBgn0005674",1274.07399187732,-0.0522279351026496,0.0542709071396837,-0.962356036692442,0.335870789396867,0.518618764074015
"FBgn0039132",162.737662678995,0.556003683861882,0.132312531470591,4.2021997287949,2.64333749314075e-05,0.000192616317830166
"FBgn0051140",114.467089360376,-0.0627612999274352,0.155234922589774,-0.404298845133508,0.685992974621432,0.813923258419187
"FBgn0039135",223.735870829958,0.0938532566627303,0.117477133854059,0.798906592148592,0.424344576228278,0.60535981901481
"FBgn0039136",297.03288823409,-0.0102062381977131,0.101556942409359,-0.100497690808507,0.919949216025866,0.959480652804985
"FBgn0039137",85.6654479564093,-0.256632605810937,0.185603352861575,-1.38269380296344,0.166758772868928,0.314267830062973
"FBgn0015795",707.592024892668,-0.41821135738735,0.0668738056270349,-6.25373946444407,4.00739332352946e-10,5.95372443669562e-09
"FBgn0053108",10.1785840371997,0.847473080319636,0.531282381905673,1.59514621448543,0.110679543008205,0.233161123381062
"FBgn0051184",97.6944456404674,0.627160529863513,0.170227670320709,3.68424550886434,0.000229381073114397,0.00129887256132197
"FBgn0020647",1002.7334917855,-0.0266896366872698,0.0653951292884289,-0.408128815978842,0.683179105381504,0.812310379277107
"FBgn0039139",64.4444812091146,0.357648383180637,0.208827623587322,1.71264882028926,0.0867771659938621,0.193207511782227
"FBgn0039140",225.648733601396,-0.144316071108341,0.113139283206792,-1.27556112269657,0.202110704492482,0.361569630174313
"FBgn0039141",178.829475031226,0.137981372577494,0.126376639982062,1.0918265638102,0.274909340785484,0.449823504686157
"FBgn0005649",685.240181839551,0.117383312630106,0.0676842167766574,1.73427895335548,0.0828685999605433,0.186171411288506
"FBgn0043455",64.7904900144036,-0.692812684956806,0.207450851590903,-3.33964734125577,0.000838848391745506,0.00411216839813165
"FBgn0010709",57.891838148531,-0.0923268144358551,0.215402563914288,-0.428624491547804,0.668196519103101,0.801196189352043
"FBgn0026576",201.789335870192,-0.436146376376126,0.1183250442109,-3.68600222619608,0.000227804358223587,0.00129095059476939
"FBgn0039145",19.3831788213538,-0.498304228053397,0.375555287641603,-1.32684652420321,0.184559456890963,0.338079791808585
"FBgn0001230",54.2696857976587,-0.0926287454438836,0.222644624069663,-0.416038544972463,0.677381798242825,0.808473593598509
"FBgn0040283",459.070472113215,-0.121193835361752,0.0823144221060838,-1.47232808371735,0.140932303078019,0.277247002941187
"FBgn0053100",162.479994043208,0.21878036387131,0.13406244763057,1.63192875960457,0.102694494660887,0.219951504631882
"FBgn0013343",860.907680545187,-0.107728914440078,0.0614369914193135,-1.7534861644643,0.0795185923448858,0.180475655540642
"FBgn0039149",22.4325108851863,0.207783101164133,0.36851750709078,0.563835088336652,0.572866369635964,0.729513440035982
"FBgn0039150",103.552049535392,0.00276937483940244,0.175085279349485,0.0158172911491579,0.987380153820167,0.992059202114016
"FBgn0039153",51.3028857816881,0.352156170930722,0.231208453071733,1.52311114170841,0.127730901825255,0.259498042997896
"FBgn0026317",212.49506798812,-0.112691264867771,0.114369868218045,-0.985323028028027,0.324465424831894,0.5060629693868
"FBgn0027103",84.8287918203003,0.555574320475288,0.186706907965114,2.97564951683039,0.00292368789888236,0.0121652878495878
"FBgn0039155",182.671900437255,-5.20375384888846,0.284797068221329,-18.2717957083897,1.38807028096109e-74,2.88123731176638e-72
"FBgn0051133",29.5163998434073,0.633386344519868,0.305770963191319,2.07144045958203,0.0383176531820994,0.102156972612092
"FBgn0046322",56.5793877617971,-0.667310602636475,0.223602720845797,-2.98435815142282,0.00284173928277482,0.0119064271808289
"FBgn0015765",90.0604459201471,0.165345781022478,0.174492974815282,0.94757844089433,0.343344105841169,0.52724475352697
"FBgn0039156",115.355100637431,-0.278835174273328,0.156273444571143,-1.78427739299232,0.0743786018464351,0.171000171650111
"FBgn0039157",126.632574749952,-0.0250500855972439,0.145718795558127,-0.171907031631012,0.863510618442834,0.927881177782457
"FBgn0039158",30.3272735714837,0.352533866565607,0.318143121325544,1.10809834610528,0.267819345170743,0.442005348174796
"FBgn0039159",14.8056660966537,0.106206377301158,0.421508625778059,0.251967269009293,0.801066363263292,0.890550440567378
"FBgn0026598",109.614858652984,0.620371935556535,0.16618336135804,3.73305685049872,0.000189169875925118,0.00109594828436681
"FBgn0039160",171.584644784235,-0.140662459677974,0.126537194832426,-1.11162935028119,0.266297547694132,0.439893516143217
"FBgn0029503",96.6783344848004,-0.225237142567976,0.176822609356718,-1.27380284335465,0.202733297241783,0.362415699916721
"FBgn0039163",147.398475582856,-0.0862299987951868,0.136039416058051,-0.633860400859047,0.526171930506527,0.693954258126192
"FBgn0039164",175.325446062873,-0.131940024885861,0.126535947984452,-1.04270783905672,0.297083626154523,0.475169369614349
"FBgn0039165",71.0356774432086,0.107782824828621,0.208327569811794,0.517371872220244,0.604896590930837,0.754867242783635
"FBgn0011725",170.889214526608,-0.0783226949577876,0.131171886248771,-0.597099707853909,0.550440812950193,0.711881889602055
"FBgn0039167",35.1235599707853,-0.056492269250623,0.273741309504641,-0.206371005358493,0.836501117713462,0.91125815267481
"FBgn0026257",45.5651587378804,0.402977114862967,0.247778915365377,1.62635757069456,0.103873611291803,0.222018766117961
"FBgn0039169",97.2092028739693,-0.468596027859221,0.172384642469252,-2.71831655736273,0.00656150286568818,0.0243210807751146
"FBgn0039172",465.022687812742,0.0480874797284471,0.0818188371955732,0.587731155522324,0.556712759969611,0.716604925793626
"FBgn0043884",2925.79578990163,-0.208583614253225,0.039813642414561,-5.23899853425467,1.61450320741043e-07,1.7098200877313e-06
"FBgn0039175",190.608013449808,0.304674979298442,0.120841094176658,2.52128616820563,0.0116926717519978,0.0394919852525634
"FBgn0011225",258.451367579183,0.0459993703768408,0.106894938940528,0.430323183050161,0.666960565387969,0.80078215888111
"FBgn0086365",816.913333191922,-0.524063926399219,0.0639361139541475,-8.19668093645881,2.47115212326768e-16,6.77468685869424e-15
"FBgn0019952",324.05446951862,-0.120126110488753,0.0962488490142753,-1.24807841048505,0.212002343752245,0.373652845065517
"FBgn0039179",110.556664428543,-0.116259996104788,0.156701512502407,-0.741920063490147,0.458135768960012,0.635061316827798
"FBgn0259685",95.3331574440465,-0.072065678518243,0.169516364450928,-0.425125201048686,0.670745407640139,0.80324424976012
"FBgn0028471",224.96157044567,-0.140903455853362,0.111278419553839,-1.26622445230892,0.205432735490378,0.366040894523637
"FBgn0011785",621.295739752785,-0.173135441805986,0.0714044296620323,-2.42471570216949,0.0153203790364619,0.0491836295624815
"FBgn0039182",323.193205864721,0.0158677432038739,0.0948279384272948,0.167331943170311,0.867108871440552,0.929547875315864
"FBgn0039183",236.928881783836,-0.0781357654390922,0.11373799477396,-0.686980332248491,0.49209512240941,0.666120936147636
"FBgn0039186",359.603280128109,-0.146001554512697,0.0949263060878607,-1.5380515742134,0.1240360050523,0.253980151269718
"FBgn0039187",300.157157615625,0.0417970434810106,0.0990409490271623,0.422017800632621,0.673012024629049,0.80524248335475
"FBgn0039188",94.8659888082976,-0.224473151836649,0.168789466337899,-1.32990024026308,0.183551142262457,0.336906879873125
"FBgn0039189",41.6460178470095,-0.3368567009511,0.264045289276216,-1.27575349620692,0.202042671231925,0.361536947413778
"FBgn0003134",377.805388985604,-0.309950115182359,0.0943935487280192,-3.28359426421644,0.00102492362078356,0.00490518452239298
"FBgn0039204",144.78601432824,-0.0409148653504348,0.145224805182008,-0.281734689188646,0.778146953339633,0.874978736420435
"FBgn0039205",18.2972538751532,0.357551314179894,0.383545100753288,0.932227561967702,0.351218934351655,0.535489099279072
"FBgn0039206",249.699686016649,-0.161776184938111,0.106456677984499,-1.51964337043907,0.128600631382418,0.260530307257596
"FBgn0039207",565.166384119985,0.0491375747282847,0.0755801036915148,0.650139022418426,0.51560242487225,0.686179083476259
"FBgn0039208",1250.63735679677,-0.242441775593906,0.0546466017197739,-4.43653892399642,9.14168111922611e-06,7.3224160232831e-05
"FBgn0039209",459.402593649237,-0.550653698900958,0.0878092851407995,-6.27101903879529,3.58692751187866e-10,5.37299554098937e-09
"FBgn0039210",88.7402306518275,-0.18836119407451,0.175330079809101,-1.0743233236396,0.282677795030956,0.458404951093727
"FBgn0083077",376.990316361114,0.166483785449428,0.0877391391789215,1.89748596814845,0.0577638289950474,0.140634791437339
"FBgn0039212",102.335720047466,-0.413075447439455,0.172050644864812,-2.40089450268569,0.0163550508935384,0.0518076959392188
"FBgn0039213",503.679177739734,-0.0501000832128829,0.0790672917211742,-0.63363853905048,0.526316743636857,0.693954835303405
"FBgn0046685",314.849675888555,0.0497601541762675,0.102278397722293,0.486516755095995,0.626600828788205,0.772616262923678
"FBgn0039214",848.345403285255,-0.130975811521583,0.0634268733727272,-2.06498924756869,0.0389240176829136,0.103356563453282
"FBgn0000139",191.746149335364,-0.554443834953157,0.122114582684562,-4.54035728382546,5.61589817058438e-06,4.64686790538673e-05
"FBgn0051125",8.45949666783588,1.0085255904801,0.617960456291198,1.63202285876503,0.102674670820927,0.219951504631882
"FBgn0039215",297.340263679734,-0.128539526339055,0.107140313388827,-1.19973072948337,0.230243934498396,0.397132522348255
"FBgn0051126",24.8193888440185,-0.392581382290983,0.333315401343648,-1.17780750816921,0.238873354721332,0.407585760782428
"FBgn0020018",63.4353566236563,0.079629230505861,0.20709316930986,0.384509207962899,0.700601072515586,0.823603040748501
"FBgn0039218",67.9039862967847,0.570655175553111,0.21078799290212,2.70724706704758,0.00678437462072538,0.0249988466522178
"FBgn0039219",110.410259877804,0.221255242881448,0.161192055727899,1.37261878001568,0.169870890490877,0.317988152387585
"FBgn0000140",280.923985969244,-0.0340989365031728,0.101401590265332,-0.336276151231437,0.736662632379026,0.84694635610597
"FBgn0040600",170.959855973997,0.191956645429067,0.129725788840243,1.47971075871014,0.138950453188436,0.274388432295186
"FBgn0259233",82.0633007753413,-0.519388168102997,0.181812820858514,-2.85671915572545,0.00428044391045256,0.0169283750731834
"FBgn0039223",212.685798050083,0.148748597185172,0.113694569670759,1.30831751785441,0.190765635836112,0.346045529175868
"FBgn0039226",17.0089597924755,0.599673824920851,0.399341148895915,1.50165798485533,0.133185459916498,0.267129597661803
"FBgn0039227",387.993609137892,-0.0950040574829239,0.0886440946507827,-1.07174716891403,0.283833608317133,0.459766145913929
"FBgn0027539",139.817709359734,0.526129960135696,0.142981508502913,3.67970631758285,0.00023350270946981,0.00131605677602651
"FBgn0083986",34.8276570985974,-0.0929672746235073,0.291793653731462,-0.318606225442673,0.750025132072216,0.855351127523839
"FBgn0027617",69.2707124522038,0.133861868216925,0.195512952391768,0.68467007724733,0.493552135238609,0.667347154756838
"FBgn0039229",428.818624634285,-0.265907954827951,0.0872981372391286,-3.04597512888013,0.00231927018953754,0.0100175374120037
"FBgn0051118",9.09002023193375,-1.74540685371567,0.59079375309904,-2.95434209410652,0.00313336458144836,0.0128900870239084
"FBgn0051357",117.656037108864,-0.138641652899252,0.152689889966659,-0.907994975499199,0.363880876284288,0.548778015606439
"FBgn0013953",9.87750777985277,-0.566714547386744,0.520517093065616,-1.08875300146062,0.276262822174789,0.451523614542607
"FBgn0039233",71.2935271077671,-0.130882026958991,0.195484085866002,-0.66952778472569,0.503158862894804,0.675329412591672
"FBgn0039234",592.364023228793,0.0962052313007628,0.0724227439861364,1.32838423409059,0.184051205124798,0.33745796329139
"FBgn0015625",76.065904392304,0.273135469330862,0.194800517682128,1.40212907327361,0.160876706704534,0.306201014987801
"FBgn0039240",277.783982691779,-0.255127629029737,0.100727020497371,-2.53286186536607,0.0113135526979749,0.0384618438702797
"FBgn0039241",120.237927227839,-0.286899307665026,0.153744003721855,-1.86608453480936,0.0620295393223209,0.148515213926079
"FBgn0043799",17.5603806533008,-0.0831506419894609,0.3912673527759,-0.212516176981129,0.831704358598805,0.909351910765243
"FBgn0051120",197.270728542808,0.101879688899713,0.118118295657671,0.862522510441393,0.388400051319866,0.571999994208076
"FBgn0039249",51.0801111505555,-0.169529569466468,0.227838168874661,-0.744078879775977,0.456828755793274,0.633612239564363
"FBgn0039250",381.257306103818,0.0936176761993453,0.0910105244606258,1.02864670601747,0.303645721788505,0.482921665672831
"FBgn0039252",201.240890010627,0.190074123186004,0.121743540967263,1.56126659103102,0.118460862839004,0.246101849735591
"FBgn0020626",365.447916921388,-0.335724289731094,0.0935933642258013,-3.58705227136758,0.000334437300770639,0.00181319924634231
"FBgn0029157",276.349380358359,-0.366628247919885,0.101548632315118,-3.61037110556243,0.000305759218936013,0.00167863048300798
"FBgn0039254",64.9541509891907,0.061430341834497,0.203039496721094,0.302553654961434,0.762230037899636,0.864079571345912
"FBgn0039257",132.231992216278,-1.16493425862815,0.151278320942416,-7.70060277884484,1.35425861307377e-14,3.32388135945302e-13
"FBgn0039258",64.8697008033196,-0.0820515892008895,0.212817188245892,-0.385549634769565,0.699830240030528,0.823274241700124
"FBgn0039259",28.6013123968154,0.261448651029208,0.313435871436436,0.834137617468679,0.404203439411933,0.586135326811915
"FBgn0015240",139.002077021954,-0.265007994730292,0.140467821404566,-1.88660998711607,0.0592128024886326,0.143298137934682
"FBgn0039260",317.175251563833,-0.121853463377634,0.0969650485406933,-1.25667408217195,0.208871676847386,0.369811884918063
"FBgn0039261",305.875623632101,0.0505056394058634,0.0974524168936356,0.518259485149431,0.604277236408827,0.75430826847253
"FBgn0045866",405.937523491286,0.359983182803719,0.0852037995964226,4.22496631029156,2.38976526227856e-05,0.000175725148081516
"FBgn0259178",57.8638598699088,-0.342237201867685,0.21460632678793,-1.59472093386081,0.11077465464732,0.233268946670371
"FBgn0039265",158.233921667137,0.105602294931586,0.138050081614338,0.764956410722022,0.44429750117558,0.622770855882807
"FBgn0039266",282.323295741048,0.30576581764076,0.100967037520514,3.02837267636616,0.00245874662759378,0.0105221137498135
"FBgn0051109",26.5251187625606,0.0983796425794189,0.320153996616241,0.307288503717614,0.758623785371803,0.861291108099101
"FBgn0051111",18.4908388788264,0.417251799793028,0.38341763097949,1.0882436436924,0.276487562360402,0.451592207857086
"FBgn0085378",205.016511395848,0.331801772948979,0.119122001195617,2.78539455028217,0.00534626260667357,0.0204209242047758
"FBgn0039269",66.5113558450329,-0.00394815561183024,0.207759075767132,-0.0190035289541601,0.984838290220632,0.991062952140316
"FBgn0039270",31.0487102296836,-0.443852117442357,0.298836842858539,-1.48526571622383,0.137473449833481,0.27250876208465
"FBgn0011336",909.987442721372,0.240595475746778,0.0598639356785175,4.01903872539936,5.84360667025236e-05,0.000389842079516836
"FBgn0039271",32.8190261196963,0.616973898774394,0.292485234806694,2.10941895642068,0.0349084346578519,0.0947365624913315
"FBgn0039273",78.8169720707071,0.787292707040923,0.196845041711409,3.99955569211217,6.34615130522612e-05,0.000418753762329407
"FBgn0039274",63.9873268201755,-0.198628209550293,0.207776442253185,-0.955970789548201,0.339086992427205,0.522363655636905
"FBgn0053096",116.51872819379,0.221270885678846,0.1574514092004,1.40532807424555,0.15992374382613,0.304946456403369
"FBgn0053095",212.063581423045,0.477119510439621,0.119178019451619,4.0034186894112,6.24336655869159e-05,0.000413097067840568
"FBgn0051108",104.667989564503,0.0702053993321803,0.171231470986217,0.410002897994327,0.681803821683554,0.811352131782313
"FBgn0051510",86.1524610955234,0.0267204282486643,0.176933899094841,0.151019269825402,0.879960515112466,0.936141915696597
"FBgn0046214",817.430176758837,0.250042742916305,0.062770560723841,3.98343968944881,6.79249154156235e-05,0.000443373324792906
"FBgn0259152",168.902788381138,0.421311631605041,0.143131564755228,2.94352704328729,0.00324495471610162,0.013303948088306
"FBgn0022800",16.0459719612268,-0.0217311623217962,0.417246431306793,-0.0520823204017238,0.958463100120631,0.978444363714638
"FBgn0039290",69.1220943272948,-0.379071958876566,0.199097227126728,-1.90395398442833,0.0569161773756119,0.139130561451487
"FBgn0039291",32.1805577070278,0.166289772669459,0.291554296828721,0.570356103402411,0.56843619596496,0.726546263843321
"FBgn0039293",189.335179076976,0.177301827666651,0.12273210890945,1.44462463198984,0.148563350120649,0.288509152265842
"FBgn0039296",161.087294418245,0.667356627112526,0.133943205212245,4.98238507922101,6.28052913319672e-07,6.05146474173398e-06
"FBgn0039300",4023.0795110748,-0.163370995931331,0.0396010331689297,-4.12542256749778,3.70054674323067e-05,0.000257021721697618
"FBgn0039301",58.9383619105697,-0.109947679253365,0.217749573579016,-0.504927185143109,0.613609979433616,0.762390657063009
"FBgn0039302",2019.55050962931,-0.171427068815853,0.0439018758310539,-3.90477777021534,9.4312010863379e-05,0.000596324420298041
"FBgn0039303",522.903415042859,-0.0920233858450683,0.0753339105585521,-1.22154000984118,0.221881626547309,0.386934713602064
"FBgn0039304",149.457311991574,0.450458963842851,0.1425155638647,3.16077031607932,0.00157352523762092,0.00715820967521352
"FBgn0039305",53.1358026807523,0.250951374609884,0.231461807768362,1.08420208512769,0.278275207367445,0.453492458843536
"FBgn0027090",336.614605951156,0.0670333277621155,0.0930611972521254,0.720314478444823,0.471331392309519,0.647022797111797
"FBgn0039306",124.054990215897,-0.121547500599491,0.149004850828191,-0.815728480810607,0.414655445885813,0.596765414889151
"FBgn0051098",50.1559768331482,-0.575261601768122,0.241478389274223,-2.38224879459029,0.0172072675682259,0.0538607491956748
"FBgn0051370",80.3805849343825,0.569248300531182,0.19383690760666,2.93673845481646,0.00331683710892113,0.0135451498573985
"FBgn0051436",35.7004471002355,0.670125744911386,0.280709222909106,2.38725944935687,0.0169745072337338,0.05322127499618
"FBgn0039321",33.8165239306684,-0.488626498031509,0.298647243540197,-1.63613262335616,0.101811833801614,0.218641138802462
"FBgn0039323",16.8675543897768,0.397786392832544,0.399640523682415,0.995360503402442,0.31956096095303,0.500778770777343
"FBgn0045761",235.021086550523,0.0217672552718295,0.113838534039969,0.191211661810289,0.848359767381436,0.918392744751323
"FBgn0039328",62.7259762640482,0.0619191949881862,0.208270022644156,0.297302483583917,0.766235585697404,0.866713686451543
"FBgn0039329",17.4123387177142,-0.0495478730946068,0.403498950831464,-0.122795543811221,0.902269003078474,0.947799928768814
"FBgn0028647",68.3659889417004,0.0412066282727176,0.206935526225317,0.199127858924768,0.842162729317708,0.91457878930938
"FBgn0004509",381.722192018293,-0.144222697084052,0.088967873591371,-1.62106489974646,0.105003720749501,0.223802139004004
"FBgn0039335",60.5693158970932,0.249992768486284,0.212762871240455,1.17498305521433,0.24000149504655,0.408818490389961
"FBgn0039336",27.5929038385487,-0.136304843162641,0.331811778718027,-0.410789646133907,0.681226785919645,0.811329934378069
"FBgn0039337",48.1079881449081,-0.0642179584008339,0.250047232543495,-0.256823311930331,0.797315173203293,0.888324173542585
"FBgn0039338",803.244445150243,-0.102491495317418,0.0635072821596394,-1.6138542200528,0.106559050610675,0.226478173305909
"FBgn0039339",60.7597331444727,-0.243022645503243,0.220293179269057,-1.10317825685572,0.269949761702366,0.444447552439665
"FBgn0040212",138.012919859085,0.352310037446864,0.145889113570073,2.41491656797026,0.0157388143555535,0.0501502132864457
"FBgn0039341",310.386033985813,0.318441037813584,0.0954475397697975,3.33629382780958,0.000849033772708459,0.00415648946005859
"FBgn0053494",455.869608685784,0.478840221842555,0.0826997823435487,5.79010256464004,7.03434565196902e-09,9.15851633719622e-08
"FBgn0011666",429.690582071333,0.032652748842345,0.0824373889686237,0.396091497448723,0.692037530515926,0.816621933844851
"FBgn0039348",207.645272134398,0.0593063445842324,0.120065856313476,0.493948457997847,0.621342580637521,0.768742140383446
"FBgn0039349",97.7508089208128,0.0749853212913671,0.165350707192335,0.453492595009858,0.650194074317524,0.790041804635694
"FBgn0039350",58.653005389686,0.373432766045305,0.219029933548142,1.70493941168651,0.0882057249541056,0.195788142924405
"FBgn0027508",180.004676210696,-0.197885619756383,0.126286208878781,-1.56696144031316,0.11712370491872,0.24367231278193
"FBgn0039352",154.064827195873,-0.449328301475231,0.137290651341579,-3.27282518572442,0.00106478310792042,0.00506091773122723
"FBgn0039354",10.7385145240485,-0.295641130928033,0.495196967086078,-0.597017248848867,0.550495864526407,0.711881889602055
"FBgn0039355",30.0612306311467,0.448628336536298,0.302742108258445,1.48188284450114,0.138371470558565,0.273691460279873
"FBgn0039357",21.2934083556282,0.435970450845395,0.358807222484095,1.21505483592856,0.224345177598267,0.389734030428362
"FBgn0039358",261.433852531912,-0.173474405939922,0.112953090949678,-1.53580928579641,0.124585161625243,0.254817342119197
"FBgn0039359",5391.85946426844,-0.220229528367925,0.0350056808484897,-6.29125110638797,3.14917431921793e-10,4.75649717861086e-09
"FBgn0039360",89.8629208008086,0.0563512460344836,0.177490471157026,0.317488852596653,0.750872696635949,0.855834662858515
"FBgn0051092",46.1311842205489,2.16524851233461,0.285999969832968,7.57079979273833,3.70933348217074e-14,8.80663651894458e-13
"FBgn0040602",107.785899025638,1.02886976926533,0.167186097706622,6.15403902225646,7.55340860258303e-10,1.07178737300324e-08
"FBgn0039379",204.133962931312,0.205748518332203,0.116582067045845,1.76483848284568,0.077590914979927,0.17703213409457
"FBgn0027865",161.404037138503,0.870023134701098,0.134930180741783,6.44795056167654,1.1337273152493e-10,1.80230392675846e-09
"FBgn0039381",188.012065278036,0.877298300724138,0.124983119858894,7.01933430462138,2.22927811212455e-12,4.35368427004969e-11
"FBgn0028717",363.716825653038,-0.37110905154938,0.0890403803155855,-4.16787361233251,3.074543187165e-05,0.000220716959039069
"FBgn0039385",198.403800269611,0.278720819404105,0.130105747960243,2.14226368760644,0.0321722691350368,0.0891084770362343
"FBgn0250757",26.7415683494698,1.06262780279263,0.327178659743161,3.24785181168848,0.00116279813491761,0.00545366588132758
"FBgn0015269",382.243508183225,0.115402769222167,0.0869064454001262,1.32789655233097,0.184212283856798,0.337609295962163
"FBgn0002733",84.7347940499144,0.318788869598143,0.179158345107834,1.77936935846481,0.0751792266280617,0.172573207118227
"FBgn0001139",1134.17197001236,-0.359423751671322,0.0568422257993295,-6.32318222267013,2.56230836947411e-10,3.94389201360793e-09
"FBgn0260946",383.855752664292,-0.0941094980808933,0.0907229032314646,-1.03732899553257,0.299582557014374,0.478344456419655
"FBgn0039402",327.61557723878,0.11057406349058,0.0944103485385804,1.17120702552427,0.241515572020309,0.410723462248957
"FBgn0039404",56.142806332821,0.087087794330922,0.225530503743457,0.386146409844343,0.699388240168554,0.82310960065196
"FBgn0039406",898.75827760244,0.155127867580377,0.0675713069625635,2.29576538554038,0.0216892995969164,0.065220513895529
"FBgn0039407",40.4587957691737,-0.00606104150493657,0.255249749991504,-0.0237455335612995,0.981055585702624,0.989362691578229
"FBgn0051324",199.176395416151,0.436437105685851,0.119034508412793,3.6664754742579,0.000245916492521982,0.00137864692437654
"FBgn0039417",56.5329522560797,-0.197263057092014,0.225317010615555,-0.875491187075051,0.381306703342344,0.565807434596023
"FBgn0039419",357.735141670251,-1.12319194322948,0.0926448957055458,-12.1236246711241,7.91782619458168e-34,5.75230073036359e-32
"FBgn0000064",2185.58825170495,0.19385153281142,0.0459775856426742,4.21621818766177,2.48433404031772e-05,0.000182494305388354
"FBgn0008649",94.2317543961975,0.504388013652427,0.17281126999671,2.91872175733695,0.00351469786031408,0.01421730509754
"FBgn0039427",187.375071866162,0.102278787241044,0.12553751548865,0.814726871429053,0.415228668368473,0.597235453513553
"FBgn0039430",144.603161797358,-0.061523367778994,0.139024250807424,-0.442536948925667,0.658100699032828,0.794995274106002
"FBgn0039431",801.194695406016,-0.0129878806708372,0.0702766757631607,-0.184810686188511,0.85337752587817,0.921216601115141
"FBgn0261263",1430.85273020104,0.2371901194629,0.0518029605998939,4.57869814227154,4.67878825905103e-06,3.92510354526625e-05
"FBgn0051082",11.7693627277119,-1.54261489366323,0.516942464654141,-2.9841133184818,0.0028440142219384,0.0119087973039669
"FBgn0039449",71.0456175354666,0.040689172818567,0.196255997562723,0.207327028594695,0.835754466939265,0.911127881499664
"FBgn0039450",356.769043744282,0.00508933413987843,0.0919266193847468,0.0553630077331322,0.95584926616872,0.977368725442601
"FBgn0039451",355.08126163442,-0.46502609376181,0.0980772923838981,-4.74142467087679,2.12220564693031e-06,1.89874680110205e-05
"FBgn0003717",1159.79120204751,0.148409516820064,0.0551421388944748,2.69139935075922,0.00711529646342654,0.0259855446313696
"FBgn0051072",181.036356959722,-0.0333547679303565,0.124552530997072,-0.267796789542082,0.788855742073647,0.883362381383126
"FBgn0039459",54.2626120239223,-0.237669662919766,0.224499841186888,-1.05866294454041,0.289753309428515,0.466601325923648
"FBgn0027889",339.420926912548,0.240317065928548,0.091497572897548,2.6264856904744,0.00862716197854004,0.0306635674041553
"FBgn0001197",961.924429683912,0.318435957284956,0.0590738640032278,5.39047111032988,7.02732127496197e-08,7.87862485533931e-07
"FBgn0026562",8146.01490538287,-2.44056505627228,0.0415701836091922,-58.7095087001879,0,0
"FBgn0004903",216.675638209962,0.313931754080514,0.114263045828943,2.74744780171959,0.00600610684079607,0.0225151528371432
"FBgn0039461",49.3492954061891,0.0898548685721054,0.234139923894512,0.383765686250876,0.701152122657412,0.823772994849703
"FBgn0004359",23.1494595871435,0.668464439803517,0.353294899169404,1.89208630346794,0.0584794829008145,0.141808415680931
"FBgn0004510",160.557370496435,-0.266783179829326,0.129899895203231,-2.05375977718796,0.0399989477349588,0.10578534957935
"FBgn0015541",517.560437045903,0.483297941054114,0.0767957132679123,6.29329321244876,3.10800458100634e-10,4.70409443354397e-09
"FBgn0039462",32.601454724287,0.768141020036752,0.291614736042741,2.6340953494345,0.00843617935405096,0.0300435504937158
"FBgn0039464",205.085629197431,0.804368521305077,0.119179864662757,6.74919814333733,1.48664452698352e-11,2.60880977983943e-10
"FBgn0039465",130.687873971919,0.69993026837477,0.147151277375522,4.75653545696778,1.96943660919839e-06,1.77738595848774e-05
"FBgn0039466",478.228938458814,-0.183027750469982,0.0811952380780829,-2.25416853010481,0.0241855677514596,0.0712522910439393
"FBgn0039467",1476.38777786239,-0.193823110960006,0.0509313320672879,-3.80557709945494,0.0001414739346709,0.000857936673943313
"FBgn0051075",411.698281281788,0.201444917061247,0.0839223711315414,2.40037208607343,0.0163784139028241,0.0518267065666331
"FBgn0039478",8.60805769809293,-0.292834911996962,0.563217081064573,-0.519932583442703,0.60311056424844,0.753861431119542
"FBgn0003495",1739.40092950725,0.0276191032914096,0.0484033503588827,0.570603131531807,0.568268695292993,0.726546263843321
"FBgn0039479",39.624258125169,1.30461013061345,0.282764976615956,4.61376138667037,3.95446392758107e-06,3.36013806244169e-05
"FBgn0243514",1178.12577239125,0.450140588456038,0.0603926952178139,7.45356018360414,9.08545240675803e-14,2.08220226293682e-12
"FBgn0039485",18.3554510225124,1.58012372623241,0.677232113153319,2.33320850494679,0.0196372046829646,0.0598424043715343
"FBgn0039487",332.840496838708,0.356295966471655,0.0940322494130487,3.78908266786833,0.000151204595089721,0.000907102711252535
"FBgn0027574",134.189073889477,-0.0642982671279738,0.147532916531542,-0.435823195525501,0.662965013197066,0.798613964662027
"FBgn0039488",120.192731190313,-0.172147157513014,0.151981241022849,-1.13268687868612,0.257345769800737,0.428712913919365
"FBgn0039489",43.7218671350977,0.89062523367934,0.253664042782154,3.51104249506978,0.000446353039879116,0.00235220473047422
"FBgn0039492",290.181237522376,-0.105660738020874,0.104141678751354,-1.0145864680475,0.310302992472716,0.489982360156293
"FBgn0029155",1071.6808430331,-0.233007781034052,0.0553610696050288,-4.20887426302339,2.56646148827915e-05,0.000187767801735629
"FBgn0039494",536.70660732558,-0.539312410179498,0.0876056275278682,-6.15613888511828,7.45398610927971e-10,1.05974968853067e-08
"FBgn0085322",11.2295975107281,0.357230412657794,0.486068374900096,0.734938603506591,0.462376886669319,0.63874654528477
"FBgn0003482",13.3250387374858,0.287258301102926,0.448895747074536,0.639922082075838,0.522223257002427,0.690940076875366
"FBgn0004197",292.568837593856,-0.439495206356787,0.0984861824037526,-4.46250626869705,8.10065579617206e-06,6.5682214686596e-05
"FBgn0051063",182.332673369434,0.265863040731507,0.124656700385749,2.1327617361024,0.032944276627194,0.090460804980279
"FBgn0051064",189.629006352577,-0.0202613110947304,0.120230611251344,-0.16852040328044,0.866173893708174,0.929077221012854
"FBgn0051068",10.9121352918488,-0.160322076512563,0.50247527658606,-0.319064606724196,0.749677521795264,0.855234288545009
"FBgn0005696",180.564347332008,-0.360981404022095,0.12294222978228,-2.93618722111484,0.00332273715761798,0.013561621039379
"FBgn0042111",231.520692778207,-0.293141030244199,0.112057609788564,-2.61598503481657,0.00889704569443441,0.0314229640107273
"FBgn0039501",42.7605828008582,-0.45263058142012,0.25496820454466,-1.77524323955789,0.0758577329865684,0.173788093517496
"FBgn0011289",451.758334587096,-0.290901701897665,0.0829372108526813,-3.50749318559053,0.000452349939163061,0.00238139297682583
"FBgn0010441",205.935175659049,-0.342860160230175,0.121112561572342,-2.83092154751744,0.00464141040032796,0.0181680207749906
"FBgn0010328",1729.94075003483,-0.248308454726732,0.0485299687510105,-5.1166003423722,3.11091819505459e-07,3.16982057322183e-06
"FBgn0002441",450.562497393194,-0.0881856123573508,0.0817874706665498,-1.07822887342838,0.280931629616132,0.456490335307806
"FBgn0039505",88.0765006624394,0.464991113275025,0.178496156532856,2.6050483232082,0.00918613030279053,0.0323809978892641
"FBgn0046247",144.451541139426,-0.0355565790009926,0.140118531750072,-0.253760716422682,0.799680423942945,0.889690395091194
"FBgn0039507",311.575414202366,-0.420791994191661,0.0957432418793329,-4.39500465967084,1.10770377624757e-05,8.70938088142704e-05
"FBgn0039508",525.89968194734,0.166185710739458,0.0801755737845373,2.07277232821636,0.038193472867378,0.101863282078378
"FBgn0039509",136.117732190327,-0.60901237412755,0.142496107016137,-4.27388780564077,1.92093722077959e-05,0.00014387225679344
"FBgn0015737",1108.04321366985,0.0309847881938632,0.0577325779195754,0.536695039619168,0.591478282991069,0.74468669706388
"FBgn0040609",60.8560495412781,-0.649931998824624,0.215689360606867,-3.01327797067025,0.00258442076089599,0.0109928669952631
"FBgn0004387",552.115016005539,-0.332352936408124,0.0756574156736416,-4.39286662713637,1.11865759795409e-05,8.78599724230971e-05
"FBgn0039525",93.3643199517876,0.56102250619138,0.173579059043208,3.23208634315577,0.00122889917499187,0.00574144855711634
"FBgn0027492",1591.23394882668,-0.104130198139951,0.0494625542757227,-2.10523293155244,0.0352710369741247,0.0954354128927434
"FBgn0040080",559.610572808508,0.215678675462812,0.0732884318560924,2.94287474845027,0.00325179951918393,0.0133169805562972
"FBgn0039528",845.992868073204,-0.0757886388260646,0.0657565726494839,-1.15256370233979,0.249089508871959,0.419382452364956
"FBgn0039530",22.4027629925742,-0.143845597598292,0.350613284007229,-0.410268532767076,0.681608972601074,0.811352131782313
"FBgn0039531",42.6707050265648,0.226264854663841,0.25530330377248,0.886259015533471,0.375477968696401,0.560117005411098
"FBgn0039532",307.118658857177,0.185147430858392,0.0977076552198676,1.89491223018055,0.0581040306128216,0.141179191438846
"FBgn0039537",201.238175791385,0.139309870500092,0.121728820860459,1.14442799589579,0.252446183354397,0.423170628387862
"FBgn0039538",25.4110861602651,0.441234148981579,0.329037292765466,1.34098522776288,0.179925248816668,0.331818288948519
"FBgn0003330",149.938142510229,-0.208070370743126,0.139203231993252,-1.49472370550429,0.134986564925016,0.269713254725039
"FBgn0039540",28.069386604051,0.30391893360109,0.334117934981725,0.909615742769731,0.363025193286561,0.548224310351377
"FBgn0086346",983.857693137319,-0.0867057640947969,0.0573131759368328,-1.51284172753502,0.130319866691349,0.262846705028497
"FBgn0045862",213.024948021634,-0.355718675667838,0.120856117304458,-2.94332371088606,0.00324708695865895,0.013305181474708
"FBgn0039543",96.0423373821745,-0.063005341147545,0.1717125201586,-0.366923396671081,0.713676158823746,0.831039797059547
"FBgn0039544",306.965970414884,0.196067350412223,0.0959334098068923,2.04378590114637,0.0409747025933057,0.108012051647448
"FBgn0039554",240.443535325499,-0.0794928601683951,0.108072533218329,-0.735551002656733,0.462003990335358,0.638429153071061
"FBgn0039555",296.839498153678,-0.265022846313054,0.102612512532287,-2.58275369906437,0.00980152688442015,0.03410349272764
"FBgn0053213",45.9459976511174,0.0186426000755405,0.24792442651566,0.0751946887103637,0.940059810187402,0.968801309987003
"FBgn0039557",147.742257535385,-0.214878114694912,0.135066570031797,-1.59090524505306,0.111630901993944,0.234596037890079
"FBgn0039558",78.0551361177328,0.352954194554223,0.185341412091754,1.90434609605484,0.0568651245171177,0.139099370241367
"FBgn0003279",13766.8013342592,-0.557398648672376,0.0382815897306106,-14.5604885427909,5.00984899540452e-48,6.3853601669498e-46
"FBgn0027579",323.632757806463,-0.220272466949832,0.0950221268171954,-2.31811762510425,0.0204429292781891,0.0618824505025183
"FBgn0039559",565.495029171527,-0.317671180915379,0.0734060123794611,-4.32759076018497,1.50749232958511e-05,0.000115283492362482
"FBgn0039560",365.116725920349,-0.211879199669995,0.0940809358633136,-2.25209494065648,0.0243162729620701,0.0715793043231117
"FBgn0039561",338.164588316389,-0.275544018508188,0.0924326075858453,-2.98102613033265,0.00287284278515158,0.0119949441575438
"FBgn0039562",4407.87279110141,0.203234060325353,0.0385727827763332,5.26884620961416,1.37283918937275e-07,1.46671716335191e-06
"FBgn0039563",193.402666239844,-0.204485824452195,0.121096586891006,-1.68861757132961,0.0912927411443786,0.201104234206765
"FBgn0039564",10.7634113005291,-0.0259577880909976,0.500052647536269,-0.0519101103031655,0.958600318281935,0.978444363714638
"FBgn0039565",63.7031145521297,-0.00556371019433441,0.208411146283204,-0.0266958379796734,0.978702332761852,0.988498880510893
"FBgn0039566",258.521983174278,0.167960931329436,0.104486442333345,1.60749019278106,0.107946879054983,0.228706350637053
"FBgn0003890",351.356689666441,-0.490716992366971,0.0924781987114409,-5.30629920569876,1.11873269022275e-07,1.21307358126393e-06
"FBgn0085466",91.6934217322675,0.83841420216732,0.179309014425548,4.67580620446409,2.92801020171697e-06,2.562890857286e-05
"FBgn0260724",2294.00370757825,-0.2281200022673,0.0444508792827293,-5.13195702645937,2.86744976553142e-07,2.93822602913762e-06
"FBgn0039580",510.670220821723,-0.398219284686419,0.0791665282015992,-5.03014713077155,4.90103598483473e-07,4.8116251932195e-06
"FBgn0039581",627.047424836487,-0.173919722247172,0.0718313808624392,-2.42122203637205,0.0154684259030039,0.0495494330623117
"FBgn0003137",1254.41210436061,0.93409807387027,0.0539796210472341,17.3046430439536,4.33962340814393e-67,7.5065152524204e-65
"FBgn0039588",34.240726218438,-0.0316563853686589,0.282799551875634,-0.111939305273653,0.910871531334055,0.954092766002178
"FBgn0026400",145.66609941696,0.276500453894948,0.139058561688092,1.98837418234727,0.0467703219599429,0.119390860519672
"FBgn0001215",1480.71267244173,-0.173026268827217,0.0492342283259016,-3.51434915729531,0.00044083295962974,0.00232750832246371
"FBgn0039589",70.0336465302253,0.543139374173164,0.202335632390683,2.68434861302351,0.00726712863907756,0.0264772766112831
"FBgn0039590",400.233182288207,0.438532219363143,0.0896791467907771,4.89001328688201,1.0082917150623e-06,9.45192169022914e-06
"FBgn0039593",12.9524268269623,1.61532124233207,0.500250888113754,3.22902223806698,0.00124214235435387,0.00579586654102816
"FBgn0027655",720.434420941805,-0.0512489607754747,0.0692176539339936,-0.740403031058319,0.459055480192096,0.635487435898548
"FBgn0005642",249.581479892922,-0.274791004407004,0.106682598469537,-2.57578094599439,0.010001398562724,0.0346661071365408
"FBgn0039600",581.986297799176,-0.332547033843869,0.0743360353372994,-4.47356429939985,7.69264113998777e-06,6.25834690728008e-05
"FBgn0039601",207.553656614118,-0.138888039338258,0.117966040296265,-1.17735611867152,0.23905339665436,0.407585760782428
"FBgn0039602",138.703056080376,0.132347182526639,0.143035004836142,0.925278274910768,0.354821176431884,0.539058102630205
"FBgn0024273",381.239868530462,-0.398145126164773,0.0935921566415154,-4.25404371960122,2.0994428287595e-05,0.000156115170429251
"FBgn0015589",1544.1272252447,-0.0502819374258059,0.0492972393743515,-1.0199747098205,0.307740455119435,0.487291772641192
"FBgn0051048",473.594092328689,-0.069284188940286,0.078779727061837,-0.879467237629579,0.379147989468866,0.56372759194474
"FBgn0028373",13.353708599615,1.10709481238401,0.471538196339949,2.34783697477153,0.0188827840181129,0.058054771854249
"FBgn0039612",1311.20436694869,0.0131210879227125,0.0527329441934819,0.248821455418269,0.803498893931625,0.891474268345202
"FBgn0039613",894.733334034458,-0.506148074403096,0.0608474018965196,-8.31831859088872,8.92199249940938e-17,2.51233626000811e-15
"FBgn0027578",361.347184824023,-0.564283127528934,0.0924149280871072,-6.10597377727827,1.02175783797372e-09,1.43302523028554e-08
"FBgn0259220",1193.88021204347,0.0616652454989852,0.0543401653392577,1.13480047611183,0.256458926722925,0.427810183294157
"FBgn0039620",8.9529052805503,-0.738260380583955,0.552713855767496,-1.33570087465748,0.181647063385057,0.334177238666102
"FBgn0039622",32.4209590557634,0.347068349114858,0.291052521460651,1.19245951683596,0.23308111535606,0.400566472225779
"FBgn0039623",259.734878862101,0.0062209087369445,0.104083020382978,0.0597687184139584,0.952339840108898,0.97584611260806
"FBgn0039625",120.935309733306,0.271343179548169,0.150041756145766,1.80845110400173,0.0705363203432523,0.164140412329829
"FBgn0027873",185.530307640607,0.215062561298852,0.126861871893828,1.69524978694024,0.0900280458719774,0.198740125572749
"FBgn0039626",168.613678374289,-0.343306978912813,0.128282744082081,-2.67617426934016,0.00744679128023492,0.0269964763727079
"FBgn0003093",420.441109744421,-0.519185975571144,0.0839471473328177,-6.18467681233734,6.22298288668784e-10,8.97023227614824e-09
"FBgn0039627",54.7523178949722,0.119473546184817,0.22308299487907,0.535556492100987,0.592265104806274,0.74521815124488
"FBgn0039631",43.8712023665478,0.147247258060826,0.252133158874097,0.584005922578211,0.559216327383512,0.718872609020286
"FBgn0039632",327.219407578161,-0.0112147870548559,0.09338527703197,-0.12009159699785,0.90441058884109,0.949363231892865
"FBgn0039633",728.956163231273,-0.416800970969849,0.068124958445121,-6.11818312235168,9.46482658781481e-10,1.33001866848113e-08
"FBgn0039634",358.976355459327,-0.0048683970335203,0.0916926873432476,-0.0530947142523554,0.957656442929976,0.978444363714638
"FBgn0039635",410.315381082346,-0.288028643085292,0.0888880338237146,-3.24035340523471,0.00119381638976004,0.00559192525571032
"FBgn0039636",209.383466513597,-0.420457177156744,0.115713126266084,-3.63361695189097,0.000279475679778787,0.00154755397377507
"FBgn0005596",253.515873529296,-0.194427698423913,0.110854046925669,-1.75390708608303,0.0794464292060206,0.180368221306794
"FBgn0039637",741.202423460155,-0.41678888454612,0.0649091698683888,-6.42110945789647,1.35284704585171e-10,2.11819693709325e-09
"FBgn0039638",184.538923162091,0.0740917197266698,0.123211641575904,0.601337006625515,0.547615546066931,0.709673018582991
"FBgn0028671",683.871770635111,-0.26136730002945,0.0693074788597611,-3.77112693073583,0.000162511979209763,0.000964755186886086
"FBgn0039639",17.5627185096331,-0.161248202012367,0.393648787122575,-0.409624536610491,0.682081394911189,0.811416625844079
"FBgn0039640",21.3582177973156,-1.62780320303888,0.406205403919078,-4.00734009772839,6.14064083481893e-05,0.000407041566286127
"FBgn0039641",30.6303143774048,0.235293356552164,0.299735324420705,0.785003759589941,0.432451364307127,0.613452829924104
"FBgn0039642",46.7272248101307,-0.0528333136956569,0.247998115684212,-0.213039173906192,0.831296407605999,0.909351910765243
"FBgn0014869",409.4047054403,0.486549627997636,0.0874016122128691,5.5668266943707,2.59420173249032e-08,3.11004547632709e-07
"FBgn0041588",225.94685969159,0.226758739648959,0.111146847507977,2.0401724811195,0.0413331496044441,0.108749537817553
"FBgn0041186",196.346774229755,-0.310977545437944,0.122946756606216,-2.52936762239257,0.0114268270197388,0.038756255041271
"FBgn0028692",953.236013739452,0.25230533684915,0.0604335092809687,4.1749244723838,2.9808493231159e-05,0.000214627059786294
"FBgn0039644",310.432853549073,0.384728685352679,0.0987772278766587,3.89491276099672,9.82340788692493e-05,0.000616295840228926
"FBgn0014427",37.3909650558356,-0.208975833320612,0.270432448135412,-0.772746890254725,0.439672190237152,0.618914640975181
"FBgn0039650",20.9924881219832,0.883535849172724,0.392913477444219,2.24867788939145,0.0245329969006329,0.0721004136258486
"FBgn0039651",20.587540690924,1.15681944148102,0.386533424836708,2.99280571135529,0.0027642566232017,0.0116419271696002
"FBgn0051044",58.4425411975542,0.0680970590964221,0.216432034948434,0.314634841892267,0.753038921732638,0.857362132328414
"FBgn0029176",6463.30065333918,-0.100256277689528,0.0338884736236611,-2.95841821626126,0.00309222282581532,0.0127642038804252
"FBgn0062442",272.591136473075,0.178278238350334,0.102727276796019,1.7354518090101,0.0826608102416161,0.185865300651607
"FBgn0039654",179.152443686626,0.031129277518616,0.125827258657397,0.247396930130815,0.804601049763365,0.892431546035243
"FBgn0028476",276.056751845316,0.148567314203014,0.103249603991789,1.43891413099104,0.150174853305725,0.290783664516549
"FBgn0051445",12.6419754949604,0.459552640321401,0.461073514389647,0.996701449940669,0.318909445699708,0.499973483601291
"FBgn0003525",433.81213145113,-0.880537141972703,0.0834558739436078,-10.5509306938382,5.02963855518413e-26,2.66717694185494e-24
"FBgn0015622",2003.97609054262,-0.139644417538482,0.0457090610018686,-3.0550707994805,0.00225007399135919,0.00974228639627114
"FBgn0004369",210.600478216948,-0.55016848393877,0.117935255282238,-4.66500439264009,3.08610446235077e-06,2.68509567891956e-05
"FBgn0039663",48.531804129805,0.227485805480257,0.237076109701385,0.959547572156435,0.337282966195189,0.520467448897207
"FBgn0039664",16.954317259584,0.103008334106953,0.396478149569886,0.259808350646056,0.795011609215846,0.886668612366154
"FBgn0039665",328.671612061261,0.269187535301876,0.0995721445718725,2.70344217711985,0.00686253868755114,0.0252181808624477
"FBgn0039668",564.536274192507,-0.241448269392357,0.0736395865317419,-3.27878361033821,0.00104255545338262,0.00496992478269342
"FBgn0086361",886.730408497805,-0.115489491593903,0.0615455595655732,-1.87648779878028,0.0605883285564123,0.145801327248206
"FBgn0039674",171.824906514546,0.00968701314527702,0.127572337863021,0.0759334923820109,0.939472010702947,0.968801309987003
"FBgn0039679",12.2146231025555,-0.030265184435063,0.464943387665377,-0.0650943431780669,0.948098884372003,0.972957142878038
"FBgn0025457",338.87711220331,0.00398678567424266,0.09459462423948,0.0421460067767649,0.966382304627471,0.98219677303675
"FBgn0039680",376.127870565478,0.250584712873954,0.0889665077371572,2.81661851462443,0.00485321335425233,0.0188548636463332
"FBgn0039682",37.6683782865614,-0.620647810831126,0.284010552636956,-2.18529841609261,0.0288669734610463,0.081921313357227
"FBgn0024841",194.116367819157,0.131829223022316,0.123500226622598,1.06744114263993,0.2857726782271,0.461569254628697
"FBgn0039687",189.258256547339,-0.146257490760307,0.12844581264617,-1.1386707573193,0.254840503968856,0.426200796807952
"FBgn0042213",131.350892393969,0.259025090148868,0.144306196939541,1.79496858514947,0.0726587052750533,0.167957420313085
"FBgn0027583",202.94376143545,0.327133228230587,0.117540769411888,2.78314690185702,0.00538344250080826,0.0205221364598199
"FBgn0039689",167.722965162589,0.0925044946707432,0.130837074199806,0.7070205080364,0.479553733364135,0.653895997164121
"FBgn0039690",63.2685171888922,0.669791216466438,0.214095338898224,3.12847173559833,0.00175717910260458,0.00789480901695875
"FBgn0027518",218.484996370335,-0.144146494464971,0.117319323429958,-1.22866796577659,0.219196321520639,0.383171625564832
"FBgn0039691",738.571348860211,-0.101291167818151,0.0657244986765447,-1.54114781942489,0.12328081381186,0.253147290091342
"FBgn0020235",1971.63456544605,-0.0276948304580202,0.0456652873912002,-0.606474458832751,0.544199737757854,0.707184152874102
"FBgn0260990",912.30949258696,-0.264176143899182,0.062520173110845,-4.22545445340997,2.3845905369895e-05,0.000175522292312348
"FBgn0001297",2858.39219358245,-0.449715859940883,0.0441027502495119,-10.1970026222086,2.04486023224847e-24,1.01060609437314e-22
"FBgn0039694",25.8803045243269,-0.613350499478187,0.325015778132629,-1.88714068899109,0.0591414052046146,0.143173045255423
"FBgn0039696",188.788766831316,0.403413655410876,0.120955994981097,3.33521009416625,0.000852349761992412,0.0041671070127018
"FBgn0019972",263.435741008944,0.0921785463511418,0.104924512005641,0.878522516704065,0.379660223805372,0.56372759194474
"FBgn0039697",589.583633721074,0.0964847397111142,0.0713080339070124,1.35306969530155,0.176033365958881,0.326303818470396
"FBgn0039698",120.055592326052,-0.365546837329286,0.152296949930535,-2.40022428220669,0.0163850291630495,0.0518267065666331
"FBgn0002924",1254.82329300696,-0.0670562735488119,0.0584862318191927,-1.14653092639158,0.251575538427726,0.422393410371488
"FBgn0000247",658.961108464484,-0.342206350242621,0.0678949854742613,-5.04023011202131,4.64972423256979e-07,4.58347985747891e-06
"FBgn0039702",99.8534799802111,0.0372158996517522,0.175788385732145,0.211708523841043,0.832334437770648,0.909493464361441
"FBgn0039705",331.607388343278,-0.152577758569732,0.0948827890713033,-1.60806569940805,0.107820790503389,0.228505846851553
"FBgn0039710",196.196879398044,-0.0446171361427047,0.122873787717768,-0.363113540905786,0.71652006981212,0.83354976896478
"FBgn0039711",133.310556290607,0.147674750908277,0.142393152436933,1.03709166052548,0.299693141376772,0.478415880488299
"FBgn0051032",9.71284770996334,0.10208062244179,0.53712656620909,0.190049475977795,0.849270360745592,0.91889900839348
"FBgn0039712",243.343693243809,-0.216686520892239,0.107419139131343,-2.01720589686809,0.043674030958757,0.113521228950043
"FBgn0039713",19408.0023005983,-0.358321666420491,0.0407344849735698,-8.79651888695743,1.41125823454943e-18,4.61671515668819e-17
"FBgn0039714",629.934465753567,-0.525292910710489,0.0703428349745241,-7.46761075098456,8.16639871188887e-14,1.88345671878961e-12
"FBgn0083969",618.086643805782,-0.0584664307985003,0.0751218786020033,-0.778287655827355,0.436399451075634,0.615858976702502
"FBgn0051038",163.221770135624,-1.12970674176206,0.137519019154889,-8.21491273501346,2.12318601803466e-16,5.86499863917179e-15
"FBgn0051040",129.884566619506,0.351129495119319,0.145186745028976,2.41846798789546,0.0155860169053536,0.0498382098668106
"FBgn0039726",93.6718158924427,0.0540655571514708,0.169343026220403,0.319266511046658,0.749524425171053,0.855234288545009
"FBgn0039727",368.166679941853,0.284172073102476,0.0900210520396315,3.15672908351894,0.00159549506297645,0.00724001975797872
"FBgn0000032",288.945784850278,0.131031930473465,0.100249021013012,1.30706443962636,0.19119082715572,0.346470780565304
"FBgn0039730",123.426081857148,-0.0760421188761583,0.151239007018391,-0.502794354282631,0.615108863399004,0.763369643422235
"FBgn0039731",33.8765742984957,0.419552882143468,0.292883635560991,1.43249001037513,0.152003635004222,0.29338639965613
"FBgn0039732",37.3338048557942,0.912769082586457,0.274832005381115,3.32118917998907,0.000896347584206066,0.00435582956472045
"FBgn0039733",160.876451225753,-0.415923892903594,0.131301959380352,-3.16768991770152,0.00153655312228994,0.00700317342122738
"FBgn0039735",462.604577849009,0.282796737601338,0.0836303169128864,3.38150981654074,0.000720886570364729,0.00359947830494829
"FBgn0016685",762.960989758666,0.0468211235777765,0.0646139693676089,0.724628498079054,0.46867997097138,0.644590680553326
"FBgn0039737",886.119122551986,-0.187347193170605,0.0609382412957767,-3.07437807831171,0.00210941921445363,0.00920416251832171
"FBgn0039738",149.700691491005,0.118566299144571,0.134859860691554,0.879181533605102,0.379302855333768,0.56372759194474
"FBgn0026597",452.149495029069,0.0189048062199392,0.0827405022695017,0.228483097170024,0.819270695129396,0.901465719010866
"FBgn0039740",113.267448552866,-0.29907384278747,0.165211281669377,-1.81025072722322,0.0702569142690229,0.163752480643071
"FBgn0001280",187.190871969761,0.383958757471528,0.124874243571095,3.07476342992162,0.00210669583861303,0.00919780364634836
"FBgn0003511",92.0448643569531,-0.527429456736762,0.179577688299857,-2.9370544956346,0.00331345871777948,0.0135389637709043
"FBgn0003510",24.6079819318561,-0.388396601152369,0.337484172041544,-1.15085871672986,0.249790364056491,0.420075693257039
"FBgn0003512",237.913618300455,-0.157980632946908,0.109869952101793,-1.43788751997035,0.150465971285019,0.290973555964155
"FBgn0002626",8689.90878898673,-0.434307550394164,0.0374949359210435,-11.5830988832392,5.01980111599306e-31,3.34576652364125e-29
"FBgn0039741",140.206266033656,-0.282554391671024,0.143085506560022,-1.97472405461623,0.0482994716030999,0.122348556902552
"FBgn0039743",340.879874353048,-0.158557800860694,0.0923926346835961,-1.71613031064309,0.0861381946684097,0.192020246783061
"FBgn0003479",120.859427392608,0.0638060489615042,0.149196561943945,0.427664338441505,0.668895516874118,0.801637401862499
"FBgn0015542",578.200095530171,0.104914914774815,0.0763664594596712,1.37383499925409,0.169492912867005,0.317619119121757
"FBgn0051029",9.98981594918238,-0.389155098304372,0.521066761750638,-0.746843066705924,0.455158295841982,0.63209197147397
"FBgn0086355",923.989974028882,0.577142689996987,0.0647221611775595,8.91723452209279,4.78076562359762e-19,1.63062264110031e-17
"FBgn0002773",10.3850364181719,-1.05307657159438,0.536960526026,-1.96118060928633,0.0498579580183641,0.125343922894509
"FBgn0039751",57.013038758642,-0.0872826526658855,0.215322938087118,-0.405356964944308,0.685215139449292,0.813811997400541
"FBgn0260860",66.7018419388613,-0.30238617674531,0.203363822499782,-1.4869221724313,0.137035367458056,0.272234603386048
"FBgn0039756",407.337808679782,0.372471186322057,0.0844350965713755,4.41133132366582,1.02736971169522e-05,8.1216985369595e-05
"FBgn0039757",10667.0137834097,-0.39701877828898,0.0309935629859635,-12.8097172457643,1.44660727124515e-37,1.25114307447572e-35
"FBgn0000276",24.6247405529754,0.527074416739138,0.357544034580234,1.4741524560966,0.140440547564953,0.276524298248157
"FBgn0000278",10.4458641690059,-0.306768299891477,0.50100751239498,-0.612302794473128,0.540337441136755,0.704261124840065
"FBgn0000279",37.0465194419848,0.988602752799469,0.277331638138456,3.5646951766315,0.000364279296453679,0.00196036228795258
"FBgn0010113",986.919316376748,-0.0802448108647305,0.0575977320502246,-1.393193933309,0.163561153827153,0.309930042398088
"FBgn0015222",2610.13295896981,0.0435433913168372,0.0419956521129376,1.03685474867106,0.299803555724167,0.478427206979962
"FBgn0015221",11.4036437242643,0.235530726234239,0.486918223481257,0.483717213437392,0.6285865751887,0.77362044193561
"FBgn0039764",48.0015815418427,0.0294098623178315,0.23877820236679,0.12316812014798,0.901973969751167,0.947764085947675
"FBgn0039765",29.3152644102316,-0.0647893984159533,0.306474910317318,-0.211401965494897,0.832573623158523,0.909493464361441
"FBgn0039766",29.7419135555772,-0.00490998493987553,0.311312850548339,-0.0157718672108369,0.987416392358768,0.992059202114016
"FBgn0039767",345.519589814891,-0.204653895562074,0.0972611910229989,-2.10416810044698,0.0353637860889253,0.0955795781012062
"FBgn0028646",169.307885787194,-0.30915969451769,0.130090797448926,-2.37649165490792,0.0174781567459836,0.0544272647919291
"FBgn0039773",90.8232501817386,-0.0150545063910519,0.172497291793774,-0.0872738709953201,0.930453822682272,0.96443815405717
"FBgn0039774",136.264647819025,-0.309962092731152,0.141156216574564,-2.19587985745862,0.0281005438080827,0.080121840959859
"FBgn0039776",812.602996877865,-0.556865831224575,0.0651607160770284,-8.54603608969379,1.27388198084802e-17,3.80854016084811e-16
"FBgn0027654",14.1835277554868,-0.131721443079655,0.447662257415742,-0.294242904997296,0.768572297521529,0.868109101600421
"FBgn0082582",387.652071440115,0.142800990621766,0.0922238647987687,1.54841689765828,0.121521955477307,0.250659548102395
"FBgn0039789",52.8397254470435,0.197813712666356,0.231375172969173,0.854947875901583,0.392580004553312,0.576646529130573
"FBgn0039790",175.287941218127,-0.0876992542796303,0.131346208504405,-0.667695362342259,0.504328070957548,0.676378703250246
"FBgn0039797",61.4037535282516,-0.529256749972362,0.213737913671559,-2.47619498516134,0.0132791034601969,0.0439110999719301
"FBgn0039798",10.9611374570694,-0.201400672024789,0.513398424171285,-0.392289229071719,0.694844521112209,0.819354884901834
"FBgn0039800",9.37096886291094,-0.659688180300856,0.549018557444673,-1.20157719872217,0.229527379994303,0.396461344664435
"FBgn0039801",25.96250295651,-0.0542282459044237,0.319025610295728,-0.16998085468485,0.865025193278341,0.92868450261078
"FBgn0004606",3169.29029719825,-0.664264538309827,0.045745604312259,-14.5208386313046,8.94096410288293e-48,1.11993283116284e-45
"FBgn0011739",635.650568767909,-0.2056394739987,0.0741361781156687,-2.77380732626731,0.00554044812444777,0.0209861082503196
"FBgn0039802",237.921860203206,0.135653529176323,0.109804696801806,1.23540734711169,0.216678939792274,0.379593078753526
"FBgn0027598",1928.85351884811,0.16007647986996,0.0453125143694689,3.53272119407741,0.000411305987281759,0.00218112262598685
"FBgn0039804",238.778619805253,-0.463213415792134,0.112231547781835,-4.12730132433501,3.67045305921426e-05,0.000255419937501835
"FBgn0039809",168.432909507836,-0.831585926016807,0.144627194181109,-5.7498586674886,8.93180815732027e-09,1.13841379408652e-07
"FBgn0000416",10736.402372716,-0.337997147709514,0.0308474123707468,-10.9570664679169,6.14593710265116e-28,3.57201864406085e-26
"FBgn0010015",9.96927102526475,-0.302039432371772,0.523339667625001,-0.577138426640723,0.563845947734378,0.723069905386886
"FBgn0016123",42.076342124306,0.401611270438811,0.256579100186495,1.56525324996034,0.117523540146485,0.244434159508792
"FBgn0010808",254.403797828914,-0.171148909055345,0.106508738273142,-1.60690016453329,0.108076270324715,0.228780333306834
"FBgn0002413",863.780186324946,-0.137497212369077,0.0613527229658018,-2.24109388666773,0.0250199941164805,0.073205903043186
"FBgn0024288",11.8268526724766,-5.15120144864778,1.08822425434723,-4.7335844869013,2.20589080253351e-06,1.9663554209087e-05
"FBgn0039827",42.7235695663713,-4.06398306775319,0.433039562633418,-9.38478471352392,6.30451037505876e-21,2.48925368884793e-19
"FBgn0000313",16.3222357393496,-0.352944070283786,0.412950012250291,-0.854689574557671,0.392723023629762,0.576739997305482
"FBgn0061476",138.403642279853,0.222961334897467,0.143454974504145,1.55422518924936,0.120130711052911,0.248717473867027
"FBgn0039828",232.830537363176,-0.487087435411273,0.110104173660562,-4.42387803493179,9.69447636140582e-06,7.7311054627457e-05
"FBgn0039829",41.1339529245809,-0.585277630210532,0.257035890318628,-2.27702687544921,0.022784620775477,0.0679596615461921
"FBgn0039830",2804.33937875077,-0.0173445444191316,0.0396424110303653,-0.437524962995969,0.661730676395059,0.797523783014284
"FBgn0046696",12.6336571396802,-0.0930814621146945,0.479842652615325,-0.193983301833143,0.846188956761973,0.91694082108871
"FBgn0039831",485.331891024532,-0.141040811036688,0.0775415592880637,-1.81890604640444,0.0689257652290672,0.161530865931991
"FBgn0051005",89.3432400982679,-0.543423141656093,0.176152108480109,-3.08496529700896,0.00203575904662082,0.00892564241019929
"FBgn0039835",71.905434149626,0.862375614161005,0.197959819052286,4.35631643981869,1.32269517414958e-05,0.000102664320942273
"FBgn0039836",17.3650704932177,0.245072830655009,0.393291852075084,0.623132234654641,0.533197628535228,0.69934659167872
"FBgn0086362",85.9849134325839,0.0035356731661371,0.178193044521913,0.019841813554638,0.984169562047387,0.99085253163446
"FBgn0085376",74.0256264832817,-0.989066450097333,0.199355927942908,-4.96130945441755,7.00195365790943e-07,6.71984059771625e-06
"FBgn0039844",169.411565857141,0.946827788438304,0.133898781208727,7.07122036430154,1.53577027596602e-12,3.08214670024673e-11
"FBgn0019990",521.275407366096,-0.126727373778059,0.0779722114555971,-1.62528895118265,0.104101004566548,0.222308582650197
"FBgn0039846",147.272824362606,-0.151040978197326,0.140507528748408,-1.07496715331019,0.282389434465578,0.458141858283256
"FBgn0004834",498.267194487683,0.147614818304538,0.0769312547199842,1.91878864892857,0.0550110869792748,0.135706467539705
"FBgn0039849",265.133041361112,-0.248904931897712,0.111017989616343,-2.24202341222247,0.0249598592086187,0.0730888259373701
"FBgn0028968",824.722259822051,-0.028577307531253,0.0630814915681771,-0.453022064330348,0.650532853562216,0.790321267747408
"FBgn0043900",315.426902866016,-0.134676106491772,0.0959721892979205,-1.4032826329897,0.160532574915538,0.305786354683111
"FBgn0003268",684.167257767708,0.162394354075462,0.0676909344127842,2.3990561732413,0.0164373928711539,0.0519659091422684
"FBgn0039854",62.3403010348976,0.165136192400435,0.210385352720834,0.78492247803752,0.432499022005679,0.613452829924104
"FBgn0039857",10956.9110555114,-0.538977432747656,0.0307796874540139,-17.5108156492138,1.18484124057155e-68,2.15196790318808e-66
"FBgn0039858",4922.04632477218,-0.212429623157327,0.0344342710446685,-6.16913373545098,6.86651342684974e-10,9.85873913953821e-09
"FBgn0011655",364.867328017781,-0.278255013775245,0.0900056608479561,-3.09152792339688,0.00199129252555022,0.00877846238145515
"FBgn0039859",30.6783101730355,0.545786619200572,0.305223651994457,1.78815309899537,0.0737513107601184,0.169906164424661
"FBgn0039860",44.4627549005976,-0.187014074998712,0.249049709011552,-0.750910634430967,0.452706439848328,0.629964513320224
"FBgn0039861",90.9193573046577,-0.355929890655621,0.175097160376912,-2.0327564986745,0.0420771300785177,0.110317701198279
"FBgn0039863",703.319220685843,-0.0447628661489651,0.0683318092070836,-0.655080945000426,0.512415639750334,0.683691390777994
"FBgn0003870",443.767642313596,-0.288128708191687,0.085818432138998,-3.35742218786999,0.000786728838748805,0.00388550986642425
"FBgn0039867",93.8535817046072,-0.179000718294945,0.180924573921012,-0.989366532227365,0.322483842932342,0.503888621207988
"FBgn0039868",93.0845516136712,-0.143614520781583,0.185807392581073,-0.772921458003453,0.439568864630916,0.618889108826281
"FBgn0000557",13.9231202193218,0.560204991399366,0.462792394850105,1.21048875831422,0.22609140185019,0.39211125195551
"FBgn0039869",562.504066381666,0.325511525432553,0.076992607649473,4.22782829897801,2.35957741283545e-05,0.000174033806134513
"FBgn0039870",77.4048599318445,0.2562720253906,0.192719270675085,1.32976855139028,0.183594540594315,0.336906879873125
"FBgn0000150",2157.48777657577,0.22619468605247,0.0930587366607055,2.43066577270634,0.0150711099301106,0.0484415175612373
"FBgn0022349",801.060614581042,-0.279505831388836,0.0645734442178149,-4.3284950148551,1.50131730505598e-05,0.000114932246799069
"FBgn0261479",114.145910792825,0.106487398235843,0.154964926012374,0.687170968141142,0.491974996857767,0.666082436111009
"FBgn0039874",272.436517469924,-0.160869095722571,0.105935105785447,-1.51856265710805,0.128872616764236,0.260796535039602
"FBgn0039875",411.283555913289,-0.0839169405583071,0.0841826574821671,-0.996843566931629,0.318840447423006,0.499973203222132
"FBgn0039876",90.6359081672588,0.537487456036143,0.176962664648467,3.03729296291876,0.00238713326238435,0.0102497181744813
"FBgn0005632",2378.01464370384,-0.0516768275334534,0.0423288130655202,-1.22084282055024,0.222145537401991,0.387209052117435
"FBgn0039877",143.420608517013,0.232213482409308,0.146901510738868,1.58074264343061,0.113936893756274,0.238682679682622
"FBgn0027620",615.807547672177,-0.29870149997152,0.0721659908552312,-4.13908956880716,3.48686806609476e-05,0.000245704136762158
"FBgn0250755",41.6001524251714,0.184007038286157,0.269401776169572,0.683020880197671,0.494593648589493,0.667987525872708
"FBgn0039881",15.9744127052822,0.348565839975539,0.409536779869385,0.851122187576677,0.394701481467794,0.578808742504701
"FBgn0039882",62.5950427331216,-0.184193193297862,0.207191795018379,-0.888998491863654,0.374003890326414,0.558414799936303
"FBgn0024891",413.896597760066,0.275924696209037,0.0844081809053758,3.26893309688024,0.00107953823853941,0.00511935071996657
"FBgn0039883",25.8048170245478,0.157744173550391,0.323654427824992,0.487384568196567,0.625985827403393,0.771988972345213
"FBgn0011224",363.942608400277,-0.0752849971881594,0.089230372234983,-0.843714929148797,0.398828723043598,0.582176144848652
"FBgn0039886",254.946113349394,-0.542574797544798,0.106436526705964,-5.09763719595703,3.43919148354281e-07,3.46062688752611e-06
"FBgn0040206",287.651358513134,0.0443672736504673,0.101275913907905,0.438083172380083,0.661325992373724,0.797447880495428
"FBgn0002780",1321.26589528147,-0.0765674875654381,0.0526458963802435,-1.4543866251686,0.145839145959837,0.284130167712046
"FBgn0002645",2259.44040750584,0.32348420970296,0.0444540525925866,7.27682159077001,3.41776767161376e-13,7.30296533360998e-12
"FBgn0025836",22.0509982597733,-1.22387989994792,0.363126586917553,-3.37039463382998,0.000750606050259958,0.00372483125350997
"FBgn0040373",28.3040660842941,1.01070136495882,0.318879457431216,3.16954053139918,0.00152680162044749,0.00696545073999065
"FBgn0040372",216.612178359761,-0.166058133227092,0.115489608478842,-1.43786211949549,0.150473179594953,0.290973555964155
"FBgn0261446",14.7214789578273,0.0952990862701722,0.430165471961683,0.221540529126106,0.824671582802273,0.905294507261788
"FBgn0005427",136.198378122091,0.38781584684355,0.142283217849891,2.7256612037879,0.00641728310252162,0.0238595505321492
"FBgn0029521",30.9405224913467,0.940534330221487,0.312216421820176,3.01244349909051,0.00259153673879311,0.0110166848492288
"FBgn0004034",89.4337374555089,0.744913858221855,0.179708053333887,4.14513342280687,3.39615904895322e-05,0.000240478513554046
"FBgn0001337",200.278395634709,0.153073760939937,0.117582748785542,1.30183859895235,0.192971565791336,0.349088253355093
"FBgn0029522",9.45433955092402,0.0340126264513772,0.538874257724705,0.0631179277239723,0.949672598503284,0.973937242818515
"FBgn0029525",101.131469918471,0.133020630535017,0.164506134737704,0.808605896352201,0.418741872100893,0.600446701454042
"FBgn0023536",23.0023148153792,0.421081562858708,0.344242289720223,1.22321276447741,0.221249345672041,0.386295721294731
"FBgn0023537",450.909972007253,-0.422505076909102,0.0821947790816362,-5.14029092394626,2.74313407374889e-07,2.82278598382234e-06
"FBgn0004648",375.494374726346,0.109513759317912,0.0895627219546882,1.22276050713731,0.221420165924806,0.386491416108801
"FBgn0023535",47.7482547014141,-0.166001674390449,0.254434722868015,-0.652433254861054,0.514121717328271,0.68514511578504
"FBgn0260400",62.3266301747034,0.268103985653395,0.220039803729293,1.21843403379524,0.223059078438653,0.38821661254552
"FBgn0024983",53.7165569947685,-0.166586946343071,0.233811712896991,-0.712483323777982,0.476165534405255,0.650568465709943
"FBgn0000108",13.1400447347905,-0.158890994525877,0.447828371110307,-0.354803323719613,0.722736938207904,0.8375386846172
"FBgn0025633",224.341449026776,0.231220434142417,0.11407209712962,2.02696750529345,0.0426657359620746,0.111418609548696
"FBgn0029529",25.9571549692246,0.318227953571263,0.320476606814045,0.992983409100788,0.320718039767374,0.50215874114439
"FBgn0016038",80.2689048470206,0.157998089291655,0.189058095749224,0.835711841196322,0.403317032137501,0.585521325195437
"FBgn0025640",92.2622256794979,-0.148439094226532,0.172108489437626,-0.862473982030544,0.388426744455823,0.571999994208076
"FBgn0026879",107.261529556892,-0.00621278987183732,0.160733040809511,-0.0386528484781188,0.969167166754241,0.983792017111857
"FBgn0025635",29.7249849599024,0.233870136632252,0.315612452561594,0.741004148391803,0.458690925027738,0.635286949529133
"FBgn0002579",3584.08154029459,-0.462195738774445,0.0379892478531861,-12.1664882800695,4.68821890769442e-34,3.44039498630303e-32
"FBgn0001341",100.468064681367,-0.0138040784530766,0.164689051522151,-0.0838190415543191,0.933200308323419,0.96576926495294
"FBgn0020381",37.9870638629628,0.567798872732934,0.26891964738057,2.11140717408942,0.0347373289678477,0.0943074345857299
"FBgn0003575",249.885910869371,-0.470354116633353,0.112257045642474,-4.18997412537808,2.78986265656118e-05,0.000202481040958211
"FBgn0025634",53.6768278472842,-0.485501626666209,0.226207062408767,-2.14627086129116,0.031851374946701,0.0885234273097869
"FBgn0025638",165.787540978891,0.234876298381125,0.128259758441198,1.83125480069266,0.067062520637958,0.157877256135698
"FBgn0025639",266.464877645235,-0.0870916254178406,0.102783113523528,-0.847333987386016,0.396808987621782,0.580627853992395
"FBgn0025637",408.374986991442,-0.0297029051376524,0.0856078910294896,-0.346964570443869,0.72861793594637,0.841725782931349
"FBgn0021764",186.186946645128,0.0549103605356572,0.124617740846116,0.440630364206838,0.659480616924652,0.795919615965657
"FBgn0040383",95.094948492158,-0.189606352580336,0.175738143995195,-1.07891404944802,0.280626045151592,0.456479662748881
"FBgn0040382",99.1223089704858,0.0382539407743998,0.176056495342528,0.217282189447056,0.827988436305294,0.907139600689703
"FBgn0015288",1503.75918344887,-0.395742122710126,0.155026565647764,-2.5527374682949,0.0106880023534268,0.0367131617482958
"FBgn0259993",18.7264288492767,-0.0827497331096957,0.388905233571611,-0.212776085191095,0.831501617865641,0.909351910765243
"FBgn0025621",124.108673343989,-0.0159123040809792,0.151494541781308,-0.105035494308103,0.91634764409913,0.957721043529981
"FBgn0015799",234.605754024042,-0.0531943770643802,0.108835710628466,-0.488758485217875,0.625012692461744,0.771443630773797
"FBgn0260855",170.238284141669,-0.402003365096996,0.127871944911241,-3.1437964392896,0.00166771405500575,0.00753010727757415
"FBgn0259100",105.967269437422,0.101097688476916,0.163339250955896,0.618943015137335,0.535953899802626,0.700558668957552
"FBgn0029538",13.4337565638096,-0.514965182121655,0.458373584381533,-1.12346173442014,0.261241443469326,0.4336118544219
"FBgn0040344",122.321086558919,-0.00860632882904195,0.148844207883946,-0.0578210529747475,0.95389116838338,0.976270294960715
"FBgn0040339",39.067336848485,-0.100186805435532,0.266458243548012,-0.375994392597878,0.706921064739793,0.826751695965003
"FBgn0040340",223.837687923207,0.170414903323401,0.112864326362184,1.50990936477604,0.131066552779044,0.263581463031994
"FBgn0040346",72.1777556197131,-0.123607891971036,0.192180223756938,-0.643187366288901,0.52010252998797,0.689515489117263
"FBgn0040347",21.3002222174873,0.332142622459062,0.363996774973784,0.912487816637891,0.361511980161809,0.546935555159421
"FBgn0040348",14.3438003851686,0.63377286129114,0.43312318980548,1.46326236093656,0.143395602715984,0.281103360424076
"FBgn0040337",53.5652156736274,0.0359221820064679,0.222963317952564,0.161112519926307,0.872004779590666,0.932731849783008
"FBgn0026143",71.0511515514575,-0.379867871206831,0.208866910132948,-1.81870776450438,0.0689560265126912,0.161549671917027
"FBgn0003638",297.772094181147,-0.429165637739683,0.0998217727538635,-4.29931893513754,1.71323778104012e-05,0.000129248935402455
"FBgn0259144",19.9496037505362,-0.128633675569683,0.38848533300012,-0.331115912604204,0.740556932452892,0.849652387209713
"FBgn0040398",950.118003552253,-0.832110328928417,0.063043029277553,-13.1990854256855,8.88066916541365e-40,8.37896902425067e-38
"FBgn0040397",62.419892414578,-0.0114811277833349,0.213350973705611,-0.0538133367001967,0.957083883766749,0.978223750079548
"FBgn0040364",17.2197926191897,0.874437500447011,0.405909777694065,2.15426567306313,0.031219343235268,0.0873012042356514
"FBgn0040366",14.0043910202327,0.669009032304126,0.478465083190145,1.39824003006351,0.162040999696871,0.3079330009934
"FBgn0261444",181.809073513214,0.519952964956299,0.129678629757969,4.0095501157495,6.0834541114979e-05,0.000403988063254408
"FBgn0026876",70.6329876827862,0.0134533480289261,0.202491763400348,0.0664389889396509,0.94702833007466,0.972899606291106
"FBgn0028550",52.9491115841627,-0.202004248872947,0.225073409973535,-0.897503836178156,0.369450127318044,0.553984556236447
"FBgn0025642",22.0136764139713,0.346348727287145,0.3504496393647,0.988298141538998,0.323006655341158,0.504437521722595
"FBgn0025641",188.211779410759,0.514804786027943,0.12261363799112,4.19859319454517,2.68578317498878e-05,0.000195317465128063
"FBgn0004650",41.925758792706,-0.786871375992903,0.258978886027788,-3.0383611114478,0.00237868724878565,0.0102255401552827
"FBgn0024362",140.680068524369,0.0291898637096792,0.140389379538576,0.207920740198574,0.835290854714317,0.910875055526036
"FBgn0024360",50.4139880231542,-0.118828775354023,0.242684782787282,-0.489642465379374,0.624386921335815,0.771104843429649
"FBgn0024365",254.96925736187,-0.0991343615828522,0.111533823841263,-0.888827784869476,0.374095640920852,0.558414799936303
"FBgn0024364",151.233840569741,-0.365157941665783,0.138484233412132,-2.63681960515365,0.00836873229580695,0.0298619057608239
"FBgn0000826",28.178526880673,0.184630943103819,0.31842506573849,0.579825406255702,0.562032362775904,0.721534743871168
"FBgn0024987",326.116985673982,-0.203661480432281,0.0944745611448809,-2.15572825069764,0.0311048908736807,0.0870481634041951
"FBgn0023169",193.949536942792,-0.409797899488452,0.119582237595553,-3.42691279012906,0.000610485099716074,0.00311677740649141
"FBgn0024986",74.6941964075219,-0.393549571189564,0.18922223015633,-2.07982735889132,0.0375413707273682,0.100456006752976
"FBgn0052813",38.7097673371042,-0.901850163680788,0.276967728718582,-3.25615611556366,0.00112931638639223,0.00532067674911774
"FBgn0024985",202.833489279738,-0.218194281142224,0.119112345109144,-1.83183599434878,0.0669758588172914,0.15777549102063
"FBgn0259108",103.85717330217,-0.306305196320805,0.168990717488157,-1.81255633962422,0.0699002769415274,0.163130585281142
"FBgn0027795",15.6363913852381,-0.659804781784232,0.419750743181576,-1.57189663747376,0.115974524508314,0.241891610263151
"FBgn0027794",165.77573240754,-0.0331963999848438,0.13196484568823,-0.251554872903585,0.801385143238333,0.890768522892669
"FBgn0028274",214.279185113639,-0.150966343842596,0.115341969731446,-1.30885872847581,0.190582209024752,0.345885522998957
"FBgn0027791",160.358899673585,-0.396559579165209,0.132532151787481,-2.99217641769752,0.00276996140882278,0.0116591944583415
"FBgn0026872",40.5894690552911,-0.403572586353148,0.264562239112301,-1.52543532934736,0.127150552416339,0.258608276401093
"FBgn0013720",99.9904765846134,0.470893588423567,0.168778329620311,2.79001213889782,0.00527060654253073,0.0201850060788011
"FBgn0025383",16.7339627357126,-0.796552274238097,0.40869239116943,-1.94902643516031,0.0512922678624204,0.128318982789423
"FBgn0025382",40.1862180350693,-0.264421319953628,0.260447054997418,-1.01525939679467,0.309982193774154,0.489782652842372
"FBgn0260986",98.0786742825407,-0.287410105128846,0.174897233283549,-1.64330847168342,0.100319126395936,0.21607425237666
"FBgn0025381",1601.12092704318,-0.101360001068118,0.0508039211313413,-1.99512161287858,0.0460296176665738,0.117900020476962
"FBgn0003517",19481.8562044237,-0.221881014659301,0.0399640990176019,-5.55200843040587,2.82405971591785e-08,3.35241729348745e-07
"FBgn0053513",16.2441262456222,-0.0842217053082699,0.405032708659394,-0.207938034404759,0.835277351025752,0.910875055526036
"FBgn0025394",514.55324166505,-0.187477798887048,0.0768767066808704,-2.43868145477802,0.0147409559350544,0.0476828424821097
"FBgn0025390",50.867303891902,0.268313260547857,0.235369461254791,1.13996632833095,0.254300329536772,0.4255768772624
"FBgn0000210",382.646171275622,-0.270111597739371,0.0887794627582398,-3.04250092698721,0.00234621094681438,0.0101098591510121
"FBgn0000482",245.475645018217,-0.33573182511529,0.109380820258906,-3.06938478172507,0.00214500126316262,0.00934819086795225
"FBgn0023530",109.381433844006,0.0621308763785881,0.156586438571022,0.39678325240412,0.69152730178528,0.816621933844851
"FBgn0001189",356.306324291155,0.106146465939267,0.0890150089289104,1.19245582533209,0.233082562026877,0.400566472225779
"FBgn0023531",184.544303938083,0.00357981061796232,0.127779791774317,0.0280154676123197,0.977649814618379,0.988361214348143
"FBgn0024897",24.9326259746845,-0.206672134393464,0.330609994592607,-0.625123673735681,0.53188989144881,0.698712363542117
"FBgn0023130",99.0092694426608,-0.348752389039107,0.167947909849058,-2.07655093387316,0.0378430255044485,0.101002784823592
"FBgn0026086",256.830375651551,0.109620742967208,0.104073401236085,1.05330220464823,0.292202508818104,0.469345838285103
"FBgn0261548",401.038045415177,0.185678201553931,0.0868933798514721,2.13685095310268,0.0326101163165952,0.0898076175284548
"FBgn0026090",239.914090288968,-0.212099113219751,0.107851961876948,-1.96657631005121,0.0492320768216494,0.124129834067136
"FBgn0028969",1162.0320189695,-0.145751185973531,0.0586116991307767,-2.48672514421268,0.0128924962721393,0.0428864402092913
"FBgn0023515",169.141944345669,0.0882242074997565,0.135266338651611,0.652225885458355,0.514255463460737,0.68514511578504
"FBgn0026873",137.452132903995,0.157855059900086,0.143703229488865,1.09847955722051,0.271995139466153,0.446664712527487
"FBgn0023516",123.01338011064,-0.0653226357511015,0.151487572097812,-0.431207886208146,0.666317220263071,0.800569596211962
"FBgn0023513",199.02566653015,0.307791205767242,0.126987557284744,2.42379027007412,0.0153594730093723,0.0492873548644389
"FBgn0023517",174.072581601305,0.0594820708850709,0.129029003650928,0.460997676506842,0.644800272093778,0.785590135294533
"FBgn0014411",575.38611093809,-0.268202607629462,0.0727315436856324,-3.68756929989983,0.000226406444985101,0.00128503345532559
"FBgn0026089",133.083070022039,-0.312677982637353,0.145521319954335,-2.1486747284554,0.0316601933293239,0.0881945186110191
"FBgn0023514",261.950906841461,0.116477010452594,0.103302740845572,1.1275306879487,0.259518173176231,0.431671156337089
"FBgn0026088",136.526127400492,0.419400368918583,0.143299825843448,2.92673327723908,0.00342542508974452,0.0139026331156391
"FBgn0029594",109.680737418171,0.468004246110617,0.169923207248079,2.75421029116615,0.00588339518986536,0.0220893364622077
"FBgn0023518",698.58008673647,-0.223324984742221,0.0670273600090229,-3.33184813950838,0.000862713189789871,0.00421210438428993
"FBgn0023519",137.290237550628,0.0651736040547581,0.145213667285393,0.448811776970485,0.653567442352482,0.792021262500548
"FBgn0000117",2839.87375506226,-0.00882373294812796,0.0433133923756752,-0.20371835278096,0.838573599496827,0.912557998853272
"FBgn0052803",89.8641173475954,0.693348966623188,0.177020305378273,3.91677646890044,8.97408872942556e-05,0.000570207896489903
"FBgn0052801",9.51885516902741,0.166760888867724,0.547718654051042,0.304464504968611,0.760774030835626,0.862790713991237
"FBgn0023511",451.320946001368,0.201485123925434,0.0890891487241073,2.26161240522565,0.0237213608928893,0.0701121590263794
"FBgn0023509",298.807394281613,-0.0976083971470629,0.0985501894167623,-0.99044352653939,0.321957379403292,0.503448205201231
"FBgn0023510",586.084706327986,0.0159937213470725,0.0735797795923378,0.217365714272104,0.827923348468647,0.907139600689703
"FBgn0023512",327.731296274075,0.313042169796774,0.098378483176394,3.18201866596668,0.00146252392312647,0.00669517095243464
"FBgn0023508",504.324278710002,-0.253586550815594,0.0803872686619744,-3.15456110198141,0.00160739715604332,0.00728038674479722
"FBgn0023522",277.859049375878,0.111795672627798,0.101567045340347,1.10070813080341,0.271023706379038,0.445472223267808
"FBgn0023520",44.4653275124418,0.365629963430757,0.246489937945401,1.48334640544941,0.137982398937697,0.273219440796503
"FBgn0023521",39.5960488178872,0.139018210740872,0.265203618493405,0.52419424565404,0.600143442819159,0.750954549101134
"FBgn0023545",289.682459042635,0.335621374269358,0.102140902181958,3.28586655394396,0.00101669163628144,0.00486946632680897
"FBgn0010110",946.256614482029,-0.136663322491094,0.0615925633605542,-2.21882829735607,0.0264984080949198,0.0765146799720161
"FBgn0000667",354.904489349787,-0.344542010755273,0.0898841737794333,-3.8331777026815,0.000126498503663234,0.000776192254318743
"FBgn0003964",342.193046414672,-0.0772828303475184,0.0949716511520121,-0.813746306503813,0.415790300397233,0.597924887645665
"FBgn0025631",194.230537801002,-0.221203706639921,0.120619588774072,-1.83389538041163,0.0666695254514157,0.15715577625066
"FBgn0025632",25.7165286908147,0.121257362324621,0.321416785051989,0.377258960838051,0.705981167270445,0.826450721917464
"FBgn0025625",75.5691604298321,-0.178268667852311,0.198250583415633,-0.899208793139188,0.368541457550133,0.553307230647182
"FBgn0025626",419.740062271435,0.115294120827417,0.0848756232988079,1.35838909154775,0.17434025379821,0.324265730630823
"FBgn0029596",16.9130443313779,0.286303092261822,0.398907008230808,0.717718882733106,0.472930637992452,0.648582953789033
"FBgn0025628",837.511852962966,-0.581899062876197,0.0649986182233072,-8.95248358783633,3.47572576159055e-19,1.20243560275978e-17
"FBgn0025630",81.6038108443069,-0.0209614816480922,0.18094371252226,-0.115845316512523,0.90777513488224,0.952069634029085
"FBgn0025629",176.665976393842,-0.131897837816512,0.131081108712106,-1.00623071556558,0.314304600025913,0.494354388220017
"FBgn0025624",235.162169599737,0.0142988952461874,0.109852387397515,0.130164628961999,0.896436178450813,0.944342653294864
"FBgn0040394",278.777937743784,-0.174093042241621,0.103372970341634,-1.68412537306674,0.0921574417084984,0.202456550956226
"FBgn0040395",695.36137533788,-0.00457213637652905,0.0688215595286503,-0.066434652278196,0.947031782601996,0.972899606291106
"FBgn0000382",188.467742198636,-0.102147913293306,0.121050466661604,-0.843845679495477,0.398755645888615,0.582176144848652
"FBgn0004860",89.4419893035818,-0.0111851314809485,0.180984078714467,-0.061801742785314,0.95072071560074,0.974599407201831
"FBgn0004861",117.172442495653,-0.696722344719034,0.156382585283508,-4.45524252880163,8.37984092214511e-06,6.77191816455887e-05
"FBgn0023507",195.888853490366,-0.600852964448871,0.122059530898432,-4.92262226494098,8.53921801193904e-07,8.06728463676685e-06
"FBgn0004654",452.104895153758,-0.143909370348525,0.0801613152713149,-1.79524711965426,0.0726143361209565,0.167953884724212
"FBgn0013432",141.548030362868,0.142863996237998,0.148106141099443,0.964605486156546,0.334742450501536,0.517544012774384
"FBgn0004655",523.051133556632,-0.348279510952792,0.0770616672753395,-4.51949099035708,6.19884854624656e-06,5.10596765175524e-05
"FBgn0005670",26.7618877079214,-0.231460967107854,0.321518956120617,-0.719898353430278,0.471587581897796,0.647163540326311
"FBgn0023540",52.675730080334,-0.339222882942106,0.233183883497527,-1.45474411805009,0.145740113874377,0.284013392515383
"FBgn0025839",111.582559237209,-0.140537796598072,0.156230267400787,-0.89955550186406,0.368356846802674,0.553205796968104
"FBgn0011576",30.4158276032737,-0.212023507654762,0.297963951755533,-0.711574357923398,0.476728390293956,0.651021006670224
"FBgn0015036",23.3922451577662,-0.0388289939352337,0.340023333743902,-0.11419508628334,0.909083147007462,0.953028724820954
"FBgn0003116",40.6597278887602,0.243622964842381,0.274063219389413,0.888929807455192,0.374040804745655,0.558414799936303
"FBgn0023542",225.337899665755,-0.204329711346118,0.115153319216629,-1.77441443057085,0.0759946246351829,0.173999668444565
"FBgn0040899",69.425922549125,0.17648962847205,0.211315500212662,0.835194901909399,0.403607979658346,0.585739507035135
"FBgn0024984",30.0025309311599,1.17930622006558,0.309714131710532,3.80772492863772,0.000140251153151344,0.000851943668599093
"FBgn0023549",53.6657319998676,-1.88862676066105,0.249390234728692,-7.57297799857987,3.64764101155917e-14,8.68856129474667e-13
"FBgn0004397",812.729149905787,-0.257209079906349,0.06226042095512,-4.13118118959967,3.6090396668572e-05,0.000251870059363281
"FBgn0003048",1208.98235480039,0.163879881583291,0.053030302496729,3.09030636952145,0.00199950130110577,0.00880049150526161
"FBgn0001330",111.462675193894,-0.0435684099672912,0.157389571635218,-0.276818911917936,0.781919158814534,0.87772600259388
"FBgn0000810",105.799806336331,-0.0495498037271092,0.165122413975,-0.30007921113975,0.764116736012948,0.865110110188128
"FBgn0000377",230.623303333516,0.0677670395075775,0.111374814774931,0.608459279097547,0.5428829056832,0.706438171196212
"FBgn0023525",17.3470768135323,-0.139770162827496,0.393631262087974,-0.355078918493671,0.722530469550291,0.8375386846172
"FBgn0029608",170.415515855359,-0.694237542958671,0.127797228489232,-5.4323364533462,5.56209234995837e-08,6.35355360415842e-07
"FBgn0027296",63.0252177065038,0.113693014594528,0.212296090064921,0.535539842301194,0.592276614630136,0.74521815124488
"FBgn0023527",142.691493316772,-0.0353833144051552,0.138284278053203,-0.25587373274308,0.798048337819553,0.888324173542585
"FBgn0023528",408.855567934967,0.0360598316853909,0.088993793601303,0.40519490434289,0.685334250314874,0.813820419832881
"FBgn0023529",1925.16129666161,-0.225150324923022,0.0457852431798468,-4.91753039376945,8.76428525276108e-07,8.2584348069143e-06
"FBgn0023526",83.9616399940509,-0.112622843170261,0.180522844320288,-0.623870311784156,0.532712758907833,0.699210625023631
"FBgn0044047",88.1036648653951,-0.791209451089931,0.183549366788498,-4.3106084479258,1.62805960523441e-05,0.000123722312050502
"FBgn0003079",199.364498817531,0.119895394885795,0.119795864087546,1.00083083668211,0.316908598584915,0.497588279386084
"FBgn0040389",88.4598780921733,0.230696817842286,0.178362529166478,1.29341526451983,0.195867473499379,0.352920931292904
"FBgn0003159",253.466941272787,-0.117048028786999,0.106174474987253,-1.1024121268417,0.270282541805695,0.444757115791251
"FBgn0001150",11.0595211021237,-0.829691022381623,0.506187751560033,-1.63909738990044,0.101192978564573,0.217520434707675
"FBgn0003714",83.1870461078955,-0.0267768193236681,0.183340785979198,-0.146049441103117,0.88388235848258,0.938435445122388
"FBgn0040388",386.124755161167,-0.88964868519715,0.0922198974988493,-9.64703615299779,5.05969378354722e-22,2.13713228706224e-20
"FBgn0004050",205.772191350416,-0.141572880871973,0.11836373118603,-1.19608328880293,0.231664058262177,0.39882449840633
"FBgn0261451",2960.14611998677,-0.0256826382748571,0.0398851357113442,-0.643915027912327,0.519630536258752,0.689202876304373
"FBgn0040375",98.6041645473803,0.183860327286161,0.167454038185856,1.09797487882672,0.272215458912219,0.446824516266894
"FBgn0040066",233.19877217019,-0.490644287516747,0.111209862665521,-4.41187746982862,1.02478105517401e-05,8.11005922204705e-05
"FBgn0001404",417.020436079396,0.0840749489011145,0.0880588412465517,0.954758746662553,0.339699713781651,0.523085718656994
"FBgn0011606",486.395495141504,0.438393701898177,0.0795692368269577,5.50958786813011,3.5967481782685e-08,4.23506896517352e-07
"FBgn0004643",304.375371428126,0.21205925563452,0.109035921659957,1.94485681788296,0.0517922134916099,0.129258135010837
"FBgn0011566",71.0013565167459,0.0973942548737646,0.193553842082555,0.503189468242247,0.614831068674535,0.763285665399948
"FBgn0029629",1648.96868221953,-0.346620567255215,0.0503634716988542,-6.88238033564912,5.88606051572814e-12,1.08533577783667e-10
"FBgn0040334",183.283525546608,-0.0883156761716259,0.126844289579925,-0.696252676916749,0.486270603751362,0.66091062251143
"FBgn0040336",82.2367581447272,0.108230404826786,0.181544713931609,0.596163900798334,0.551065738915313,0.712238497281578
"FBgn0040333",9.07813772970421,0.508473715090071,0.540240116064821,0.941199477731975,0.346602644338652,0.530587076499383
"FBgn0040335",791.837703680599,-0.0959388297685716,0.0640942416277899,-1.49684008004511,0.134434874577415,0.269203242504112
"FBgn0003371",795.408704526131,-0.0922195462369308,0.0663691541743349,-1.38949407121708,0.16468256252545,0.311647628660076
"FBgn0003068",37.2210917926806,-0.017337078248851,0.266211056192921,-0.0651253125876446,0.948074226679228,0.972957142878038
"FBgn0024992",425.34397651137,0.231855066579157,0.0846534506916786,2.73887319045753,0.00616501474567172,0.0230276771862751
"FBgn0024993",36.346037513524,0.152679144816932,0.269520707664725,0.566483911903571,0.571064866444946,0.728240522155965
"FBgn0024994",146.639533311459,0.123380011525719,0.140412275965693,0.878698181317597,0.379564945022904,0.56372759194474
"FBgn0024996",158.095695457151,0.223049341244399,0.133376711541099,1.67232599055097,0.0944600572434007,0.206453765304845
"FBgn0024997",87.2623555174455,0.0423531562475241,0.188375180230341,0.224834058264659,0.822108369647071,0.903572966034186
"FBgn0024998",74.5886422192829,-0.150263962317579,0.191730523942155,-0.783724778027067,0.433201620211563,0.613850160100839
"FBgn0024991",113.98567580514,0.158885532761078,0.154524143853499,1.02822464372761,0.303844168694561,0.483025795528663
"FBgn0024973",176.465684959591,0.00923025181825737,0.125864048564917,0.0733350938850236,0.94153946599039,0.969702894871021
"FBgn0000928",168.47067771974,0.470022382320365,0.130239555813746,3.6089065213992,0.000307490376287496,0.00168381478972255
"FBgn0024977",8.24188396858449,0.358300319656607,0.589951300781927,0.607338807765509,0.543626088969797,0.707151931309861
"FBgn0000520",127.175623143569,-0.0336971867718483,0.151259673495981,-0.222777069347196,0.823709015550821,0.904511184700229
"FBgn0250874",510.064838972795,-0.299680311353523,0.0797702067383209,-3.75679496903647,0.000172103387493874,0.0010099605090008
"FBgn0024975",49.6799270996898,0.0170004221844797,0.247278773766741,0.0687500262376594,0.945188597193856,0.972454643050646
"FBgn0000376",306.506342887114,-0.0626699458527864,0.096176934170499,-0.651610975056528,0.514652165864758,0.685291052970576
"FBgn0024980",158.151326261908,0.142653755214291,0.134856125540671,1.05782184266646,0.290136672671962,0.467023623621339
"FBgn0040384",63.8288890268309,-0.25978190782962,0.208557984860349,-1.24560998229615,0.212907615732682,0.374765996767986
"FBgn0003996",15.0104520851582,1.14845971323863,0.450625183860601,2.54859194375142,0.010815877193888,0.0370473115575656
"FBgn0029648",10.7635880621362,0.384726604664218,0.518866489674111,0.741475143067837,0.458405397818774,0.635286949529133
"FBgn0004647",1209.42914680705,-0.174589689205262,0.0545523387112797,-3.2004070463282,0.00137233627067711,0.00632615672999317
"FBgn0028746",42.288780135865,-0.036488902281109,0.257119008618414,-0.141914448399502,0.887147581655232,0.939656353238373
"FBgn0040396",43.3580046888279,0.324258600879186,0.248757858859577,1.30351098198762,0.19240036957942,0.348141640098254
"FBgn0000479",227.163914722678,-0.520774657592496,0.112133466844389,-4.64423933592626,3.41331692986983e-06,2.93464467402418e-05
"FBgn0000472",910.024309416757,-0.348188299302889,0.0625884945678131,-5.56313587197141,2.64969420416207e-08,3.17133910926482e-07
"FBgn0029659",22.9089810226154,0.564774508577337,0.353230663124679,1.59888301763313,0.109846598136936,0.231919655758455
"FBgn0029660",33.5699960707395,0.472839335082531,0.294182097273592,1.60730153012264,0.107988238816584,0.228727275510929
"FBgn0029661",31.2497952854554,0.254080978955079,0.292555514521801,0.868488086339408,0.385127191512225,0.56938320031264
"FBgn0029662",119.659357304083,0.0207126314122978,0.153802071948554,0.1346706916876,0.892872246698804,0.942562753889395
"FBgn0029663",19.3861478097627,0.736485912228895,0.381323080457847,1.93139610470106,0.0534340865098187,0.132400627044281
"FBgn0029664",191.313247948595,0.664638265204355,0.123355575266476,5.38798723745226,7.12511105200534e-08,7.95897585474831e-07
"FBgn0029665",46.4222884078316,0.0487860284527609,0.243281699941397,0.200533079407587,0.841063689750263,0.914139240556269
"FBgn0029666",154.335944809502,0.312181664571856,0.141142135956548,2.2118247145414,0.0269787787468496,0.0775721411883144
"FBgn0052791",30.2814144086076,0.132525543028648,0.31587314619355,0.419553053577538,0.674811990022535,0.806817551767102
"FBgn0029672",114.534937093552,-0.104548818560377,0.155819166958606,-0.670962504812715,0.502244416022874,0.674886576803379
"FBgn0023216",102.272261551595,-0.0658235003682262,0.162863852613945,-0.404162736615688,0.686093053621349,0.813923258419187
"FBgn0023215",272.474042992686,-0.402172768362178,0.103432676944216,-3.88825640255914,0.000100966935136219,0.000631260571226017
"FBgn0015286",184.32050980347,-0.277912157681181,0.124372157185481,-2.23452068348963,0.0254488331686334,0.0740135200040519
"FBgn0086899",741.175962682257,0.0897733756367593,0.064496283309412,1.39191548768917,0.163947991308476,0.310420160765201
"FBgn0029676",120.683880405376,0.31173376006119,0.154231677191306,2.02120450051594,0.0432586000269859,0.112723719223835
"FBgn0000542",39.7238843818719,0.00759166961472644,0.258746475357084,0.0293401856170197,0.97659327719913,0.987741912689918
"FBgn0019661",66.1453294717307,-0.081899059056892,0.2040939891609,-0.401281093057208,0.688213182118119,0.814997099076685
"FBgn0015565",106.065090214831,-0.184118002263186,0.159082753854842,-1.15737248571387,0.247120210278635,0.417130187656665
"FBgn0028491",47.8917021695069,0.543759248087931,0.245649020906664,2.21356163391563,0.0268589490018174,0.0773099304668002
"FBgn0028665",567.33755192861,0.156145358243229,0.0751340688223703,2.07822311090836,0.037688814429029,0.10070218345969
"FBgn0260658",11.5896293952867,-0.5647629926607,0.485055347927372,-1.16432690634979,0.244291556619949,0.413622146253433
"FBgn0029685",340.098816744272,-0.0966640972130538,0.0920863058699325,-1.04971196639799,0.2938505603394,0.471784380301821
"FBgn0029686",23.9317845862957,0.083366817667101,0.339618816456758,0.245471727794315,0.806091196558219,0.893402371166356
"FBgn0029687",692.594040384556,0.276613777139297,0.0680925580397302,4.06232024618461,4.85873586904349e-05,0.000328972190946887
"FBgn0029688",924.455841071439,-0.120202821771685,0.0598680481627397,-2.00779590216366,0.0446649844829871,0.115108588956687
"FBgn0029689",75.9447398022001,-0.0381794443751856,0.190538715214425,-0.200376308469488,0.841186286848073,0.914139240556269
"FBgn0029693",173.745216809261,0.37268808065836,0.127460902685168,2.92394038334178,0.00345630935671648,0.0140123256007507
"FBgn0004832",65.9535129906677,-0.0769835491007509,0.208609266033678,-0.369032260955862,0.712103678503115,0.830530156072678
"FBgn0000221",48.946169064445,-0.268863645775382,0.232417347029974,-1.1568140210322,0.247348352139427,0.417418299255037
"FBgn0026084",291.313244786603,0.372415708205361,0.0996903056405665,3.73572641604798,0.00018717407970481,0.0010869861623145
"FBgn0026079",161.157790562101,-0.0848208886868377,0.131044077110011,-0.647269915263938,0.517457268862308,0.687262716322608
"FBgn0026085",50.4894066417047,-0.213699899787405,0.235827192673424,-0.906171579981191,0.364845043073535,0.549688767716556
"FBgn0026080",135.509246819591,-0.168121937273741,0.147791297329941,-1.13756317395612,0.255302931252155,0.426679502081184
"FBgn0026083",1003.05721932602,0.0217348463997516,0.0596033653925489,0.364658039971493,0.715366684052899,0.832474605100803
"FBgn0066114",155.030080384185,-0.156416294819593,0.132841564289446,-1.17746501749091,0.239009952338917,0.407585760782428
"FBgn0000635",40.8385061504565,0.296749117949089,0.257357867204322,1.15306021600456,0.248885669569692,0.419233570466918
"FBgn0002707",80.7921126864445,-0.0734260258767426,0.18254123535892,-0.402243502583782,0.687504829366478,0.81493271093938
"FBgn0029704",168.567754489909,0.0966146635353554,0.134799693129451,0.716727622240018,0.473542178618192,0.64908865776843
"FBgn0040907",55.0023874163887,0.51936923757629,0.223036844433429,2.32862529460377,0.0198789248470787,0.0604016683454734
"FBgn0004625",415.205189074339,-0.0286886988323294,0.085743468480534,-0.334587570817041,0.737936222092937,0.847605795020582
"FBgn0029706",252.59434019671,-0.188715050270716,0.106158367237979,-1.77767476253347,0.0754572869704662,0.173004291399618
"FBgn0003210",413.353915331393,0.175499149345866,0.0870735195243215,2.01552837538449,0.0438493160022284,0.113692105908704
"FBgn0029709",421.723327732747,-0.142987854316161,0.0898743391298895,-1.59097530730668,0.111615132972444,0.234596037890079
"FBgn0029710",9.10350771746573,-0.359002921339701,0.541792764781469,-0.662620368296177,0.507573721832526,0.678851820528958
"FBgn0029711",43.6895245905372,-0.297428266128116,0.246778957350988,-1.20524160293412,0.228110046102699,0.394388263906736
"FBgn0029713",153.140240352972,0.129002836255795,0.143858309630479,0.896735382107277,0.369860135716102,0.554484912500512
"FBgn0029714",64.3845879530708,0.176965400377991,0.20358043916374,0.869265245251079,0.384702067823027,0.56898626277164
"FBgn0029715",228.032714397839,-0.252772227076567,0.111119925532905,-2.27476958668151,0.0229197555847566,0.0682426329193674
"FBgn0003053",30.0814611517692,0.566731920751214,0.303660210713472,1.86633579493222,0.0619943997745716,0.148515213926079
"FBgn0025388",114.147791167134,-0.0904029235275345,0.1556780459623,-0.580704382359907,0.561439707644241,0.72115620156213
"FBgn0025739",124.0877651289,0.0674574322569721,0.152189561003746,0.443246118932635,0.657587723855337,0.794904295142932
"FBgn0029718",89.4245013885996,-0.0236790595462301,0.177263589366828,-0.133581067780529,0.893733855722755,0.942787347440948
"FBgn0025615",412.242145319499,-0.26888546690424,0.0861400511126028,-3.12149184300752,0.00179937232732894,0.00807439157383862
"FBgn0022942",417.069581634512,0.200944307275284,0.0852581753030441,2.35689195271939,0.0184286080192922,0.056875037068886
"FBgn0003200",126.701221563802,0.141501331384692,0.146701095384219,0.964555383953284,0.334767555473781,0.517544012774384
"FBgn0022768",590.138830457195,-0.363220323967087,0.07318729822328,-4.96288745157627,6.94528322311974e-07,6.67427018729694e-06
"FBgn0011760",1466.81999592079,-0.0696575474918021,0.0516938884612037,-1.34750063431735,0.177819049277074,0.328967505219746
"FBgn0028325",630.553719884389,-0.473521171036213,0.0698577975132105,-6.77835814887618,1.21549234727513e-11,2.16966877222453e-10
"FBgn0052772",122.024320313456,-0.539544225636805,0.15653480361703,-3.4468004122382,0.000567267492711951,0.00292283569826406
"FBgn0029736",244.102441611353,-0.0251731525925757,0.10964094081623,-0.22959628406298,0.818405494636411,0.901139120723481
"FBgn0029737",252.774105144101,0.211268094064321,0.107310869683474,1.96874831680594,0.048981999911048,0.123646361832441
"FBgn0029738",851.682965444808,-0.355224193970566,0.0616905152475817,-5.7581654577685,8.50329875668621e-09,1.09145698705522e-07
"FBgn0004368",457.45135125507,0.159029163485386,0.082941210629578,1.91737210342423,0.0551906756637507,0.136057094909111
"FBgn0061196",17.7839024759382,0.0575304505925051,0.387125011656786,0.148609490113519,0.881861784143083,0.937478177026558
"FBgn0052767",403.622117683733,-0.028393567620579,0.0863481156439264,-0.328826719712859,0.742286665734741,0.850317348874629
"FBgn0086911",82.9433241453888,0.0600233510554286,0.188561337242269,0.318322684455238,0.750240178839994,0.855351127523839
"FBgn0015617",110.640850038972,0.257254123588199,0.158915632532752,1.61880942414636,0.105488273802639,0.224610876077425
"FBgn0003449",157.221519647275,0.0154807201111575,0.131618804507982,0.117617844722322,0.906370465047884,0.950743915317436
"FBgn0029755",92.5009755847947,-0.155553575532361,0.174758694815631,-0.890104928378351,0.373409546908353,0.557918338457754
"FBgn0014024",335.380874253752,-0.0146832195447199,0.0949691452174502,-0.154610421217332,0.877128453852008,0.934634528781877
"FBgn0024332",256.696786931397,0.277114581211088,0.107832202075506,2.56986851680027,0.0101737120365144,0.0352297511655278
"FBgn0029756",36.9536998618184,-0.00892232544509199,0.267909504925488,-0.0333035046575653,0.973432558999041,0.986467783669694
"FBgn0026751",231.638450435031,0.251688740606755,0.110732472038699,2.27294429513678,0.02302953703091,0.0684292787441968
"FBgn0029764",1303.23153390632,0.182927854283803,0.0547418771763835,3.34164379665667,0.000832838645572223,0.00408822483789338
"FBgn0029763",278.887875415882,0.0035291428373444,0.105520285416712,0.0334451600790066,0.973319597253932,0.986467783669694
"FBgn0029766",4634.42446201354,-0.998859705054706,0.0356225255942914,-28.0401147417458,5.27251970999967e-173,5.47212224187823e-170
"FBgn0029771",117.970651598178,0.305134913555507,0.154844420578346,1.97059030229067,0.0487707567701529,0.12324531428271
"FBgn0029778",121.256265395642,-0.0251016566264194,0.154634618539871,-0.162328829491355,0.871046913100038,0.931981711880968
"FBgn0004687",730.390614182225,-0.0650173931122482,0.0660294726886225,-0.984672305636197,0.324785060420992,0.506261568991141
"FBgn0026702",80.8315698757113,-0.074261868815265,0.18367914970413,-0.404302115590616,0.68599056996035,0.813923258419187
"FBgn0259994",24.6860968345474,0.576165200707154,0.330790160926721,1.74178457754912,0.0815461463411651,0.183987539380643
"FBgn0029783",24.0584761429193,-0.157033081417184,0.332722078981468,-0.471964715710765,0.636951973946891,0.779295400930307
"FBgn0028474",404.235047945081,-0.181601560065893,0.0883395510253683,-2.055722017579,0.0398093184105133,0.1053989425118
"FBgn0015794",182.51234842079,-0.0426940511088434,0.124660192911984,-0.342483435261386,0.7319871078704,0.843707177324838
"FBgn0029785",7605.3116482714,-0.015859404529744,0.0360220815450901,-0.440268964187764,0.659742316220948,0.795919615965657
"FBgn0046687",374.840655670164,-0.229615096895345,0.0899084950379362,-2.55387543522401,0.0106531360592167,0.0366124471056778
"FBgn0029789",88.8190024615581,0.0921858153655959,0.174602581826436,0.527975098657095,0.597516619318473,0.749216126915552
"FBgn0000394",163.000423144555,-0.0397113845746885,0.131272190677741,-0.302511783871845,0.762261951786085,0.864079571345912
"FBgn0027564",84.2491907781349,0.142575987435451,0.18002320325128,0.791986726491255,0.4283684158495,0.609736783140011
"FBgn0029791",29.4823770610209,-1.11621711590928,0.30990206896939,-3.60183821818734,0.000315974990191264,0.0017220992526178
"FBgn0053080",12.1332341809496,-1.02032824038626,0.479825828058711,-2.12645543595334,0.0334653561040838,0.0916763997346036
"FBgn0052758",618.856865089336,-0.0390559175089458,0.0701606049568357,-0.556664491889342,0.577756681617818,0.733170706018069
"FBgn0261383",303.450943523171,-0.228239611950536,0.0998327507643946,-2.2862198046529,0.0222414027135214,0.0666892970414957
"FBgn0029798",166.543699099665,-0.298123400542604,0.134303596008002,-2.21977228759267,0.0264342289878604,0.0763597111716921
"FBgn0029799",16.3893553544317,-0.159205128431792,0.400332629006548,-0.397682119558602,0.690864519227774,0.81649412530987
"FBgn0029800",29.4313369511561,-0.252080521077497,0.307408953911499,-0.820016846841974,0.412206503312986,0.595008989979901
"FBgn0029801",416.565172794991,-1.04359774074438,0.0879367480046859,-11.8675953389676,1.74408841168332e-32,1.23017498163877e-30
"FBgn0013987",718.297744990345,-0.21062724029906,0.0691048188545294,-3.04793853439434,0.00230417052144777,0.00995823845230103
"FBgn0029803",25.7695914371211,-0.175965199183813,0.333076857316124,-0.528302087997678,0.597289682639792,0.749216126915552
"FBgn0029808",47.2971040095008,-0.359183652376575,0.242011608205986,-1.48415877667678,0.137766803168187,0.272941321248126
"FBgn0029813",14.1953837684114,0.0404737160686383,0.434724770748142,0.0931019320545843,0.925822582547233,0.962123538971653
"FBgn0029818",312.787924347813,0.230045236214535,0.0994278397564578,2.31369037865065,0.0206847120388283,0.0623804204906964
"FBgn0014340",176.376531490176,-0.0342894887043354,0.131640104010397,-0.260479045972398,0.794494276492618,0.886499910723218
"FBgn0029819",161.069601221845,0.214896670303834,0.133266849304343,1.61252908300602,0.10684685650559,0.22690058949409
"FBgn0029820",313.18774049964,-0.293437856047976,0.099222899841011,-2.95736021138431,0.00310285404554814,0.0127935497394479
"FBgn0000042",20487.4333968639,0.229882640048533,0.0273847068632289,8.39456274615853,4.67631235842663e-17,1.35352228222986e-15
"FBgn0029821",26.7312144335125,0.0412576929599099,0.322948101970479,0.127753322308367,0.898344190677125,0.945808382254249
"FBgn0029822",168.931152676065,-0.162569991684942,0.134431228901916,-1.20931715802104,0.226541021478536,0.392609857118693
"FBgn0029823",543.672713294327,0.283809915836443,0.0773674133618713,3.66833920773565,0.000244131152031877,0.00137170365004763
"FBgn0029824",78.0998651913179,0.120538678873637,0.192920433264842,0.624810326380311,0.532095552433153,0.698784198920257
"FBgn0029825",33.997585461484,0.778657178010495,0.289604509779835,2.68869147998576,0.00717326824090528,0.0261615430573177
"FBgn0052756",21.4550225452876,0.778441656071676,0.370571124791877,2.10065383941846,0.0356713641808511,0.0962676303023339
"FBgn0003302",23.9793788114684,-0.689514409319993,0.367878207919937,-1.87430077258084,0.0608889811084505,0.146327427196358
"FBgn0029833",118.145605433849,-0.117484680600246,0.153202553169257,-0.766858503137667,0.443165648280088,0.621664111750307
"FBgn0026060",123.230127850074,0.212021935936232,0.152776069112449,1.38779546540221,0.165199336037485,0.312258995375443
"FBgn0029840",227.673620649724,-0.322301515498223,0.114048379932906,-2.82600696027274,0.00471322398967364,0.0183798026221036
"FBgn0029849",124.157573671134,0.208554273583345,0.14848507505963,1.40454704622395,0.16015601253431,0.30514907712084
"FBgn0003514",1152.74147845397,0.157694395286782,0.0542188405483103,2.90847966669949,0.0036319079388284,0.0146506447393606
"FBgn0029850",384.840267481077,0.141889622452369,0.0876679136124457,1.61848978269999,0.10555708698099,0.224691543192761
"FBgn0023458",1419.95072431836,-0.101179054183651,0.0533026073861053,-1.89820084129743,0.0576696300463435,0.140452518366304
"FBgn0015818",286.513287413792,-0.220902190376845,0.107767483137771,-2.04980374362499,0.0403835861537612,0.106686092148027
"FBgn0040918",1186.69815258381,0.0467327179491494,0.053843932055957,0.867929145675741,0.385433122291221,0.569719559195467
"FBgn0029853",209.048723725951,-0.0815691388073428,0.117000796947205,-0.697167377792731,0.485698051901575,0.660291232609458
"FBgn0028982",911.120888789222,-0.17307880162959,0.0624664773966403,-2.77074694848887,0.00559278727342558,0.0211402703129224
"FBgn0029854",114.934005271403,0.346674732414823,0.154899355198963,2.23806439974866,0.025216855799241,0.0735154323360697
"FBgn0086558",598.431259157786,-0.098227835222759,0.074533153585598,-1.31790794428078,0.187534465986002,0.342091222995983
"FBgn0029856",62.9619618072889,0.933399416157601,0.214946649012844,4.34247019176291,1.40889605740646e-05,0.000108658491051571
"FBgn0026015",332.904396285264,0.0150922492483044,0.0942698050048672,0.160096324030003,0.872805196826204,0.933202749121799
"FBgn0029857",142.924143846518,-0.218530335512073,0.141146427284809,-1.54825268847307,0.121561470442581,0.250659548102395
"FBgn0028685",499.698118649463,-0.120749813327272,0.0794363173434507,-1.5200832234606,0.128490060468907,0.260457670007424
"FBgn0029858",37.4566375556796,0.534958421675409,0.269811084471587,1.98271476771646,0.0473992990835941,0.120591841206425
"FBgn0029861",165.692044310001,0.327952449216057,0.131675185661297,2.49061694934411,0.0127521519975158,0.0424584712474576
"FBgn0043796",89.1391153988467,-0.00540463749287208,0.180750319499404,-0.0299011227633814,0.976145910415424,0.987741912689918
"FBgn0250869",135.077619729539,-0.403913282264605,0.144686941351941,-2.79163605568324,0.00524423050045002,0.0201158049555277
"FBgn0029867",421.038822865384,-0.293286675662001,0.0901376400967071,-3.2537647463073,0.00113886550274372,0.00535871624186085
"FBgn0029868",279.89463337517,-0.194338105224317,0.102978338949478,-1.8871745961999,0.0591368459720851,0.143173045255423
"FBgn0086133",835.904833489695,-0.417102075288987,0.0621118268197657,-6.71534064678731,1.87627373618888e-11,3.2301252827991e-10
"FBgn0003655",38.846701575876,0.0147501855362487,0.262190790514002,0.0562574509475802,0.955136714347383,0.97719592025542
"FBgn0029870",655.506207688131,-0.339546106311017,0.068768274470007,-4.93754000558948,7.91141807765503e-07,7.52309585525704e-06
"FBgn0003139",165.24341196108,0.219582592031912,0.133082232926166,1.6499767640188,0.0989476886101295,0.214008620944505
"FBgn0029873",244.583766248587,-0.347788405269957,0.112677416573447,-3.08658483524298,0.00202470162274644,0.00888788960075702
"FBgn0029874",78.9486026383001,0.0689551989186303,0.196646203095223,0.350656142011752,0.725846332309801,0.839129930191564
"FBgn0014026",11256.2083845845,-0.356637185958098,0.0347289757511726,-10.2691535884428,9.70523982424566e-25,4.82935392624279e-23
"FBgn0000524",189.364278516472,0.319998984063406,0.121380904660074,2.63632063840321,0.00838104950205377,0.0298911755681986
"FBgn0085446",1112.40824486116,0.319186163038906,0.0581909085655541,5.4851551712641,4.13106637928093e-08,4.80451051227067e-07
"FBgn0029878",639.6809374059,0.187691172702335,0.0689306639864638,2.72289808116736,0.00647120181610456,0.024023138065406
"FBgn0029881",1260.85769784678,-0.552802063634431,0.053425645736567,-10.3471292861897,4.31222066141833e-25,2.2062171200848e-23
"FBgn0029882",310.291927999121,0.206658103028809,0.0952970518118552,2.16856764296144,0.0301155239559832,0.0847691908330948
"FBgn0028360",193.227392133786,-0.00928843046592687,0.119118617006191,-0.0779763121783403,0.93784689575165,0.967721336535846
"FBgn0029885",102.459985455847,-0.0831166556473946,0.16436606401505,-0.505680148426405,0.613081206449614,0.761894451737332
"FBgn0062413",208.961815433922,0.0175869846361495,0.11920371375605,0.147537220796168,0.882708003218225,0.938000850834549
"FBgn0029887",345.188282670946,-0.134640661341293,0.0923214568302485,-1.45838969578715,0.144733159257138,0.282657634947073
"FBgn0025815",463.261697090734,0.0741126730083782,0.0821393952342703,0.902279263159912,0.3669085383682,0.551569626757562
"FBgn0029888",136.972738411076,0.0948189520459812,0.141912080767473,0.668152785394959,0.504036070304698,0.676111900067141
"FBgn0028336",371.964932272805,-0.106222461790691,0.0904987385816309,-1.17374521960742,0.240497091881345,0.409374735828953
"FBgn0029890",13.3177641594815,-0.225962416708423,0.464685459360298,-0.486269609166361,0.6267760235802,0.772701138861387
"FBgn0029891",252.303491714966,-0.267402387259551,0.108336223073485,-2.46826388878418,0.0135770188182244,0.0447333522514286
"FBgn0029892",17.2044837874218,0.614180175572199,0.395521161030189,1.55283771409975,0.120461910154637,0.249048314534274
"FBgn0029893",486.425627476242,-0.50113475062097,0.0794535387285113,-6.30726785289353,2.84004094014598e-10,4.3165057385273e-09
"FBgn0029894",79.2736676470291,-0.379682099907811,0.185249147190517,-2.04957542674857,0.0404058804178454,0.106706187290311
"FBgn0029895",24.9016663457396,0.475260369307867,0.330423677069294,1.43833630060414,0.150338656845873,0.290973555964155
"FBgn0029896",133.445908566858,-2.22907061814783,0.170057468006636,-13.1077490702193,2.97291489578617e-39,2.73395274909956e-37
"FBgn0029897",6722.26495037826,-0.3679238175899,0.03997398531352,-9.20408147209332,3.44605795427311e-20,1.27732709376501e-18
"FBgn0029899",964.50620440131,-0.0864858335924021,0.0588037624123737,-1.47075340155792,0.141357818595645,0.278008812154131
"FBgn0029502",109.813175008181,-0.251486678318893,0.15977245665696,-1.57403024013612,0.115480458485457,0.241290057778789
"FBgn0003390",16.0201974767884,0.686417936138163,0.414377093905718,1.65650550243576,0.0976194916812743,0.212083016466644
"FBgn0259228",1395.27265234503,-0.370968098955174,0.0516248691433056,-7.18584095439356,6.67947636578056e-13,1.40249698836404e-11
"FBgn0029903",1187.82815596241,0.122082226574243,0.0536959500401238,2.27358351017197,0.022991039841018,0.068348428264324
"FBgn0029905",128.355940568453,-0.353104530469473,0.153715614822659,-2.297128570034,0.0216114364002146,0.0650132858996103
"FBgn0052743",762.55463229007,-0.104494252276125,0.0673037272859431,-1.55257749444064,0.120524105758279,0.249106010905803
"FBgn0029911",215.413048111978,-0.0887489968938703,0.118275964701115,-0.75035529930481,0.453040745426261,0.630036139132901
"FBgn0029912",148.54731652009,-0.073546173694733,0.137060612353752,-0.536595980652057,0.591546721095065,0.74468669706388
"FBgn0029913",27.5642096935759,0.236312159812128,0.312636993366931,0.75586755510656,0.449728608330615,0.627431162815333
"FBgn0029914",83.0008009690835,0.0582994447973569,0.180367723770206,0.323225483909926,0.746524482496806,0.853154060931146
"FBgn0029915",95.2522282025847,0.7163249814979,0.176296687707813,4.06317889922645,4.84088990826979e-05,0.00032806963790653
"FBgn0052732",96.5176536544122,-0.131270541464517,0.167075264594275,-0.785697043684435,0.43204499560657,0.613167980676252
"FBgn0029924",29.1458924336943,0.680178509423479,0.319428835358348,2.12935851160847,0.03322461024116,0.0911543781729712
"FBgn0029925",69.5656941975021,0.500140390214825,0.197887957080741,2.52739175032648,0.0114913242794447,0.0389568226272355
"FBgn0004646",17.428696982078,0.949456001388519,0.413850775605482,2.29419891747073,0.0217790754706635,0.0654363040919645
"FBgn0261284",15.2442624349773,2.83855892084244,0.549165802614916,5.16885593991161,2.35531359285358e-07,2.44797614478988e-06
"FBgn0027108",121.087181700186,-0.170715513160683,0.157046012401671,-1.08704137437155,0.277018525018615,0.452154478602615
"FBgn0000330",52.6375528071956,0.127043514885663,0.226349402687503,0.56127170373433,0.57461232832025,0.730456441862925
"FBgn0029929",77.3222374001416,-0.0507485002493566,0.193283102091337,-0.262560460279529,0.792889379129136,0.885649154819346
"FBgn0003659",113.60850890334,0.68311044349542,0.165242321873672,4.13399204120151,3.56515825382698e-05,0.000249837603921181
"FBgn0029935",51.7520455189809,0.00258750651116376,0.239200920014652,0.0108172933072551,0.991369217000962,0.994243147641081
"FBgn0029936",50.818439015369,0.10426723735372,0.230921936985069,0.451525908343916,0.651610556468029,0.790837068616811
"FBgn0029937",188.073826478453,-0.142048736220295,0.127126228928727,-1.11738338671192,0.263830435399657,0.437010513720591
"FBgn0027342",78.209770232112,0.28351258071539,0.187348397000087,1.51329066730823,0.130205842259186,0.262689653988611
"FBgn0029941",651.540183490602,-0.0802799936621821,0.0699734413095667,-1.14729234634922,0.251260816160199,0.421962512576016
"FBgn0029942",66.7286468208406,0.364705216545764,0.210559392837907,1.7320776415162,0.0832597394703123,0.186691977546858
"FBgn0025549",127.570554509275,-0.250859247367093,0.148409188686806,-1.69032153323397,0.0909664576760826,0.200507073730807
"FBgn0024250",87.1101422097306,-0.768746283808801,0.19147426518512,-4.01488044915888,5.9475934192461e-05,0.000395689250831712
"FBgn0029943",115.780660177523,-0.0919859956885183,0.158174693456903,-0.58154685606254,0.560871948331714,0.720626990197661
"FBgn0029944",171.527895830724,0.459901488878809,0.129250046667845,3.55823073751527,0.000373361268227109,0.00200439246808936
"FBgn0052719",26.1226065498462,-0.529524391976837,0.330132653898289,-1.60397460149452,0.108719651172742,0.229874349758431
"FBgn0004198",965.64143337336,-0.474058132240368,0.0609571173738857,-7.77691191223318,7.43163152395137e-15,1.86175182832782e-13
"FBgn0029504",299.979675803424,-0.287521839638603,0.0966247672347112,-2.97565363278116,0.00292364866335536,0.0121652878495878
"FBgn0022786",162.244470376817,0.373576560494312,0.132803658910653,2.81299900589069,0.00490818028991927,0.0190337910685885
"FBgn0027553",114.660025037834,-0.00788750230941885,0.154201180854325,-0.051150725731927,0.959205415576128,0.978444363714638
"FBgn0029957",157.102251802597,0.0576397614631367,0.132744720217066,0.434215096230444,0.664132251636674,0.799157123832972
"FBgn0029958",80.8957239902179,-0.0209080821063379,0.182063341753022,-0.114839604200503,0.908572257090052,0.952768107355547
"FBgn0029959",109.392182053727,-0.367839037729521,0.164500050818934,-2.23610288202526,0.0253450327173629,0.0738002656078725
"FBgn0016041",327.249345524605,0.194604421859339,0.0946460739247879,2.05612777994346,0.0397702011915064,0.105333762907872
"FBgn0029968",22.498097321962,-0.638958223756466,0.347716599517392,-1.8375833211394,0.0661238283724716,0.156173476308845
"FBgn0029969",114.718462208,-0.182590542604077,0.154012555973048,-1.18555621293649,0.235797603005564,0.403740180493854
"FBgn0029970",41.369330470104,0.466481250372783,0.257303528016222,1.81296095692623,0.0698378433540412,0.163037253202799
"FBgn0029971",248.112498395882,-0.0347954630382267,0.109749213396594,-0.317045215736431,0.75120929344437,0.855949736021542
"FBgn0040087",320.527956243631,0.0556391177855934,0.0941480078485866,0.590974987756246,0.554537180049824,0.715452426400634
"FBgn0004922",10515.4870961236,-0.452443200256231,0.0347412732929277,-13.0232187070799,9.02834535736241e-39,7.99889378307779e-37
"FBgn0010292",156.059009243808,-0.288288567127002,0.137116916353168,-2.10250182686771,0.0355093397875568,0.095901618422528
"FBgn0029974",9.78753604730706,0.805553097795195,0.563646266237901,1.42918199950462,0.152951929999803,0.294590607489015
"FBgn0029975",759.999485630699,0.458201344109842,0.068780750214376,6.66176717586997,2.70554402178551e-11,4.58176627465541e-10
"FBgn0029976",605.569727298554,-0.255040426970919,0.0751558876145415,-3.39348566114962,0.000690091712314081,0.00347437026331379
"FBgn0260858",217.675103823844,-0.387739091123099,0.116906699875435,-3.31665414844691,0.000911023151776265,0.00441238879843638
"FBgn0029979",828.546957558434,-0.0430033057067654,0.0645460868160408,-0.666241871940691,0.505256513174962,0.676660934611322
"FBgn0029980",69.4165454794968,0.0915497208034144,0.200217523978735,0.457251288419378,0.647490437658049,0.787810756922748
"FBgn0004403",3883.41322646567,-0.309200659241184,0.0363765634298761,-8.4999964286686,1.89596529399345e-17,5.59926335807415e-16
"FBgn0004404",1265.53622894781,-0.15068774627854,0.1277173648458,-1.17985323656241,0.238058591634932,0.406557514863137
"FBgn0260970",744.645834825669,0.0268376571877722,0.0658744259556455,0.407406315856816,0.683709588971346,0.812555237015676
"FBgn0027280",1608.04438302416,-0.237927286977348,0.0484571127324622,-4.91005909268623,9.10489517496717e-07,8.54613222818301e-06
"FBgn0003656",400.034057067321,-0.0326125032977978,0.0906051291318818,-0.359941027735066,0.718891234742688,0.835386557367737
"FBgn0003447",11.6552276467883,2.71682023987101,0.629468986769267,4.31605098420339,1.58845305952368e-05,0.00012083886363811
"FBgn0010329",11.293191484434,0.808277043381067,0.504747859289968,1.60134813551874,0.109299833176122,0.230966634096722
"FBgn0004656",2059.41109580329,-0.183456588494323,0.0502449603256318,-3.6512435735915,0.000260973584677827,0.00145396709561688
"FBgn0004657",1791.9842837084,-0.119475029633167,0.0466283388816901,-2.56228363477221,0.0103986357198428,0.0359230092746827
"FBgn0029992",241.283903010638,-0.0158240376615016,0.108919326420761,-0.145282184360675,0.884488080303997,0.938484869783634
"FBgn0029996",419.958605808989,-0.324590398802859,0.0855871487069498,-3.79251328858093,0.000149130267521778,0.000897623358364307
"FBgn0029997",55.776928557381,-0.332909518970351,0.2203038436801,-1.51113804193886,0.130753284109651,0.263209367984654
"FBgn0040319",448.448437273117,-0.279712136952269,0.0843833031803744,-3.31478060718205,0.000917150762387128,0.0044391074541922
"FBgn0029999",146.534125393675,0.0426818899265749,0.138504683653498,0.308162069330116,0.757959013166322,0.860670870686672
"FBgn0030000",93.9111116491824,-0.2144024413414,0.175367786100166,-1.22258737541989,0.221485583799976,0.386491416108801
"FBgn0030001",9.71812456003707,0.440924430248474,0.537943404808493,0.819648361346568,0.41241659567346,0.595075783032311
"FBgn0030003",144.860385715558,-0.193840903491499,0.137544387028718,-1.40929708350096,0.158747340859661,0.303260434221781
"FBgn0030004",17.1504402528632,0.065093286236949,0.411548449142851,0.158166763530567,0.87432539290922,0.93388715747074
"FBgn0025800",519.57868310874,-0.144803874095684,0.0789255779265861,-1.834688803044,0.0665518122694897,0.156929216532893
"FBgn0030006",32.9583571085592,-0.133979994490556,0.291963590039192,-0.458892817671447,0.646311136724323,0.787034932668824
"FBgn0030007",182.763363319612,0.0420195871029342,0.123605096535647,0.33995027940305,0.73389397154934,0.845250523309313
"FBgn0030008",50.9981648616399,0.0569726081190417,0.233557050218199,0.243934439426322,0.807281595885063,0.894312411421925
"FBgn0030010",18.7103459152709,0.193347091080359,0.386838446252663,0.499813534443973,0.61720637968578,0.765294267875336
"FBgn0030012",48.9058653555203,-0.0759961971264792,0.233676990689746,-0.325218999535045,0.745015330058654,0.852099554923823
"FBgn0026318",53.8488323178995,-0.18683993244817,0.229116995864369,-0.815478274509038,0.414798595451204,0.596832448397088
"FBgn0030013",100.855586746051,-0.0864223862337534,0.163149162784286,-0.529713942498252,0.596310279627153,0.748349314474221
"FBgn0030017",19.430409352499,0.238062233766333,0.376311853952166,0.632619544843233,0.526982120624019,0.694533659550775
"FBgn0030018",379.184726210656,-0.0744536326849571,0.0885662802449469,-0.840654394415588,0.400541576523937,0.583330105967658
"FBgn0243505",401.049060110399,-0.0154586904488482,0.0858234066826812,-0.180122079120027,0.857056729455348,0.923872887640441
"FBgn0030025",95.5618744840031,-0.13986259180473,0.174320925279119,-0.802328186250646,0.422363142031166,0.603780280911186
"FBgn0030026",49.1306475695384,0.754587580681777,0.237564115915158,3.17635337211983,0.00149139161372605,0.00681872880662036
"FBgn0020653",1152.10363957906,0.239288596855059,0.0542584614985288,4.4101618484252,1.03293388030187e-05,8.14795292116513e-05
"FBgn0017566",636.808198861589,-0.256947013639708,0.0774232552737386,-3.31873172642048,0.000904272592940251,0.00438261533536419
"FBgn0030028",14.5147336229322,0.292165192738874,0.450390311426789,0.648693334040258,0.516536613882426,0.686882897399653
"FBgn0030030",47.0197912278817,-0.0329478031458381,0.242830473038339,-0.135682324930596,0.892072421152037,0.941992171463597
"FBgn0040928",16.6484172409265,0.328175531780037,0.423450755782666,0.775002824527891,0.438337990567326,0.618114421869493
"FBgn0030034",303.618395884958,-0.116133683509135,0.102032645407231,-1.1382012398642,0.255036461089808,0.426359833755474
"FBgn0030035",305.527524165415,0.154297037500301,0.0983641906549028,1.56863017397897,0.116734137358533,0.243070652883273
"FBgn0052711",26.7558012730933,0.376048586083014,0.326886494316904,1.15039499220928,0.24998122177886,0.420299369642078
"FBgn0026758",742.77182705077,0.0394605558190856,0.0648414496058313,0.608569920305063,0.54280954734029,0.706438171196212
"FBgn0030037",215.0794038801,0.583728731415827,0.12312619468191,4.74089801056436,2.12773026721039e-06,1.90134814160929e-05
"FBgn0030038",487.325930827125,0.313418555370988,0.0774689716420338,4.04573016431949,5.21602879603906e-05,0.000351525502812836
"FBgn0030039",47.765417341841,0.317062751305625,0.2410128479046,1.31554294330038,0.188327494823998,0.343165099045985
"FBgn0030040",530.538993551078,0.263835169938489,0.0753400241080786,3.50192574348006,0.00046190833587821,0.002424685014563
"FBgn0023506",61.3959874505807,-0.353921398717175,0.208421265436371,-1.69810598729535,0.0894877597617594,0.198149519862597
"FBgn0014032",57.9225999112066,0.373568733732405,0.218839031806172,1.70704800989651,0.0878131292337986,0.195035886237709
"FBgn0030041",23.0011410295468,-2.9844531716364,0.451558298467049,-6.60923114859814,3.86321118043477e-11,6.43720853804097e-10
"FBgn0053181",84.9083950774547,-0.675087953105128,0.181194594505459,-3.72576210094828,0.000194725995119978,0.00112455036132483
"FBgn0002968",1045.0293223384,-0.163398637934199,0.0580891090563235,-2.81289626555929,0.00490974872161526,0.0190337910685885
"FBgn0026679",174.29930688389,-0.133414284924918,0.129973103500468,-1.02647610414594,0.304667221575717,0.483819507632496
"FBgn0030048",248.776925604591,0.123764788774792,0.106470949535904,1.16242777315569,0.245061747307667,0.414425883191387
"FBgn0030049",537.579166990891,-0.450264465202187,0.076197774353976,-5.90915507729252,3.43866874417463e-09,4.57544476674518e-08
"FBgn0030052",1797.59674535253,-0.608510759623146,0.0482575074039689,-12.6096599753741,1.86797179528819e-36,1.50786834364097e-34
"FBgn0030053",119.31628121377,0.236062723857392,0.166599570533711,1.4169467730388,0.156498490015753,0.29991071747941
"FBgn0040929",23.5069744311552,0.305177871109204,0.338243131435032,0.90224410415802,0.366927210857109,0.551569626757562
"FBgn0025864",992.725568483702,-0.0143075668733447,0.0598868774446071,-0.238909882829985,0.811175462052016,0.897391587098039
"FBgn0030054",700.093884397527,-0.521482056015643,0.0699962657127726,-7.45014109974849,9.3240456411714e-14,2.13016325733051e-12
"FBgn0030055",79.2130227079729,-0.0514854320739707,0.190293662310908,-0.270557786574374,0.786731166601473,0.881357274535035
"FBgn0030056",442.35103351181,0.357210149777154,0.0858849665482277,4.15916969096759,3.19406549831217e-05,0.000228169968979724
"FBgn0030057",107.038114563304,0.296191509815857,0.160234068235797,1.84849272740169,0.0645310954971368,0.153108559368615
"FBgn0027864",38.8216999872219,-0.633243864368451,0.264901238839971,-2.3904903847996,0.0168258897183185,0.0529177873608589
"FBgn0041629",2977.15748380226,0.536751562783423,0.0456398988714044,11.7605773907559,6.23067378346942e-32,4.31103286065765e-30
"FBgn0030060",158.627709051972,-0.0561016736855601,0.135205274124693,-0.414937021124044,0.678188007532541,0.80916995807586
"FBgn0030061",186.127031310005,-0.168389362445096,0.121528638056898,-1.38559408825316,0.165870884411438,0.313081833008339
"FBgn0027330",189.562574620182,-0.0818608238857911,0.12561041870323,-0.651704092151763,0.514592082220263,0.685291052970576
"FBgn0030063",66.7424685995859,-0.238375251976238,0.203950573411952,-1.1687893198258,0.242488524445623,0.411895985526643
"FBgn0030065",329.884187904762,-0.102628767111285,0.100267922887044,-1.02354535883725,0.306050065132984,0.485364270506686
"FBgn0011661",6411.98018833607,0.0779644966141956,0.0324064634094519,2.40583168947266,0.0161356967792564,0.0512406277430234
"FBgn0030066",63.9030154598364,-0.205198019876758,0.210634958936849,-0.974187859947215,0.329963271335032,0.511410206421511
"FBgn0030067",429.6086516561,-0.428864875974678,0.0853001093213705,-5.02771777652614,4.96351651176907e-07,4.85983119380084e-06
"FBgn0011586",751.765782554108,-0.0800184199157917,0.0651678778157515,-1.22788132125504,0.219491522325407,0.38359535956076
"FBgn0261549",144.786861481605,-0.0129085694918599,0.139613625352792,-0.0924592385538372,0.926333175371763,0.962123538971653
"FBgn0030071",14.8180569575819,0.36352095903013,0.434420742793836,0.836794662916561,0.402707997891839,0.585113618914654
"FBgn0030073",255.221560843295,-0.378147257576466,0.10728921608167,-3.52455979628572,0.000424187063668675,0.00224451494359281
"FBgn0259734",67.9823240480993,0.503129171508571,0.205039359780655,2.45381751116861,0.0141348692778783,0.0461319969918174
"FBgn0030077",61.9978049738384,-0.750332744583292,0.219269449353862,-3.42196665698006,0.00062169937156944,0.00316957609435227
"FBgn0030078",39.5860910373764,2.19417807838252,0.310818465547902,7.05935560975979,1.67276490324199e-12,3.34783389037275e-11
"FBgn0030079",625.243577281623,0.746178983431566,0.0710844979631697,10.4970704557578,8.9102531766651e-26,4.6570495919764e-24
"FBgn0030081",60.9270316414524,-0.158032495493877,0.210412346561607,-0.75106094331592,0.45261597953487,0.629964513320224
"FBgn0030082",146.659794851078,0.0972541006191196,0.135863766928796,0.715820728495547,0.474102051396454,0.649224919456079
"FBgn0052707",67.4879638229304,0.0757594478207343,0.205079399513335,0.369415202114477,0.711818268456975,0.830473698464738
"FBgn0052708",40.6693699912517,-0.739279130202093,0.263858982787191,-2.80179633224138,0.00508189451120499,0.0196174089393753
"FBgn0030086",1562.83246233614,0.201161192128328,0.0488990840326622,4.11380286784026,3.89193830516096e-05,0.000269028846688814
"FBgn0030087",604.445038231377,-0.150089703401333,0.0714613339107939,-2.10029249648057,0.0357031189325883,0.0963175488471051
"FBgn0004856",326.886292506873,-0.084387979792041,0.095671024710806,-0.882064136420913,0.37774212492513,0.562355847864973
"FBgn0030088",53.5519119752255,0.416506896920709,0.226560531675555,1.83839124070015,0.0660047749179794,0.155993718210514
"FBgn0030089",578.038513896368,-0.0399448853818456,0.0722342590067247,-0.552990865153429,0.580269665305184,0.735600369585678
"FBgn0030090",36.4638289852991,-0.592407978847524,0.274777278136601,-2.155956936705,0.0310870279024006,0.0870316985398615
"FBgn0030091",253.419727869764,-0.0865896744825582,0.106530694745587,-0.812814322570114,0.41632452255387,0.598456204264714
"FBgn0030092",43.2907865049951,-0.156162603740389,0.250260539584135,-0.624000108046953,0.532627514110523,0.699210625023631
"FBgn0030093",426.288485269784,-0.202336235897433,0.0859621065179606,-2.35378405780643,0.0185834031982818,0.0572069594218294
"FBgn0004828",1839.15558961915,0.050745248152179,0.0461706310746423,1.09908067035387,0.271732880367847,0.446435860667664
"FBgn0014868",884.745378820842,-0.00857751146374252,0.0628459227747636,-0.13648477236119,0.891438061796485,0.941813899474118
"FBgn0040931",69.4992633425801,0.400575162668432,0.197656571749424,2.02662202993309,0.0427010818292025,0.111470844228946
"FBgn0030096",122.628418720083,-0.0376899325112482,0.151565446870882,-0.248671008395179,0.803615276447726,0.891474268345202
"FBgn0026206",478.408301137382,0.030797205824317,0.0793956945035206,0.387895162538712,0.698093618140549,0.822149142176933
"FBgn0030099",88.3608575680161,-0.0399964214614351,0.178433574424331,-0.224153002541551,0.82263825151162,0.903608542067118
"FBgn0030100",16.7278162060871,0.123480320136459,0.394838544833476,0.312736235487183,0.754481063503385,0.858465924252482
"FBgn0030101",23.4338264103522,0.332312219749948,0.338354605249374,0.982141855303041,0.326029967858551,0.507253922918428
"FBgn0086450",1309.80038952638,-0.583813857029156,0.0545038181675779,-10.7114304402337,8.99609095562251e-27,4.95125763580284e-25
"FBgn0030109",725.842843968826,-0.0561732351460715,0.0651365456350925,-0.862391988988253,0.388471847408485,0.571999994208076
"FBgn0260789",309.098650819901,0.215276818966993,0.0959122800674032,2.24451779079494,0.0247991055528321,0.0727353661046932
"FBgn0260771",77.7250065506354,-0.358244792217749,0.186563177909168,-1.92023311476913,0.0548284605420849,0.135393870101375
"FBgn0000077",55.2990333014697,0.242406814220867,0.219593166119106,1.10389051947722,0.269640631896361,0.44420389812405
"FBgn0010269",89.0006830426795,0.108707292710226,0.175305298090791,0.620102723044494,0.535190159534347,0.700558668957552
"FBgn0030114",241.706027706991,-0.410159425009738,0.113154209450824,-3.6247827367659,0.000289204474476582,0.0015953458671772
"FBgn0028292",114.78054548821,-0.229282281269465,0.159416429028615,-1.4382600505266,0.150360282412593,0.290973555964155
"FBgn0030121",90.958348310669,-0.200803509270932,0.175191928490937,-1.14619155688625,0.25171590061034,0.422440010980316
"FBgn0030122",94.9792342906339,0.20214451343833,0.168270120750507,1.20130961181188,0.229631123331005,0.396546258854231
"FBgn0040236",779.263894677823,0.154727162938956,0.0654008817201731,2.36582686455174,0.0179898551562441,0.0557102718286927
"FBgn0002576",60.1709353413765,-0.513092502895331,0.225649826455319,-2.27384399516447,0.0229753679802922,0.068348428264324
"FBgn0040235",91.7142177878936,-0.315400524507248,0.171411045999072,-1.84002450174043,0.0657646402100784,0.1555273799239
"FBgn0040234",121.266200689737,-0.150465344282493,0.156860343433545,-0.95923125621766,0.337442257740796,0.520602676255443
"FBgn0085478",330.200362121245,0.014199559020806,0.103365492832131,0.137372334148946,0.890736497858728,0.941676463466772
"FBgn0026149",82.2879737935376,0.576490979587684,0.187316529044552,3.07763005501009,0.00208653768131165,0.00912624699261239
"FBgn0261260",1568.63233936759,0.208614591785394,0.0490954176919298,4.24916624794671,2.14567637075009e-05,0.000159227158667001
"FBgn0052700",16.0361147804334,4.50699707332411,0.793082967589524,5.6828821920392,1.32443505149652e-08,1.65043235834e-07
"FBgn0028327",998.229651606817,0.431086249009119,0.0584079310683288,7.3806115218293,1.5756413138999e-13,3.53303523008727e-12
"FBgn0030136",6370.15842321668,-0.249422274115808,0.0347948733944425,-7.16836274379564,7.58999759847692e-13,1.57998087544226e-11
"FBgn0030137",29.5233652672808,0.0887298822891431,0.305189584753327,0.290736927870131,0.771252526594791,0.870243754062015
"FBgn0052702",190.102245397311,0.19136405598942,0.124975870167069,1.53120803026699,0.125717986774875,0.256340492259181
"FBgn0052699",443.095403435824,0.321989388424138,0.0839596854382562,3.8350475796021,0.000125539989882652,0.000772922056353786
"FBgn0001186",704.077466843829,-0.109689622633244,0.066902103449674,-1.63955416911153,0.101097898977097,0.21742931795992
"FBgn0030141",175.738110288086,-0.19419077290982,0.129359860704261,-1.50116714607303,0.133312335194676,0.267176307638434
"FBgn0030142",142.187146058052,0.280020033836693,0.141868618481382,1.97379827078137,0.0484046855586986,0.122572338997541
"FBgn0027084",470.344236645878,0.0311290542953494,0.0795496269671319,0.391316156745916,0.695563557777373,0.820069660378548
"FBgn0030144",145.458307445341,-0.211385984116498,0.137812258764926,-1.5338692363868,0.125061825606993,0.25536092271917
"FBgn0030145",117.695428908086,0.674224998329892,0.155136976053954,4.3459980687996,1.38643788499476e-05,0.000107153949303053
"FBgn0028341",252.143755233248,-0.192704251654755,0.110109570014695,-1.75011356078347,0.080098720234819,0.181452199097586
"FBgn0015624",1413.00619720938,-0.259904070632892,0.0518086296956295,-5.01661735042601,5.25891599824722e-07,5.13521837732071e-06
"FBgn0030151",368.730285856442,0.251632732164432,0.090560980878432,2.77859989725841,0.00545937235787772,0.0207462355404653
"FBgn0026415",14.2462063715662,0.993676748394703,0.442781427868633,2.24416989027262,0.0248214725294725,0.072771589155213
"FBgn0030170",69.26945910996,-0.0408144935242418,0.197344098872912,-0.206818920643409,0.836151279073902,0.911210993192809
"FBgn0030171",15.2789447099124,-0.706608557659755,0.43237620566381,-1.63424478128931,0.102207463054246,0.219361069154828
"FBgn0052685",895.671127088269,-0.232516585079203,0.0641242616874273,-3.62603137970776,0.000287810395645072,0.00158886210057861
"FBgn0030177",135.090276910982,-0.103801376251877,0.144925927925638,-0.716237444449126,0.473844745756008,0.649224919456079
"FBgn0030178",22.7161014975751,0.0224871692517189,0.351510234141299,0.0639730143466595,0.948991714212849,0.973513810188696
"FBgn0030183",33.6643820567692,-0.0602395642453916,0.285046354129529,-0.211332519685615,0.832627808873771,0.909493464361441
"FBgn0028342",358.665426052174,0.0889943540446844,0.0942536281005224,0.944200831715158,0.345067030295296,0.528884382931503
"FBgn0085437",264.913084685611,0.031930586883259,0.107547640402707,0.296897140315645,0.766545039487538,0.866762601070345
"FBgn0001203",91.5638688239755,0.105159571364821,0.172386073794073,0.610023588624922,0.541846181880713,0.705974266743792
"FBgn0085348",19.2122940634777,-0.56547894362015,0.385349906537759,-1.46744279426662,0.142255640289031,0.279396384617412
"FBgn0040942",167.289294830704,0.110895047289087,0.12734905836868,0.870795973756177,0.383865564041495,0.568211760953843
"FBgn0259170",195.843806301272,0.038917537948227,0.118839818396604,0.327478941598073,0.743305667855396,0.850947947836346
"FBgn0030189",97.5952684335383,0.239993835122998,0.172326203098269,1.39267175164384,0.163719074565499,0.31014839027858
"FBgn0011770",77.4096203778473,0.624792381673989,0.188620098794549,3.31243799397291,0.000924866252200379,0.00447049455903909
"FBgn0028331",1101.042638523,-0.54452792579686,0.0552878461487571,-9.84896254290241,6.92551285627606e-23,3.12508390688482e-21
"FBgn0028480",449.853577241217,-0.250257870207012,0.080933028551202,-3.09215995851047,0.00198705743688445,0.00877041616677092
"FBgn0052681",42.2997348885386,-1.13262629734086,0.264747646139182,-4.27813547677556,1.88465310031356e-05,0.000141446330307624
"FBgn0030196",71.5059020979754,0.390941057700637,0.203722660136973,1.91898661365303,0.0549860279894975,0.135690724641202
"FBgn0000711",319.798334733366,0.184050085269529,0.0949150748604884,1.93910277729915,0.0524888245973304,0.130536064996422
"FBgn0083167",181.727095298555,0.20838694725764,0.127642367597209,1.63258447160139,0.102556419316377,0.21984726976971
"FBgn0030205",2426.72723429897,0.0181246767678924,0.0799231822701671,0.226776215023883,0.820597759552367,0.902049133476766
"FBgn0030206",89.3197592565371,-0.0925923609208049,0.181581725406046,-0.509921142745799,0.610106709017347,0.759497128343219
"FBgn0030208",323.61565375307,0.186495488145678,0.0983249564655658,1.89672586543163,0.0578641281087052,0.140784625153966
"FBgn0052687",91.3951428888605,-0.725320461447239,0.18032018731902,-4.02240299453557,5.76073826327941e-05,0.000385730539011289
"FBgn0085443",697.092313160805,-0.0927052727005695,0.0697926800059132,-1.32829506894871,0.184080648110637,0.33745796329139
"FBgn0001206",161.928836602833,0.473657132861708,0.132963425948072,3.56231143627941,0.000367603930540833,0.00197532733386032
"FBgn0030217",26.524693605031,0.23658849361909,0.323594754677569,0.731125860970236,0.464702279528298,0.640862198324427
"FBgn0030218",30.2533568445856,-0.046366976229241,0.303676651245563,-0.152685351471909,0.878646413139184,0.935017751787926
"FBgn0052676",434.954616656402,0.0563400394774236,0.0841498761600537,0.669520171013258,0.503163717988294,0.675329412591672
"FBgn0003204",254.947605647209,-0.17316548414513,0.104639071270967,-1.65488361127279,0.0979481092722694,0.212669759074428
"FBgn0030230",170.513975391543,0.0314049613916426,0.134341436837361,0.233769729809147,0.815163750608032,0.899478227242915
"FBgn0052675",679.015861955972,-0.174204024385768,0.0734813601315068,-2.3707240050266,0.0177532824179142,0.0550950861880165
"FBgn0052672",906.032297844289,-0.190151662664002,0.0609483357597003,-3.11988277110156,0.00180923027294672,0.00810861069275627
"FBgn0030228",96.0642426828445,-0.330874876129546,0.175467870716464,-1.8856721448692,0.0593391487741733,0.143556082532257
"FBgn0030234",50.383685113797,0.178554136937314,0.231465801704507,0.771406124025438,0.440466246320812,0.6196722074982
"FBgn0025111",403.883752458417,2.96556277525285,0.112691585225796,26.3157428241945,1.26665100346813e-152,6.13481302679729e-150
"FBgn0003360",1168.38313163167,-3.17547076123437,0.0721604220141307,-44.0057121702051,0,0
"FBgn0030235",1083.63819737657,-0.239577194864404,0.0579538944632967,-4.13392744496459,3.56616098095341e-05,0.000249837603921181
"FBgn0003321",401.055635390427,-0.236591487719933,0.0871749334252515,-2.71398529856979,0.00664791163727553,0.0246162477292593
"FBgn0040850",9.36224881313958,0.50559532274127,0.583828010299265,0.866000455308929,0.386489912101768,0.570527050004767
"FBgn0030237",537.793105022404,-1.03431912047747,0.07894504660512,-13.1017608444909,3.21706330499875e-39,2.92149561385199e-37
"FBgn0030239",83.6469862938875,0.0493625036696696,0.181887465413341,0.271390354236301,0.78609081997006,0.881028019401543
"FBgn0030240",166.258591735748,-0.672966248690932,0.130592611256093,-5.15317246678867,2.56116214348075e-07,2.65054743196405e-06
"FBgn0030241",272.504096957044,0.401865759677025,0.102554364188814,3.91856322113357,8.90783663418881e-05,0.000567181710318858
"FBgn0030242",44.1029318604912,0.274896840870627,0.246941434458253,1.113206625181,0.265619697932933,0.439073289074575
"FBgn0030243",359.959346685045,-0.360212932053113,0.0894809153022043,-4.02558390061796,5.68341112494537e-05,0.000381255603164618
"FBgn0030245",575.499864507694,-0.436003984589093,0.073126047230447,-5.96236226491341,2.4861719480576e-09,3.37608209395112e-08
"FBgn0030246",391.43205322423,0.00793712566179706,0.0859623562739429,0.0923325744643761,0.926433808223503,0.962123538971653
"FBgn0030263",435.530889946493,0.0398034379159661,0.0822542971930314,0.48390709390607,0.628451805635277,0.77361104641156
"FBgn0027498",52.211938150125,0.44221355362283,0.236890105052948,1.8667455676293,0.0619371270662386,0.148457020170315
"FBgn0015245",1957.32847786769,0.157022805322285,0.0459932444351027,3.4140406325074,0.000640070292195009,0.00325182564531241
"FBgn0030266",511.517968230431,-0.311484449926155,0.0845819734472258,-3.682633984894,0.000230836474019098,0.00130507936478501
"FBgn0028686",551.4297543485,0.22806163420766,0.074318702400007,3.06869774152083,0.00214993992539877,0.00936409685732737
"FBgn0010391",446.356302789666,-0.122925856435725,0.0818694095071213,-1.50148702886434,0.133229639148434,0.267129597661803
"FBgn0030268",864.761986827546,0.0243163677327993,0.0630687184650133,0.385553541036173,0.699827346533775,0.823274241700124
"FBgn0030269",131.880396382,-0.172409981158236,0.143452055087925,-1.20186483945846,0.229415898990932,0.396389104131863
"FBgn0020255",1793.14842451266,0.545656157016843,0.0495287432182272,11.0169594777046,3.16572303101983e-28,1.86983559515115e-26
"FBgn0030274",121.068455105621,-0.10270202519837,0.152160451140455,-0.674958732236992,0.499701984136911,0.672782600955274
"FBgn0030276",429.275527467138,-0.279334006620625,0.0836024745728921,-3.34121696813025,0.000834120121624568,0.00409175063038655
"FBgn0001491",93.1183034239852,-0.361771814968379,0.170547960825395,-2.1212321344537,0.0339022722882487,0.0926636599601681
"FBgn0030286",469.169688857465,-0.126062357058215,0.0794260201230279,-1.58716698712776,0.112474829529649,0.236096398882663
"FBgn0028421",182.556853599098,0.166000311117825,0.123256860121324,1.34678354579556,0.17804995558936,0.329145253288678
"FBgn0085377",41.1827432118339,0.13711685470259,0.257067982064916,0.533387524969815,0.593765351296161,0.746315791897337
"FBgn0030289",220.080530578592,-0.0507163620616115,0.117146587801999,-0.432930766599298,0.665065067686476,0.799817532981667
"FBgn0030291",36.1721600414793,-0.591181434403479,0.279789708487525,-2.11294917743494,0.0346051180657241,0.0940187669212737
"FBgn0030292",57.6186268503593,-0.2408504790979,0.217167499589797,-1.10905397701238,0.267406897284611,0.441499637961956
"FBgn0030293",379.561861583976,-0.0849637773889267,0.0923701056189409,-0.919818991432488,0.357667357222809,0.542254108707097
"FBgn0000499",229.527158540014,-0.20426765795176,0.110964562089572,-1.84083687715428,0.0656454669123342,0.155436987822271
"FBgn0030294",87.3415720329834,0.323754539825571,0.178523205484573,1.81351516149841,0.0697524023241244,0.162970055179595
"FBgn0004864",317.471757915463,-0.229652959158358,0.100052470098205,-2.29532523218014,0.0217144926368057,0.0652692548640435
"FBgn0027359",138.13568376737,-0.153147028087468,0.146546536946275,-1.04504023963127,0.296004372016755,0.473985400639569
"FBgn0001624",1506.65973813241,-0.207935314796427,0.0523632236529349,-3.97101821260336,7.15661074236937e-05,0.000465468012921338
"FBgn0001145",122.421609545302,-0.144404539531384,0.152222365270973,-0.948642068951748,0.342802687012922,0.526524634492363
"FBgn0030299",233.119983457794,-0.0741169445327596,0.11297141082151,-0.65606815028504,0.511780276021186,0.683094562795135
"FBgn0030300",31.3978926849367,-0.43224464640853,0.296588208210762,-1.45738985719003,0.145008795285367,0.283043766187048
"FBgn0030301",278.388361051976,-0.214709584509314,0.103677321261112,-2.07094070234094,0.0383643378561939,0.102243915819974
"FBgn0030305",138.81997184728,0.709489273513777,0.14645909989686,4.84428262916688,1.27069946147925e-06,1.17450783557846e-05
"FBgn0030306",291.919649598205,-0.108694148756482,0.0993248317627124,-1.09433005651752,0.273810247623124,0.448570045432661
"FBgn0052666",545.273323964503,0.0493387340522263,0.0739204166361587,0.667457467063192,0.504479969085336,0.676457544371533
"FBgn0030309",1977.57721646,-0.228094737118229,0.0448179453146504,-5.0893617616082,3.5927065034446e-07,3.59518081921832e-06
"FBgn0030310",529.950237563795,0.282332557048696,0.0783477283237341,3.60358319365806,0.000313860225118575,0.00171314390344587
"FBgn0003277",2779.0559197701,-0.1509343046195,0.0403392974847889,-3.74161956281995,0.000182838154750917,0.00106692304760274
"FBgn0030311",198.331656445635,-0.382692473540273,0.119479362525667,-3.20300063082493,0.00136003683134413,0.00627742540007311
"FBgn0027259",99.1741581142286,0.0182250533909898,0.167934933950988,0.108524491969663,0.913579653464157,0.955784646232284
"FBgn0030314",145.072142256277,-0.224512944559003,0.138954234627981,-1.61573301569461,0.106152049504176,0.225693485410547
"FBgn0000618",46.9754869314571,0.178911130098782,0.238504661657692,0.750136826908479,0.453172301574442,0.630036139132901
"FBgn0030316",210.989722351005,0.0544254338157668,0.121500263376671,0.447944986316936,0.654192900565956,0.792382698001279
"FBgn0019660",98.5133137739563,1.78702766288991,0.192121425340133,9.30155322201127,1.38408756961399e-20,5.29231378591877e-19
"FBgn0002948",78.0963483143082,0.171462518624273,0.188455490634286,0.909830316151471,0.362912003896077,0.548224310351377
"FBgn0030317",14.0153254877148,0.293080960937712,0.433766994410688,0.675664503556545,0.499253677695102,0.672665521743602
"FBgn0030318",525.915463429388,0.232846689503424,0.0749834063363725,3.10530957287914,0.00190079969961502,0.00843059207429985
"FBgn0030320",238.374176200623,0.25927182356803,0.109616443959464,2.36526395313378,0.0180172246340504,0.0557475029669404
"FBgn0030321",888.124900623971,-0.0762095406006315,0.0610206214746373,-1.24891452690805,0.211696337720667,0.373443311595714
"FBgn0030322",135.343358849262,0.564288181816842,0.14966095294458,3.77044359744121,0.000162957630219529,0.000966438517179495
"FBgn0002723",123.008004192722,-0.641342772643697,0.160477301326442,-3.99647032535199,6.42939368429637e-05,0.000422613704045314
"FBgn0004370",562.486347958076,-0.00726049463188031,0.0728871591246608,-0.0996128086082007,0.92065172460801,0.959893050986968
"FBgn0030323",45.7489922942337,0.0388934945170249,0.253827491817641,0.153228061462182,0.878218429123776,0.934834333189314
"FBgn0014133",805.099077245972,-0.322954457523953,0.0668487180039358,-4.83112417361449,1.35764294430089e-06,1.25168477034847e-05
"FBgn0011754",195.351437182182,0.299181334627464,0.120690566311123,2.47891234395418,0.0131783688130735,0.0437572437966083
"FBgn0030326",33.6808912709697,-1.04238022783035,0.291776815468058,-3.57252589160724,0.00035355451427357,0.00190688459257423
"FBgn0030327",96.2418242504425,0.0215557437185199,0.174323591319736,0.123653623444365,0.901589532879163,0.947764085947675
"FBgn0030328",541.561205102546,-0.259158509363315,0.0760231153247903,-3.40894355954927,0.000652149706744168,0.00330164990905671
"FBgn0030329",230.543058831176,-0.0595184425069696,0.109345899463965,-0.544313438352426,0.586225800990136,0.740634036463291
"FBgn0030330",85.5304123896095,0.130717540604396,0.178222091709254,0.733453071674438,0.463282140123405,0.639510687439966
"FBgn0030331",248.858767026485,0.176498852127006,0.10784490010773,1.63659896713424,0.101714291588631,0.218496253220403
"FBgn0085351",9.29366662707559,-0.624769453601033,0.545989934966309,-1.14428749247838,0.252504428638869,0.423170628387862
"FBgn0085350",14.125802526821,0.142081303875156,0.444835254695547,0.319402076106579,0.749421636707626,0.855234288545009
"FBgn0002577",33.6208597957,0.0855923692020365,0.287184904168228,0.298039235209584,0.765673218234602,0.866372939595386
"FBgn0030332",111.465596155797,-0.0511096096826063,0.161894256829994,-0.315697484786485,0.75223213599345,0.856712097192728
"FBgn0030334",2824.22149353461,0.106075860703927,0.0394125811052652,2.69142131089092,0.00711482805165837,0.0259855446313696
"FBgn0000259",783.08893843264,-0.136396683980822,0.0659175593352318,-2.06920106503276,0.0385272228279232,0.102532160105749
"FBgn0001218",8275.35640879271,-0.233837976068443,0.0305294783844098,-7.6594160281446,1.86780426111627e-14,4.52319931900325e-13
"FBgn0030336",294.239348266469,0.0447903199010653,0.106699938877794,0.41977830889261,0.674647412207819,0.806817551767102
"FBgn0052663",430.911220984487,-0.476591691611134,0.084959713896705,-5.60961978038885,2.02771613200662e-08,2.45932515843541e-07
"FBgn0052662",481.431063220916,-0.156953979203108,0.0804476432888682,-1.95100779571035,0.051056118436643,0.12786028970776
"FBgn0030340",132.937058754175,-0.118026825457387,0.144214659219479,-0.818410736440895,0.413122693186629,0.59571648759422
"FBgn0030341",315.200794902634,0.0998429189017788,0.102267847717088,0.976288453610396,0.328921540172458,0.510165454601389
"FBgn0030342",140.561035779015,0.166577828523724,0.140080306558561,1.18915950868572,0.234376904811403,0.402065693850022
"FBgn0030343",361.150369137816,0.301647383933883,0.0895317159010314,3.36916790768675,0.000753954845388211,0.00373634512397364
"FBgn0030344",418.170177029459,0.407069099884955,0.0863308144746241,4.71522367027601,2.41445368086642e-06,2.14095413089391e-05
"FBgn0030345",66.6256671527552,0.294112355238832,0.20192889269777,1.45651447551408,0.145250450956894,0.283363191783522
"FBgn0030346",34.8169508687548,-0.213881418673644,0.293817918658622,-0.727938648704903,0.466651143122797,0.64269583977007
"FBgn0030347",65.311186740175,-0.321572629320268,0.21278843089085,-1.5112317336708,0.130729419926765,0.263209367984654
"FBgn0030349",481.269517931366,-0.571520571063319,0.0857460619705283,-6.66526902727913,2.64180978389802e-11,4.49620726233832e-10
"FBgn0030350",248.473273907768,0.0747224851679374,0.106084368904998,0.704368475197832,0.481203332973226,0.655523263832395
"FBgn0030351",46.3644753410102,0.931053313171135,0.251249772198342,3.70568818839024,0.00021081753001362,0.00120407968203533
"FBgn0030352",61.9784312271924,0.0831913547136061,0.208943767281932,0.398151884575501,0.69051823071658,0.816453894935035
"FBgn0030354",483.472143699042,-0.184327337481399,0.0796462483792024,-2.31432542313608,0.0206498782628536,0.0623530197754079
"FBgn0030357",32.6896547313856,0.21407252620225,0.283219686136227,0.755853271086823,0.449737173360122,0.627431162815333
"FBgn0030358",55.6640379666293,0.0536670458636976,0.221061015200915,0.24277028590917,0.808183355439535,0.894902008423749
"FBgn0005563",171.064993519507,0.33478595516567,0.130493139130987,2.56554449831739,0.0103014007151813,0.0356209786748178
"FBgn0000808",38.1489805131191,0.0602876081866027,0.27748126925745,0.217267307259818,0.828000033572673,0.907139600689703
"FBgn0001083",46.1577720493778,0.496030934629125,0.242752811790955,2.04335814267016,0.041016997814079,0.108045137461669
"FBgn0030360",9.34693705619432,0.818226711884028,0.54903019715379,1.49031276626636,0.136142017314201,0.271052824277246
"FBgn0030361",40.0693693893503,0.718003277677078,0.262433704077922,2.73594155979251,0.00622020715833718,0.0232099666180378
"FBgn0030362",1657.51366013962,-0.525986410790752,0.0486873479550858,-10.803348978383,3.31873453733443e-27,1.86903925687866e-25
"FBgn0043001",39.7186776470996,0.112961183391091,0.265005135139141,0.426260356546603,0.669918141584109,0.802598169295605
"FBgn0030364",172.519068212307,0.308663653097334,0.127480253551765,2.42126638830379,0.0154665385918536,0.0495494330623117
"FBgn0030365",164.348788963607,-0.168746597359804,0.135125381046887,-1.24881496024237,0.211732760868438,0.373443311595714
"FBgn0030366",1210.93470878932,0.0407560109811466,0.0534347370824038,0.762725021333879,0.445627405065863,0.624032979530358
"FBgn0030367",16.6636088599666,0.321445228929714,0.408104401142556,0.787654404191119,0.430898882712799,0.612205428167785
"FBgn0030369",15.9245648293277,1.0066700205341,0.452595845226218,2.22421401157792,0.0261340487849923,0.0756747500935763
"FBgn0030373",86.5923519003991,-0.0375474505684212,0.178416216758764,-0.210448642228464,0.833317531570201,0.909786527100176
"FBgn0030377",12.0050688195104,-1.22098275462779,0.492952269255053,-2.4768782512614,0.0132537103896168,0.043847088333591
"FBgn0259240",697.655138769012,0.0409243634142747,0.0730891560711637,0.559923873993407,0.575531363712721,0.731240880967632
"FBgn0030391",83.4343942963293,0.286354120317454,0.179150162159586,1.59840279721528,0.109953362510703,0.23207762307968
"FBgn0259143",148.293694957425,-0.513771906790611,0.137662214230405,-3.73212002772751,0.000189874983437323,0.00109828165180904
"FBgn0259109",26.1850108767569,0.788474935133728,0.329794771720396,2.39080483605182,0.016811486672039,0.0528953879048781
"FBgn0030400",365.649200329808,-0.0611690983732136,0.0912304294991086,-0.670490084383646,0.502545425301349,0.675109562650573
"FBgn0041203",500.209816604097,-0.0663063700099299,0.0784088761500513,-0.845648774292328,0.397748707740405,0.581834394463181
"FBgn0030403",199.871554337211,-0.286533089966448,0.11855273690012,-2.41692513777941,0.015652235910105,0.0500059339872089
"FBgn0052654",605.553369056413,-0.169653190547719,0.0725437042917543,-2.33863423716842,0.019354371312045,0.0591790856826629
"FBgn0030406",65.1193914793229,0.238901912873087,0.207538388795017,1.15112155519838,0.249682231358596,0.419991065251262
"FBgn0030407",12.2964575848319,0.579328734064624,0.474873584239471,1.21996411948759,0.222478477004646,0.387523947603607
"FBgn0030410",24.3637430731673,-0.0592768750169565,0.366326287526761,-0.161814418007406,0.871451998751007,0.932277834034172
"FBgn0030411",30.2129987212957,0.155503364143745,0.298089670947946,0.521666395381071,0.601902626072818,0.75263727683632
"FBgn0030412",376.851555593484,-0.360845473158676,0.092584557745985,-3.8974693182495,9.7203132681185e-05,0.000610883009453987
"FBgn0015024",810.739323772227,-0.134162710406885,0.0625522842086891,-2.14480913213795,0.0319681107622367,0.0886288779743473
"FBgn0011837",683.662164062262,-0.278375933009825,0.0684193541833794,-4.06867232718558,4.7281785096586e-05,0.000321834556223563
"FBgn0053963",13.5645557552627,-0.0124190030983072,0.444053758371316,-0.0279673414855382,0.977688198671648,0.988361214348143
"FBgn0024308",4429.68120518409,-0.454584720265428,0.0404678503603944,-11.2332312247138,2.80046188810972e-29,1.69544630142642e-27
"FBgn0030417",33.0381225648522,-0.585749369026329,0.291329199239621,-2.01060988927699,0.0443666786726681,0.114542971057901
"FBgn0030418",101.571188226927,0.315336423398906,0.168587499224413,1.87046148053451,0.061419761261149,0.147314151720782
"FBgn0020513",1247.99402590636,0.269054547027279,0.0570629044219308,4.71505174426198,2.41649330672127e-06,2.14095413089391e-05
"FBgn0030420",373.866627886978,-0.124545759694155,0.089642892833461,-1.38935453506099,0.164724968211244,0.311647628660076
"FBgn0030421",59.797514455401,0.586646924474299,0.216643928656028,2.70788536800279,0.00677134062196977,0.0249874638949575
"FBgn0259171",158.506732251798,0.0867723415125212,0.134210566863372,0.646538819859514,0.517930464998814,0.68776545937057
"FBgn0052650",11.7745377953168,0.0589778255151699,0.47768295077537,0.123466465402288,0.90173772781014,0.947764085947675
"FBgn0052649",182.977871659688,0.121013027701685,0.12267446884932,0.986456504248854,0.323909149250439,0.505303837084913
"FBgn0030431",129.622134437941,-0.233444170194818,0.147835300782125,-1.57908272895431,0.114317082616878,0.239335122651037
"FBgn0030432",9.21732023611334,0.782423568913021,0.553204628568852,1.41434747380397,0.157259904375628,0.300814430039214
"FBgn0030433",127.161602452941,0.674930900651646,0.151905174652371,4.44310670914404,8.86691612249967e-06,7.13015688618217e-05
"FBgn0030434",193.931183747691,-0.319336783965106,0.119272153881929,-2.67737920018806,0.00742006039537943,0.0269264429432725
"FBgn0030435",195.952976317106,0.215643332672525,0.125013304222352,1.72496306704266,0.0845341286064522,0.188966290561808
"FBgn0010303",1269.86222677257,-0.0702210088479385,0.0553525551816737,-1.26861368219524,0.204578882005867,0.365265563473243
"FBgn0261524",506.444614281724,-0.152674637012318,0.0796530050687465,-1.91674673015222,0.055270115423377,0.136206712534204
"FBgn0030447",130.94201848224,0.218172669694852,0.146726122128727,1.48693815749757,0.137031145145751,0.272234603386048
"FBgn0030448",128.856363914117,0.293530705547648,0.148895509310679,1.97138722924933,0.048679600672523,0.123096866998218
"FBgn0040862",39.0309109313571,0.123114915677239,0.270064806987336,0.455871748157886,0.648482206396353,0.788357300781376
"FBgn0052638",502.019727513413,-0.276746055826653,0.0764478374294944,-3.62006389104058,0.000294530280471101,0.00162349202399283
"FBgn0030451",246.434725293769,-0.147142018619026,0.107129382473564,-1.37349824316719,0.169597507009293,0.317640084666799
"FBgn0030452",218.500683000386,-0.531151209744071,0.124042727773121,-4.28200201075526,1.85219308063834e-05,0.000139153906213418
"FBgn0030456",183.258124010526,0.513222588465645,0.123484597331988,4.15616683824822,3.23631532599572e-05,0.00023073435567575
"FBgn0025463",647.756656353489,-0.0143974432864445,0.070180218556484,-0.205149593184251,0.837455250571208,0.911882512594324
"FBgn0030457",143.797137355654,0.139115250454167,0.145481979000269,0.956236995194505,0.338952513106597,0.522267233874747
"FBgn0030460",106.093011126046,0.428157101678916,0.169207426894352,2.5303682559173,0.0113942866462037,0.0386639385729425
"FBgn0005410",545.41546731184,0.0937719328011452,0.0741546472743904,1.26454559825719,0.206034265132442,0.366671265873963
"FBgn0029133",844.612826802686,0.0518575571845269,0.062873718642948,0.824789090001492,0.409491341700459,0.592186241721988
"FBgn0004456",1061.50154688531,-0.243046814036628,0.0576780991445863,-4.2138492363863,2.5105490148231e-05,0.000184233723158483
"FBgn0000346",23.9669908186127,0.0156450192193047,0.331653967366988,0.0471727184315359,0.962375570846107,0.979361048073535
"FBgn0041210",1942.24294009448,-0.239590318839534,0.0452864936153011,-5.29054690952233,1.21951137607737e-07,1.31255557736327e-06
"FBgn0030465",144.835987997331,-0.157742485290712,0.141646388641268,-1.1136357714718,0.265435473799693,0.438868620199083
"FBgn0030466",640.477135491267,0.341615049826981,0.0689305790059471,4.95592891795538,7.19855316838158e-07,6.8903147257302e-06
"FBgn0030467",230.756434102308,0.25000774962463,0.115367451028236,2.16705619649551,0.0302305693907862,0.0850271338072248
"FBgn0030468",433.510831494852,-0.156479775855756,0.0876013747902581,-1.78627077748964,0.0740554260439591,0.170472962677238
"FBgn0030469",523.671106190971,-0.0814466959742108,0.0760964545964277,-1.07030868134603,0.28448038804981,0.460403212114473
"FBgn0085388",457.568687652972,0.325332835985695,0.0847268761518355,3.8397832041238,0.000123143004350078,0.000759451550597045
"FBgn0040309",3707.18222442038,-0.105301723388847,0.0384931745593787,-2.73559467604864,0.00622676712009996,0.0232225170059169
"FBgn0010198",11836.9618562922,0.174999950850475,0.0387332852144883,4.5180766330922,6.24039002655343e-06,5.13436393464447e-05
"FBgn0030474",284.357486025297,0.136033771050044,0.105503665202402,1.28937483630613,0.197267805277984,0.354652463584399
"FBgn0030478",377.868526727496,-0.150130812594498,0.0879303512464966,-1.70738329218808,0.0877508337547875,0.195016765747486
"FBgn0030479",70.6787272404316,-0.422288298305161,0.202335397256356,-2.08707079448945,0.036881735612377,0.0990557520236299
"FBgn0030480",78.2498382373128,1.00217278339996,0.19205753727777,5.21808619231919,1.80781338753824e-07,1.89794281220597e-06
"FBgn0026749",104.516745971252,-0.316052754172972,0.163971728687487,-1.92748321130001,0.0539194383477491,0.133466684700646
"FBgn0030481",110.434679030131,0.0226805700367235,0.156532049853079,0.144894097138646,0.884794487054816,0.938599891518421
"FBgn0030482",1158.40821081884,-0.23387649381633,0.0548036091481206,-4.26753816859434,1.97641962981232e-05,0.000147268601134221
"FBgn0030484",343.963664761815,-0.245087613479751,0.0934236165865084,-2.62340104605996,0.00870567298355852,0.0308671128480003
"FBgn0030485",88.6776800230553,0.279729018811762,0.187793483416767,1.48955657950582,0.136340866046229,0.271225737082654
"FBgn0030486",593.503938260509,0.0287739038029649,0.0722736124448741,0.398124610485077,0.690538334113425,0.816453894935035
"FBgn0086674",391.97213750751,-0.335890049534044,0.0885471093702282,-3.79334855675118,0.000148629293293754,0.000895349764327634
"FBgn0030499",178.937994231227,-0.128741692352947,0.126147704693609,-1.02056309835869,0.307461480212483,0.487088371536019
"FBgn0030500",175.662761863812,0.0280510828010619,0.128602702284934,0.218122032450854,0.82733403126401,0.90712069682056
"FBgn0030501",414.230971577797,-0.227232592762119,0.0862484403580261,-2.63462842712115,0.00842294329825403,0.0300111246011847
"FBgn0030502",747.758682160403,-0.185975136427892,0.0665555887232129,-2.79428279421152,0.00520149701247391,0.0199729787503293
"FBgn0030503",42.1060623738908,0.0261455823532519,0.251640071209406,0.103900711153012,0.917248142745053,0.958131956440376
"FBgn0030504",759.32829468033,-0.0549393482147634,0.0638096224348792,-0.860988454693203,0.389244401816897,0.572673264317488
"FBgn0030505",404.541522995599,-0.446299513548737,0.0885885640388209,-5.0378908202323,4.70689786946232e-07,4.63355189995173e-06
"FBgn0030506",115.415790669525,0.0140201630588744,0.160032279173261,0.0876083445871274,0.930187969662915,0.964300171175952
"FBgn0030507",92.021654783134,-0.0439797511564967,0.171472091663744,-0.256483435466227,0.797577569351129,0.888324173542585
"FBgn0030510",95.4773683281733,0.104380937998805,0.168074013367929,0.62104150372316,0.534572315759678,0.700452522879827
"FBgn0030511",50.813101481688,0.142126371647681,0.238007885825855,0.597149842974831,0.55040734288619,0.711881889602055
"FBgn0030512",333.539188665509,0.253277263409966,0.0946159755179401,2.67689744806301,0.0074307375205887,0.0269517264538577
"FBgn0052627",40.2197532192719,0.18502427921762,0.274798012722449,0.673310106519941,0.500750024416603,0.673694245812337
"FBgn0052628",19.2862159925595,0.0831583046798748,0.370917254402145,0.224196377205239,0.822604502302413,0.903608542067118
"FBgn0030514",391.832154539235,-0.223438002786941,0.0882632454953357,-2.53149543202271,0.0113577296823966,0.0385711561855121
"FBgn0002878",201.919038335547,-0.198159242228545,0.120393920576005,-1.64592399085007,0.0997794089522979,0.215294744888163
"FBgn0001087",451.202258981382,0.115867729006225,0.0860876182792527,1.34592791997533,0.178325763582634,0.329427030889201
"FBgn0001612",224.627995652105,0.328683661477355,0.112485492059275,2.9220093672538,0.00347781080666708,0.0140837767616702
"FBgn0030518",74.2770119925767,0.236284638313595,0.195553651237394,1.20828548492176,0.226937469715248,0.393057671712296
"FBgn0030519",262.776225781234,-0.196948747772648,0.105930697058764,-1.85922261668299,0.0629955903075058,0.150250480493772
"FBgn0030520",1434.16227798181,0.0998344414459367,0.0532822012308776,1.87369213620404,0.0609728704306793,0.146387278149004
"FBgn0052625",59.2653156217717,1.83793997835074,0.243104518205873,7.56028720451126,4.0218033676496e-14,9.48649398245921e-13
"FBgn0020909",114.122138692917,0.00290922972114818,0.157318130316333,0.0184926538047353,0.98524583797946,0.991062952140316
"FBgn0003218",184.752372238603,0.174894875020204,0.123601712260571,1.41498747728914,0.157072167712438,0.300589223004421
"FBgn0030521",1229.83225270121,0.0188700650516807,0.0537668422293072,0.350961006249963,0.725617602400293,0.839027834066231
"FBgn0030522",61.0709298047298,0.26835519569643,0.212236853199469,1.26441375119814,0.206081559765883,0.366671265873963
"FBgn0261244",387.727503833195,0.240710765184439,0.0861181482019424,2.79512240114576,0.00518800684088917,0.0199317132200211
"FBgn0030528",25.7106962373031,0.0470020859680652,0.32927467282112,0.142744309987058,0.886492120712133,0.939378385051049
"FBgn0030529",2689.74525221798,-0.696686468858019,0.0410560917790797,-16.9691375547104,1.38957856256285e-64,2.34774145512072e-62
"FBgn0027537",972.536847394976,-0.181790428277695,0.0587019794117054,-3.09683642867833,0.00195597770827283,0.00865946255368807
"FBgn0030530",396.627359645716,-0.25604948277434,0.0914305411442799,-2.8004808849407,0.0051026529411813,0.0196766314318907
"FBgn0052626",564.761228976643,-0.0922583351231959,0.0729189499447957,-1.26521754897789,0.20579335331434,0.366443311722716
"FBgn0030532",413.45184847292,-0.607446927224763,0.0968079028483577,-6.27476589567572,3.50160747035305e-10,5.25602856861878e-09
"FBgn0085375",317.53744958536,-0.59122432463756,0.0952847388593571,-6.20481655000622,5.47607432215281e-10,7.92503584670123e-09
"FBgn0052613",24.1980102728581,0.0347291485578913,0.338942709604612,0.102463182047503,0.918389035467607,0.95891008086694
"FBgn0000173",454.316213065027,0.331769688182672,0.0836132990286562,3.96790572835749,7.25070030301237e-05,0.000471165811282512
"FBgn0030545",72.4180595079377,0.530023110636067,0.203385105138142,2.60600750618424,0.00916044541314121,0.0323061339448888
"FBgn0026713",438.530390973846,-0.0805408085074631,0.0843807204425839,-0.954493017895792,0.339834141880394,0.523135186773345
"FBgn0040153",31.5448150123113,0.467824547332912,0.296329750351453,1.57872959693741,0.114398093077676,0.239372737963512
"FBgn0030552",119.284395432885,-0.0125189457526054,0.150580644802883,-0.0831378147503172,0.933741958087263,0.966075749513322
"FBgn0259166",174.941337800265,0.374194021419145,0.127804064356979,2.92787262519255,0.00341289830439409,0.0138750454288881
"FBgn0030555",50.7426667840321,-0.174139256972433,0.232139992802485,-0.750147593571253,0.45316581777573,0.630036139132901
"FBgn0030554",69.9170759724304,-0.37269397971477,0.196801055270049,-1.89376006751265,0.0582568642672806,0.141426979211357
"FBgn0030556",333.26319343004,-0.217905612545382,0.0935339202324435,-2.32969613594576,0.0198222169227763,0.0602797848237629
"FBgn0002873",636.764769741149,0.454113498267034,0.0709054491660789,6.40449364058583,1.50869242150893e-10,2.34703435594483e-09
"FBgn0002917",16.3479575122729,0.270844435147816,0.411893044615279,0.657560108597593,0.510820834818907,0.682189956794
"FBgn0030562",11.8959623353757,0.414626802159435,0.471904123448814,0.878625088353161,0.379604588151415,0.56372759194474
"FBgn0030571",62.805871951886,-0.0919145544732282,0.20768321713496,-0.442570929616806,0.658076115566701,0.794995274106002
"FBgn0030572",90.301110549747,-0.268479159018969,0.177987378091611,-1.50841684336055,0.131447874840035,0.264168412368701
"FBgn0030573",13.87283409997,0.167732040819961,0.442062196025493,0.379430863638674,0.704367935153585,0.825626500305065
"FBgn0030575",16.6547788405636,0.90753227985546,0.411355556872175,2.20619914984512,0.027370058786454,0.0784083111528345
"FBgn0015774",36.5845819123482,0.290902502321077,0.277611307387088,1.04787699412926,0.294695283014574,0.472409803861624
"FBgn0052595",66.6571234097958,-0.0186880835571128,0.20178267761643,-0.0926149051933839,0.92620950201302,0.962123538971653
"FBgn0030576",73.0192227756408,-0.852808687476093,0.198456240830069,-4.29721274528385,1.72959179361025e-05,0.00013034734834625
"FBgn0003301",193.840013602942,0.00994795345289175,0.121834286430505,0.0816515099677308,0.934923838976866,0.966451577997572
"FBgn0030581",124.032632548021,-0.254423624388716,0.149951285369155,-1.69670852612145,0.0897517799378919,0.198311034443061
"FBgn0030582",258.57051986002,-0.14864459508683,0.104196317500107,-1.42658203910784,0.153700404324785,0.295562053313807
"FBgn0030583",12.5019240907269,1.41685707188802,0.492249131337781,2.87833331069053,0.00399782494295375,0.0159583506651423
"FBgn0030584",88.6903893816792,-0.271086633860694,0.177267791804294,-1.52924922853429,0.126202670825728,0.256968162429628
"FBgn0052590",32.6201317507949,0.26585615036437,0.299981240045783,0.886242587449118,0.375486819256425,0.560117005411098
"FBgn0024753",190.271736588179,0.190430398200686,0.123073005606924,1.54729623495904,0.121791829220148,0.250951748262069
"FBgn0030588",56.9282442546801,0.702873235585031,0.225718055732752,3.11394333653674,0.00184604938949135,0.00822289933455223
"FBgn0030590",9.77443894388187,1.03621297325876,0.537751617760271,1.92693604079626,0.0539876012642565,0.133589892092924
"FBgn0030598",14.1669384720749,1.95313755264035,0.501099399335281,3.89770483706672,9.71086740230517e-05,0.000610817763443698
"FBgn0027601",117.380262240083,-0.18697769162898,0.153804730967752,-1.21568231648338,0.224105963024017,0.389460335944299
"FBgn0000535",49.8833339955992,-1.12867736156497,0.244291754883976,-4.62020243827314,3.83365802413838e-06,3.27665006416063e-05
"FBgn0030600",571.332581192892,-0.0172211666257673,0.074068703157427,-0.232502607601555,0.816147662131148,0.89981393622171
"FBgn0052594",760.171833467643,-0.0115932696903688,0.0658206567564284,-0.176134214723352,0.860188501635512,0.925543463326717
"FBgn0030603",179.680270872267,-0.182480540871586,0.123896202037195,-1.47285015901298,0.140791443833998,0.277119978177728
"FBgn0030605",155.436128201569,-0.211482558719389,0.139217871783744,-1.5190762221096,0.128743311108849,0.260607454780103
"FBgn0030606",135.051052797037,0.192431502741574,0.14160268508672,1.35895377000602,0.174161238530094,0.324015722899138
"FBgn0030610",72.7504483816486,-0.333060506230728,0.197333842418905,-1.6878022651771,0.0914491926391701,0.201340882690428
"FBgn0030611",33.6101728998556,-0.392557540080652,0.290889584480413,-1.34950703299274,0.177174162875177,0.328025049257941
"FBgn0030612",92.0031335953279,-0.245031511398558,0.182465132778985,-1.34289498309443,0.179305981173008,0.330959845838899
"FBgn0030615",19.5402573885148,0.18066613590939,0.375152191928556,0.481580915149754,0.63010368638981,0.774678632742549
"FBgn0260006",59.2867388900386,-0.108053010207509,0.219637997175524,-0.491959549791189,0.622747939299889,0.769825383531342
"FBgn0030616",6769.5195999913,-0.471519427045529,0.0370676776744028,-12.7205008953431,4.54934509410968e-37,3.71359461895582e-35
"FBgn0030625",86.5528355841037,0.276621397883972,0.182355439486293,1.51693527027892,0.129283027588259,0.261263197615773
"FBgn0030626",122.458673584265,-0.063240973506012,0.157290594239083,-0.402064559625767,0.687636514246851,0.814955836215885
"FBgn0030627",179.935894337987,-0.0418914496141794,0.123993431520915,-0.337852167653842,0.735474594810808,0.846384117107639
"FBgn0004924",1001.36113571138,-0.16475979549737,0.0578094634569937,-2.85004886128964,0.00437125133210017,0.0172218768588437
"FBgn0015926",61.3890697363113,0.425877367442438,0.212888246516862,2.00047383737884,0.0454491222588126,0.116756673695288
"FBgn0030628",133.988648381968,-0.111263699586706,0.150087232075902,-0.741326880693206,0.458495266941722,0.635286949529133
"FBgn0026428",145.81914931901,-0.205400366489609,0.139181398876649,-1.47577455139424,0.140004424660899,0.276013513714819
"FBgn0030629",37.7724981833445,0.282076651982363,0.273911632147352,1.02980895616225,0.303099695636695,0.482158810773065
"FBgn0030630",146.768408853401,0.203235070442201,0.138781123168824,1.46442877677947,0.143076830200335,0.280554162322654
"FBgn0030631",315.943613898589,-0.137287411881889,0.0976529469462465,-1.40587064881369,0.159762538413677,0.304878393568378
"FBgn0029090",10.4200950807103,-1.48774211597193,0.537730466623415,-2.76670601410023,0.0056625794030339,0.0213374685492953
"FBgn0040285",754.959504533851,0.245762766817375,0.067322891914733,3.65050816784049,0.000261721985940499,0.00145701933169174
"FBgn0014455",440.266932202678,-0.140173247871765,0.0825985799831085,-1.69704186077328,0.0896887466547461,0.198232048812513
"FBgn0030638",225.287346079098,0.330728635479428,0.112754457303169,2.93317571109566,0.00335513950174028,0.0136785008306078
"FBgn0004391",348.351119070224,-0.00247841696711289,0.0904614331145145,-0.0273974983789554,0.97814269350554,0.988361214348143
"FBgn0026433",92.8383381783211,0.385379635300277,0.17133841453383,2.2492307772825,0.0244978173081799,0.0720261605600675
"FBgn0030645",23.6535995874431,0.290983473895931,0.353670128798688,0.822753889010405,0.410647963413305,0.593508394558462
"FBgn0030646",60.2354113345396,0.212827666332214,0.211314422713559,1.00716109955593,0.313857363445861,0.494078818078912
"FBgn0030648",107.557050477529,-0.309401864787,0.160599461907125,-1.92654359555655,0.0540365337992295,0.133635675108921
"FBgn0027287",370.973524826202,-0.27654146727582,0.0938268119424183,-2.94736079752485,0.00320499014958033,0.0131698266044689
"FBgn0022710",32.7431381298514,-0.542553037150355,0.285729024074247,-1.89883767988992,0.0575858213115032,0.140359573437732
"FBgn0030653",47.678124075772,0.195176174694296,0.249295178056116,0.782911952875247,0.433678817890789,0.614282352841551
"FBgn0030654",27.3549503845391,0.0250881016082818,0.314059162191715,0.0798833615717504,0.936330023076896,0.967217064930136
"FBgn0030655",74.2516841003866,-0.0834966335448889,0.190602838579796,-0.43806605487637,0.661338400548514,0.797447880495428
"FBgn0030657",28.2692815955161,0.149458472614914,0.306342143197554,0.487880874158834,0.625634222398579,0.771937012459682
"FBgn0030658",263.454824888565,-0.064558493551412,0.104282010507186,-0.619076034662403,0.535866270261075,0.700558668957552
"FBgn0030659",122.120334313112,-0.170158384835726,0.15191916624262,-1.1200587065096,0.262688745816089,0.4355165993505
"FBgn0030660",42.4533403655275,0.747065962066818,0.254620250995073,2.93403984619147,0.00334581252708844,0.0136481347609756
"FBgn0030662",167.579106255416,0.353748985191692,0.12914179700956,2.73922923006487,0.00615834187670949,0.0230145852542667
"FBgn0003463",334.599882414599,-0.174516248426492,0.0940312750736723,-1.85593833849175,0.0634623475557444,0.151131224384357
"FBgn0030667",46.3823860873284,0.0737168475571589,0.241028279799586,0.305843146781175,0.759724075141141,0.862194518799067
"FBgn0030668",60.7943303266673,-0.113223068518045,0.211520986484308,-0.535280543079562,0.592455878579805,0.745314624741521
"FBgn0030669",66.9018960189353,0.00373923643691489,0.199492951089394,0.0187437020531082,0.985045565172538,0.991062952140316
"FBgn0030670",185.818090761071,-0.130696254201785,0.125273963726891,-1.04328345901719,0.296817029638709,0.474868029140105
"FBgn0030671",77.7702960446027,0.106366474541771,0.187282006383217,0.567948179304122,0.570070155791751,0.72742221026437
"FBgn0030672",1484.21132805489,-0.272061348511947,0.049393324028387,-5.50805911251467,3.6281158627574e-08,4.25820060467407e-07
"FBgn0030673",28.206727055348,0.0667757710693749,0.323336833094077,0.206520767926078,0.836384143928253,0.91125815267481
"FBgn0030674",2248.20123661003,-0.130556123279356,0.0440583486339518,-2.9632550317319,0.0030440424747554,0.0125939456600786
"FBgn0030675",16.0448412016998,0.497808102692642,0.415793035981052,1.19724973632153,0.231209229318335,0.398419129743288
"FBgn0026666",54.8514361151154,0.160083740288734,0.221922263531095,0.72135052041006,0.470693881132959,0.646428717083361
"FBgn0011741",229.284795672694,0.0504485845473922,0.110251945563083,0.457575458553037,0.647257478388699,0.787791184535751
"FBgn0030678",51.2622973907274,-0.0721418695347299,0.228419105297041,-0.315831153619637,0.752130670330958,0.856712097192728
"FBgn0030679",114.647067850122,-0.54044595585283,0.154921260189852,-3.48852026629869,0.000485702000499633,0.00253857916088477
"FBgn0030680",161.525739678022,-0.14470985800769,0.13413813972471,-1.07881217306783,0.28067146712394,0.456479662748881
"FBgn0027329",1546.72886661505,-0.0544609183507891,0.0493607909289444,-1.10332345422071,0.269886724732523,0.444447552439665
"FBgn0030683",56.6872844056512,0.100652826624689,0.220096584117447,0.457312079732138,0.647446748399397,0.787810756922748
"FBgn0030685",700.733661286184,-0.398764390593112,0.0692631156474361,-5.75724015395015,8.55002339851759e-09,1.0955188710799e-07
"FBgn0030686",121.349673450136,-0.275394551537843,0.162010552310502,-1.6998556427981,0.0891580821723785,0.197539941135203
"FBgn0030687",183.766211524604,0.0791171703657553,0.126579332024391,0.625040194954655,0.531944677598272,0.698712363542117
"FBgn0053172",37.5474691790818,0.330425362201472,0.271818854411976,1.21560869247381,0.224134021277786,0.389460335944299
"FBgn0053173",16.015610270064,-0.0940297685378218,0.430025814341638,-0.218660753382398,0.826914323394627,0.9069342632038
"FBgn0030691",9.2646642777894,0.370174044799275,0.555667866583242,0.666178606071727,0.505296945783234,0.676660934611322
"FBgn0025809",58.5539082138905,0.341996394894188,0.217944839191357,1.56918785580379,0.116604173095732,0.24286964379028
"FBgn0030692",212.023195802808,-0.0945005999865513,0.114554165781342,-0.824942500711252,0.409404235718625,0.592186241721988
"FBgn0026374",73.583452419941,0.132983465471497,0.194369040921379,0.68418028324422,0.493861331006477,0.667355068441723
"FBgn0030693",136.924434458114,0.309112282786536,0.141872529447066,2.17880292958242,0.0293463112389152,0.0830868866526575
"FBgn0030694",70.840517756179,0.0244367852089897,0.193652266195645,0.126188996850166,0.8995823209823,0.946483064726489
"FBgn0030695",71.331130267838,-0.35437906729175,0.200971756080752,-1.76332771431503,0.0778452336328702,0.177398250421205
"FBgn0003345",720.204788439322,-0.125709272673101,0.0656919112749701,-1.913618742906,0.0556688884112289,0.136930983562274
"FBgn0000319",3600.17680943206,0.197051820068278,0.0371557681322346,5.30339782956406,1.13666833523579e-07,1.2288534904e-06
"FBgn0052582",27.4566131692655,0.324589029933293,0.314052455457259,1.03355036489268,0.301346413688886,0.48021094438468
"FBgn0027093",309.473953717378,0.292032958933024,0.101389700034594,2.8803020310089,0.00397294371240601,0.0159027195981431
"FBgn0030699",204.552701968452,-0.199025055166254,0.11725138620637,-1.69742176707367,0.0896169501791844,0.198154145835168
"FBgn0014391",232.468764734285,0.243553454946468,0.109955315265752,2.21502211473654,0.0267585466399297,0.0770820148053486
"FBgn0026076",134.773940793531,0.0873787128194401,0.145626363592346,0.600019877335125,0.548492988344936,0.710429944789795
"FBgn0030700",15.3897081949265,-0.213727931806679,0.422161617408524,-0.506270402123875,0.612666837985826,0.76150976526382
"FBgn0002914",639.802944739041,-0.101318479293806,0.0700676801795924,-1.44600875944678,0.148174744972841,0.287908403912193
"FBgn0065035",27.283846643175,0.0258507655093897,0.311662071536122,0.0829448555673659,0.933895387313429,0.966075749513322
"FBgn0001105",1217.57735109629,-0.116966733132664,0.0551207058135654,-2.12201080168096,0.0338368309799689,0.0925195999508747
"FBgn0001092",2145.2163650849,0.291619966393995,0.0456523898340369,6.38783571800162,1.68249944223597e-10,2.61182872817187e-09
"FBgn0030701",340.163118673749,-0.15924854577989,0.096095533856398,-1.65718987541987,0.0974810928475005,0.211917451070696
"FBgn0260938",724.923763425791,-0.269882823998634,0.065157343725884,-4.14201697868511,3.44264850711937e-05,0.000243296122609165
"FBgn0030703",637.454094961607,0.118868568099992,0.0714301364104843,1.66412349287555,0.0960877531387977,0.20951132468705
"FBgn0030704",58.5537080096493,0.365672732740128,0.217353065690049,1.68239049943554,0.0924931424430082,0.202961943457228
"FBgn0003392",759.900937454051,0.0465521185985386,0.0641050312659101,0.726185100907894,0.467725304400583,0.643687125681044
"FBgn0010315",208.88441843086,0.120610203910487,0.115593335679162,1.0434010161732,0.296762603105131,0.474868029140105
"FBgn0010240",31.6561705891263,0.298595642472658,0.290979571068681,1.02617390415418,0.304809619605497,0.483819507632496
"FBgn0053180",269.40732579894,0.256975505733619,0.115496507739723,2.22496342757588,0.0260836934038613,0.0756081723257677
"FBgn0045073",530.316846830297,-0.0621458309974586,0.0750227014850529,-0.828360346499121,0.407466456332419,0.589837586904235
"FBgn0030710",61.9072918806545,0.177468737823007,0.212678880517001,0.834444573864593,0.404030508262582,0.586001525759165
"FBgn0030711",79.4349674974803,-0.269752682709137,0.189086636116465,-1.42660892514364,0.153692650173504,0.295562053313807
"FBgn0259110",156.763509218738,-0.37648733316122,0.135839390399374,-2.77156229908226,0.00557879957786572,0.0210983752905749
"FBgn0030716",221.718686833348,0.100593696445055,0.115310887459238,0.87236945844004,0.383006856508913,0.56740310206714
"FBgn0030717",79.6515447750429,0.00546364783916608,0.185840755427318,0.029399621340341,0.976545874801995,0.987741912689918
"FBgn0030718",263.821571847016,0.206599987198023,0.105607319330766,1.95630367769249,0.0504293912209487,0.126584425843424
"FBgn0030719",949.213987676999,0.16517064065338,0.0666749000040485,2.47725366882216,0.0132397765596444,0.0438469560777018
"FBgn0000611",420.332370984344,-0.106270199595778,0.0846438695184912,-1.25549789016394,0.209298073518378,0.370180797372673
"FBgn0030720",337.682953605857,-0.207225868643181,0.0943301937102369,-2.1968137718421,0.0280337490978866,0.0799941819309294
"FBgn0003969",615.897306343037,0.312121805138568,0.0718908510630801,4.34160676251696,1.4144451936008e-05,0.000108970777640613
"FBgn0030721",26.6114319110372,0.632505674229117,0.321011165955093,1.97035412256532,0.0487977995850611,0.123267042414975
"FBgn0052580",91.6645096204662,0.967094298548017,0.177882294678198,5.43670914689716,5.42736241624711e-08,6.20941542583232e-07
"FBgn0030722",10.1630360429036,0.807878027208498,0.539876805721945,1.49641180848318,0.134546374236479,0.269278074057306
"FBgn0030723",11.1858761863189,0.463606500025151,0.535373950496127,0.865948930827752,0.386518168209021,0.570527050004767
"FBgn0030724",130.310483754976,0.3573636850931,0.1465029374534,2.43929365038686,0.0147160045224618,0.0476433925381842
"FBgn0028397",116.64856665838,-0.815228857124724,0.168012688230144,-4.85218625874269,1.22107860376569e-06,1.13152245616808e-05
"FBgn0040207",307.204724672259,-0.0250976905692811,0.0962369866360973,-0.26079048655361,0.794254081281495,0.886368033872514
"FBgn0030731",300.937903942694,-0.290497232989196,0.0991270621444077,-2.93055424729527,0.00338357911019355,0.013763551083738
"FBgn0004066",819.561973153287,0.361161401911582,0.0629515431100076,5.73713342150253,9.62923999581218e-09,1.22301448548209e-07
"FBgn0000536",271.849204588799,0.166518041364655,0.101362560531967,1.6427963193781,0.10042508199513,0.216238358237884
"FBgn0052576",105.131194190989,0.413461521425393,0.166487359993351,2.48344091372405,0.0130119919015117,0.0432641286793971
"FBgn0011571",504.148954028669,0.106252096815456,0.0809371916768776,1.31277222021295,0.189259713494873,0.344173171098937
"FBgn0030734",1118.37298129929,-0.173813993382736,0.0574242967518103,-3.02683712669509,0.00247127076052602,0.0105564366988295
"FBgn0030735",332.914473300951,0.0253737830456072,0.0923413755224163,0.274782381159652,0.783483435039363,0.878956972770183
"FBgn0030737",28.4222069269137,-0.134936662672646,0.312961483839014,-0.431160604868735,0.666351596461629,0.800569596211962
"FBgn0030738",200.892764361451,-0.187241634188487,0.123051795583397,-1.52164893897535,0.128097068113659,0.259951173141265
"FBgn0030739",92.1528020543423,0.214981232443839,0.173457094000602,1.23939141078366,0.215200580762987,0.377690576791328
"FBgn0004432",2138.24829488089,0.372361720319194,0.0445734359347178,8.35389313187691,6.60491085504359e-17,1.89662756371113e-15
"FBgn0030740",942.925215109108,0.0842571131891527,0.0630668979999052,1.33599583713915,0.181550633959184,0.334084436604223
"FBgn0052579",78.0514603656867,0.250288591255311,0.185363340837982,1.35025938852752,0.17693279425162,0.327661674799392
"FBgn0260450",158.138131563624,0.459855573023393,0.137175500085177,3.3523156302536,0.000801385983183906,0.00395252489330012
"FBgn0030743",49.6721310234347,0.23394700848715,0.237631145545382,0.984496404922948,0.324871498229415,0.506261568991141
"FBgn0011764",458.193545927391,0.331962338615829,0.0816740248706309,4.06447875125105,4.8139924101681e-05,0.000326856587475432
"FBgn0003416",329.243754496147,0.355723564736377,0.0958895731183295,3.70972101729358,0.000207487757643664,0.0011888001256161
"FBgn0005411",375.519919699166,-0.147362503895001,0.0894807380564057,-1.64686285669781,0.0995862379808642,0.21494177627183
"FBgn0086448",27.446962091426,1.02025368151849,0.327217165591836,3.1179711482225,0.00182100629131251,0.00814824162097318
"FBgn0004227",307.851854386296,-0.20356558931729,0.0968997550485432,-2.10078538604469,0.0356598098704181,0.0962676303023339
"FBgn0004598",937.456031271501,-0.129971933601865,0.0607851093469263,-2.13821995219356,0.0324988957649587,0.0896440037710846
"FBgn0030744",217.921415277346,-0.0818735855317513,0.117726956310924,-0.69545317484908,0.486771346305422,0.661131768724789
"FBgn0030745",214.568427836415,0.216501012747262,0.116391285905109,1.86011359066667,0.0628694567622331,0.150139865105312
"FBgn0010416",375.187738627291,-0.0119521178333566,0.0907267399468518,-0.131737543312569,0.89519188902406,0.943777256386562
"FBgn0004367",172.392567364144,0.279830129500927,0.130371233531255,2.14641007775569,0.0318402760027387,0.0885234273097869
"FBgn0030747",358.343601228212,0.176274162674093,0.0911199464800864,1.93452882144324,0.053048141962143,0.13171385897299
"FBgn0030748",274.320651409074,-0.10182865473944,0.103537369991955,-0.983496632639522,0.325363071796956,0.506701546967821
"FBgn0030749",278.694503117582,-0.198209098968538,0.105651111638396,-1.87607206298911,0.0606453852510981,0.145842013852773
"FBgn0026575",1385.34318498195,-0.162538584106368,0.0527542043400494,-3.08105460294041,0.00206268818844743,0.00903280873361699
"FBgn0030752",930.672776818806,-0.391313156782616,0.069568088654816,-5.62489446453301,1.85621421684247e-08,2.26265038344975e-07
"FBgn0030753",544.078610469067,-0.181816215364998,0.0763764542915866,-2.38052704922473,0.0172878917647694,0.0540200144821719
"FBgn0004925",947.819429793268,-0.160170277549539,0.0607076140269775,-2.63838861264358,0.00833010612421771,0.0297533043227343
"FBgn0054015",24.3059035525776,-0.0171796714577387,0.330730770810006,-0.051944581436022,0.9585728513538,0.978444363714638
"FBgn0010256",1055.47675965802,-0.157866061515306,0.0566634910412097,-2.78602780404926,0.00533582947357682,0.0203917943848162
"FBgn0030757",61.0038281960004,0.0917057512976983,0.213059341460357,0.430423518016747,0.666887590725546,0.80078215888111
"FBgn0011742",653.018529415365,0.411270937093902,0.0715949925104377,5.74440924809013,9.22424502945173e-09,1.17362767318681e-07
"FBgn0011826",327.099838809021,-0.380242742575487,0.0964470233333226,-3.9425036609099,8.06354190243138e-05,0.000518591458462094
"FBgn0030758",294.585229107395,-0.436280274274297,0.100227014603196,-4.35292097646084,1.34335582422804e-05,0.000104156670896656
"FBgn0030759",84.4912150746754,0.283283059907466,0.181996974004539,1.55652620850938,0.119583015463736,0.248078414432907
"FBgn0015615",476.443081058781,-0.245987452225126,0.078895200679804,-3.11790134387852,0.00182143763144672,0.00814824162097318
"FBgn0015374",237.142607358941,0.0100344441090781,0.10847318734642,0.0925062160940481,0.92629585267106,0.962123538971653
"FBgn0030761",108.813377074562,-0.18298422050122,0.161833012343276,-1.13069773497807,0.258182335018651,0.429812320950266
"FBgn0061200",1125.40585394068,-0.34287727116501,0.0576601315725219,-5.94652252455853,2.73898860015287e-09,3.68495410742789e-08
"FBgn0025743",227.431596742373,0.026757936896626,0.110887821560993,0.24130636277229,0.809317679804009,0.895669255526544
"FBgn0026181",952.85546118632,-0.0392018979630367,0.0580799747489543,-0.674964101353066,0.499698572864097,0.672782600955274
"FBgn0010412",10890.100958994,-0.452785760347464,0.034289431395369,-13.2048197337159,8.22964881037396e-40,7.8668945536009e-38
"FBgn0030765",257.499863046251,0.079371750816921,0.105943758399011,0.749187606861998,0.453744137756228,0.630296589062906
"FBgn0030766",148.30863095404,0.169745771974387,0.136709812270553,1.24165024554679,0.214365634666941,0.376884505713579
"FBgn0030768",147.338274929078,0.582276892486431,0.137380251973141,4.23843226463342,2.250860710348e-05,0.00016635303215339
"FBgn0003189",940.132695009303,-0.0714178316953571,0.0590960211158575,-1.20850491026025,0.226853108209663,0.39305695949039
"FBgn0000152",127.249447739136,0.200029837743656,0.150651669807811,1.32776382763521,0.184256140191325,0.337609295962163
"FBgn0259923",18.1308102993577,0.28669971916472,0.382473161843253,0.749594344824166,0.453499057832291,0.63011644022836
"FBgn0085354",35.5171081518042,0.786524839132423,0.285517419098014,2.75473504074517,0.00587396826402525,0.0220653461417495
"FBgn0052572",13.5408016628712,-0.549912089167926,0.475837204194122,-1.15567274757184,0.247815039360997,0.418011669597782
"FBgn0001250",10.1632251348046,-0.179539571601436,0.523754455023446,-0.342793402288862,0.731753889779167,0.843572200768906
"FBgn0030786",161.996931671557,-0.410744818156176,0.138128950490561,-2.9736330921029,0.00294296746562757,0.0122105417691515
"FBgn0030787",49.9194935475943,0.0803537435625014,0.238786446395008,0.336508812688546,0.736487207113002,0.84694635610597
"FBgn0030788",153.334562343019,-0.252324850396428,0.13416108720732,-1.88076032811592,0.0600045290188337,0.144828207083663
"FBgn0030789",72.4468617996255,-0.0842646328602958,0.19254279000965,-0.437641071140978,0.661646493543286,0.797523783014284
"FBgn0030790",219.53726687497,0.0907480025163248,0.114281757083218,0.794072517193128,0.427153215929584,0.608364656680735
"FBgn0030791",232.502179591982,-0.111706047129415,0.111223632460387,-1.00433733963149,0.315216041500325,0.495466149177815
"FBgn0030792",190.930026647039,0.0302085453755757,0.123701746838666,0.244204678976556,0.807072303455534,0.894216910874555
"FBgn0030793",123.219844929766,0.135143949373578,0.150215083105084,0.899669637562536,0.368296085972702,0.553205796968104
"FBgn0030794",16.0753066459836,0.0357319738654397,0.414331772883785,0.0862400042766261,0.931275630334582,0.964602479382691
"FBgn0030795",37.6113507213606,0.104017779368783,0.27729848796887,0.375111238906071,0.707577738872495,0.827120236992546
"FBgn0030796",2363.20894488351,0.365623096072229,0.0435736901372111,8.39091421729266,4.82376221562786e-17,1.39066001970383e-15
"FBgn0030797",134.835667916059,-0.132036855254354,0.141862677171286,-0.930737089466682,0.351989579051451,0.536332777616285
"FBgn0030799",38.7553665496909,0.461089192179,0.266160330716046,1.73237383248864,0.0832070239415188,0.186634773861606
"FBgn0030800",98.8593311307684,-0.188063660391359,0.169091652328866,-1.11219955450902,0.266052359423518,0.439688442040914
"FBgn0030801",42.2865293563654,-0.25708546534674,0.252948530334985,-1.01635484897373,0.309460438267857,0.489317458354305
"FBgn0030802",64.539357979427,0.136361215213702,0.203719255949564,0.66935849818469,0.503266818963705,0.675329412591672
"FBgn0030803",114.481828436237,-0.0121029158841439,0.157649563118454,-0.0767710080810693,0.93880571485109,0.96826001112907
"FBgn0027556",109.42067963234,0.539955795999165,0.15961410744411,3.38288265771391,0.00071729272955401,0.00359140708491377
"FBgn0030805",86.6816780789586,1.08731223043915,0.183814790097326,5.91525975610254,3.31352232142502e-09,4.42513596785896e-08
"FBgn0030806",73.6410685735202,0.196327719500789,0.19114801228692,1.02709788687781,0.304374373603798,0.483657004425107
"FBgn0030808",715.737444037406,-0.213612107901997,0.0664798568096427,-3.21318543921732,0.0013127150415208,0.00607444253289718
"FBgn0030809",929.300917459847,-0.0425871333201243,0.062437289571602,-0.682078508089083,0.49518930964198,0.668441162123558
"FBgn0030812",509.334851618861,-0.229761549712405,0.0763126324076254,-3.01079313428909,0.00260566304510055,0.011070258492781
"FBgn0030813",19.2182485025548,0.847682713799256,0.389208421123901,2.17796601458786,0.0294085670454224,0.0832307127327594
"FBgn0030816",27.1394245069266,0.0543633866383732,0.321853551402753,0.168907213859963,0.865869624889901,0.929077221012854
"FBgn0065032",142.170930375224,0.217273367686375,0.14271567351387,1.52242120530132,0.127903574835818,0.259666477514524
"FBgn0260748",1322.11443490998,-0.138634102719058,0.0523882924522741,-2.6462802322743,0.00813823666538224,0.0291683716694632
"FBgn0002590",8448.50294620366,-0.0945868213289574,0.0301439479491643,-3.13783786677418,0.00170198993115811,0.00767533013647652
"FBgn0260747",703.436876039763,-0.172815909347081,0.0737702740336622,-2.34262257543225,0.0191487428628922,0.0586361817500004
"FBgn0016080",27.7314792654876,0.506010643929986,0.312750632030832,1.61793643915035,0.105676296294796,0.224839522720049
"FBgn0028974",182.271021122471,0.0710675271496147,0.125161818568602,0.567805165843466,0.57016727172427,0.72742221026437
"FBgn0000163",214.775334770037,-0.221130856883813,0.114981232148479,-1.9231908786493,0.0544560823639475,0.134565795365333
"FBgn0030833",42.8348663249086,0.208664012282383,0.257879946277063,0.809151759548599,0.418427859048802,0.600446701454042
"FBgn0030834",102.351156174614,-0.470249757895423,0.1679873881723,-2.79931584752721,0.00512110179202417,0.0197372968270852
"FBgn0024238",1046.39010108443,-0.198116050149227,0.0580932031807672,-3.41031375964507,0.000648881838876941,0.00328969055090089
"FBgn0030838",162.936793928515,-0.102492303618464,0.135611365157333,-0.755779602244655,0.449781348374708,0.627431162815333
"FBgn0027602",149.205465746945,-0.0502979596829587,0.137386020803503,-0.366106823596685,0.714285365978737,0.831482644421651
"FBgn0030839",33.7965084130068,-0.407581915502316,0.285023776960187,-1.42999268288852,0.152719119162055,0.294376333433889
"FBgn0030842",326.04666962028,-0.133748433549109,0.101412261041026,-1.3188586091676,0.187216385941418,0.341826349299925
"FBgn0028343",496.277427797432,0.175530508844188,0.0773188470721099,2.27021632488238,0.0231944609877402,0.0688911525249111
"FBgn0026313",557.351251383084,0.086985954166896,0.0748653757900972,1.16189831746496,0.245276770664724,0.414596495783904
"FBgn0030850",285.309628520181,0.276316564736437,0.102491252365964,2.6960014475167,0.00701773617366717,0.0257104656085184
"FBgn0030851",48.1258950254204,0.505894956868685,0.23698411903889,2.134720921049,0.0327838130458829,0.0901151728257054
"FBgn0030852",12.9936401177925,0.115453125169051,0.461583869218417,0.250123829856845,0.802491588001558,0.891159197020249
"FBgn0030853",210.97260043584,-0.0272220936448273,0.117028316533599,-0.232611170109515,0.816063352727301,0.89981393622171
"FBgn0030854",234.510215960623,0.330954987751602,0.115203939088163,2.87277492741224,0.00406883878571257,0.0162300141302631
"FBgn0030855",217.237612235931,-0.0954141588532513,0.113710142103406,-0.839099811927796,0.401413301635727,0.58398259286168
"FBgn0026375",1003.76453058638,-0.0222708765128108,0.0591225357870349,-0.376690143890862,0.706403888276761,0.826503304580909
"FBgn0030858",274.300616236881,0.0862572766094381,0.102201528828856,0.843992038063169,0.398673854768562,0.582176144848652
"FBgn0250788",2984.94276364274,0.15081882865654,0.0397850840662018,3.79083850635026,0.000150139555973435,0.000902502705545262
"FBgn0052556",11.3431756010448,0.108407808509439,0.528832447994934,0.204994623383014,0.837576325745619,0.911882512594324
"FBgn0030863",545.294359371643,0.370769775554108,0.0746365219745898,4.96767220316534,6.77613775733533e-07,6.52034977576704e-06
"FBgn0026192",443.86582624899,0.203251634888037,0.0827760477095643,2.45544019691764,0.014071216324871,0.0459936362186396
"FBgn0030864",167.06825866286,0.306180467036467,0.131345324143967,2.3311105213069,0.0197475326507396,0.0601281746469502
"FBgn0261570",789.919877105971,0.191304573383922,0.0639933764764678,2.98944334425408,0.00279486274108236,0.011750392253451
"FBgn0030869",484.583705663716,-0.30559018781384,0.0807740753937086,-3.78327063880749,0.000154780955420792,0.000926263295825414
"FBgn0000617",177.797210187692,0.145782216071211,0.135196717128691,1.07829701169773,0.280901230237327,0.456490335307806
"FBgn0030871",157.260207763355,0.289954230009821,0.133344748443748,2.17447056141202,0.0296698139203157,0.08378464552026
"FBgn0030872",82.0605139015624,0.072685448598719,0.182524273353231,0.398223465095266,0.690465470633548,0.816453894935035
"FBgn0030873",404.507333870728,-0.13259115297186,0.0863874955588497,-1.53484195963911,0.124822653174974,0.255053878439544
"FBgn0030874",41.1890535580925,-0.0478648284582691,0.253307439050071,-0.188959426686272,0.850124616670582,0.919154136399179
"FBgn0052554",18.8782830133751,0.0795366504505088,0.378108743886052,0.210353904099288,0.833391466904437,0.909786527100176
"FBgn0030876",30.6586365935865,-0.376453197445948,0.297714463463043,-1.26447735547346,0.206058743400491,0.366671265873963
"FBgn0030877",167.864044701732,0.0475064342648182,0.128942878229949,0.368430074750604,0.712552575746869,0.830530156072678
"FBgn0030878",219.949082903862,-0.115408055809257,0.11450691114878,-1.0078697840282,0.313516979116269,0.49381281481088
"FBgn0259168",678.096739344467,-0.0482513916100255,0.0677308791368279,-0.712398720125121,0.47621790786586,0.650568465709943
"FBgn0030883",47.7382783849287,0.00312259545151207,0.265812325604706,0.0117473689168039,0.99062717128784,0.994185163614609
"FBgn0027605",914.576281658958,-0.274119547518001,0.0673940080449162,-4.06741720028446,4.75370910925619e-05,0.000323065450689862
"FBgn0030884",21.635568855012,0.536348453431769,0.359691066578159,1.49113643142211,0.135925679130185,0.270878664653938
"FBgn0030890",281.990181519915,0.329587952766908,0.100103412820068,3.29247468674548,0.00099309837247766,0.00476857876804375
"FBgn0030891",136.311161885961,-0.0108448275298106,0.145511042436252,-0.074529240861989,0.940589275017734,0.96899901914405
"FBgn0030892",100.100961545057,-0.243726242268813,0.164196479366297,-1.48435729687662,0.137714157258499,0.272911443666938
"FBgn0021765",293.247366003728,-0.0333130056140263,0.110181661312355,-0.302346190983516,0.76238816962523,0.864079571345912
"FBgn0030893",474.197731162171,-0.11438513559904,0.080195096001186,-1.42633578987608,0.153771438442504,0.295620402298172
"FBgn0030894",288.300733562472,0.0726609207479978,0.100626836947759,0.722082924913163,0.470243495542313,0.64629568579548
"FBgn0022724",72.7499314629451,-0.212144697565668,0.195578623639466,-1.0847028863274,0.278053269100218,0.453334156196832
"FBgn0017418",263.694604010027,-0.085335293578202,0.104659663610082,-0.815359906908599,0.414866326827983,0.596832448397088
"FBgn0053542",14.4370589586114,0.167394215912567,0.443473821180671,0.377461324474372,0.70583080093303,0.826407859593628
"FBgn0014467",170.278731503477,-0.409287472895476,0.13655663083426,-2.99719955299888,0.00272472290677628,0.0114950705128547
"FBgn0004957",69.5438077906595,0.306631732218172,0.198342287942296,1.54597254775735,0.122111197920171,0.25131383934562
"FBgn0030915",49.6836480313298,-0.0320342344977591,0.235375347283918,-0.136098511876515,0.891743403933324,0.941918556204652
"FBgn0008635",1308.18539356921,-0.143039401854807,0.0527209419177641,-2.71314200110318,0.00666485395937124,0.0246664106035823
"FBgn0052549",676.157874825952,-0.132028044431216,0.0680387328918838,-1.94048358662137,0.0523209469970551,0.130268295298165
"FBgn0030930",450.541714649756,0.0916508790438137,0.0817023664239579,1.1217652934094,0.261962246521147,0.434708935809989
"FBgn0010194",328.198375485971,0.245134931233533,0.0935501294552341,2.62035908085874,0.00878372241887098,0.0311134779976098
"FBgn0027087",587.777946344629,0.114214964235635,0.0715334273937232,1.59666562049363,0.110340263016472,0.232826607846259
"FBgn0000242",37.4184901464053,0.614192282092981,0.284194375628787,2.16116973016819,0.0306822307340521,0.0860310329150475
"FBgn0030941",355.304322331971,-0.369726076277157,0.096726317187408,-3.82239381202543,0.000132162397361689,0.000806856988935015
"FBgn0027335",2719.45069228232,-0.0471372442127856,0.0401580527658762,-1.17379307427077,0.240477918743801,0.409374735828953
"FBgn0030943",187.017252041378,0.0204461785003969,0.12720421862596,0.160735066189261,0.87230206968726,0.932912488779323
"FBgn0030944",153.639531660455,0.0200091383179577,0.136748482013818,0.146320734411779,0.883668198319695,0.938435445122388
"FBgn0030945",60.1981219204379,-0.364706953215847,0.214985353725562,-1.69642697465527,0.0898050488472552,0.198358423987502
"FBgn0030946",555.246752116523,0.124301481213909,0.0752586125099291,1.65165789094915,0.098604311405267,0.213365879612075
"FBgn0001079",94.4560576503028,-0.193234412413198,0.168816895928301,-1.14463905612426,0.252358706548079,0.423170628387862
"FBgn0030955",923.545557017535,-0.0372841894797004,0.0598064973789315,-0.623413694392924,0.533012701107993,0.69923027691397
"FBgn0030956",39.2999766569126,0.340907696856203,0.279814987991299,1.21833251071885,0.223097640382319,0.38821661254552
"FBgn0030958",17.5213469599448,0.0607500540382803,0.392002187216647,0.154973762951751,0.876842001516346,0.934550292823091
"FBgn0030959",33.3349522789133,0.402024382094677,0.289720471546883,1.38762849566059,0.165250199711037,0.312258995375443
"FBgn0004462",110.2964250094,-0.0124633878218933,0.158706150799858,-0.0785312211220515,0.937405496038699,0.967721336535846
"FBgn0030960",66.7852717677655,-0.212566565015849,0.203882323974248,-1.04259437930823,0.297136193552373,0.475169369614349
"FBgn0001090",10.9741974316319,0.755902576009213,0.508667321759221,1.48604509012871,0.13726719476472,0.272471631138167
"FBgn0030963",20.5305650999846,-0.231462047691272,0.373462727281247,-0.619772820105186,0.535407365425777,0.700558668957552
"FBgn0085451",714.185102808198,-0.273061910078881,0.0713129218462238,-3.82906636005884,0.000128630321791671,0.000788606993937966
"FBgn0030966",58.1230178741367,0.531491534063013,0.21966976426556,2.41950245560646,0.0155417557960935,0.0497185626854335
"FBgn0030968",21.5589091346052,0.245726110232962,0.349718950507073,0.702638818618986,0.48228086446929,0.656628650743889
"FBgn0030969",144.812209861945,0.00862703591411298,0.14565477031398,0.0592293400038744,0.952769440714183,0.976010996445085
"FBgn0030970",110.341003061261,0.206549479274374,0.167338902170642,1.23431835989785,0.217084297100818,0.380119888753301
"FBgn0085430",405.783666773018,-0.130847701085896,0.0876421212536041,-1.4929773402822,0.135443118476715,0.270311507771793
"FBgn0030973",227.769454892792,-0.0560066049016112,0.114584402953614,-0.488780352804944,0.624997209094406,0.771443630773797
"FBgn0030974",309.495113688666,-0.501747930136232,0.100644541681859,-4.98534666412688,6.18508147044925e-07,5.97534798973588e-06
"FBgn0085359",18.9125898894993,-4.21983526429659,0.660765981288091,-6.38627802247096,1.69971861354137e-10,2.63293299091216e-09
"FBgn0030985",11.9791608227586,0.524901127362987,0.472082174304862,1.11188508258314,0.266187563375726,0.439811837144564
"FBgn0261461",456.283096537395,-0.367192804728908,0.0801420169578995,-4.58177643472341,4.61042638116223e-06,3.87222516290678e-05
"FBgn0030990",549.475884435306,-0.154385271294588,0.0856271730395809,-1.80299390735723,0.071389171527417,0.165594614031509
"FBgn0030991",861.190806887184,0.102226173883182,0.0640327507083085,1.59646700715478,0.110384566201285,0.232852460352013
"FBgn0030992",32.3357064311115,-0.106831144575505,0.288351711615628,-0.370489025284201,0.71101815228048,0.830073417373885
"FBgn0030993",745.176285639714,-0.318593409093617,0.0644168129778958,-4.94581141732269,7.58273406489039e-07,7.22947020753658e-06
"FBgn0030994",24.266914446251,-0.323851590679248,0.337157426447648,-0.960535243406641,0.336785902194656,0.519810830559629
"FBgn0030995",24.6396535409412,-0.205105970711877,0.331495016577213,-0.618730178298481,0.53609412576478,0.700615906400635
"FBgn0030996",251.464146914515,-0.0330676262948536,0.10598855984139,-0.311992410731296,0.755046291031834,0.858598638690029
"FBgn0027603",601.607559020234,-0.0559222143157904,0.0716770815857371,-0.780196585555714,0.435275171807566,0.615138152715205
"FBgn0031002",149.436459759916,0.0226445352371205,0.134814747045364,0.167967790864161,0.866608618199849,0.929148702954826
"FBgn0031003",84.5327481265315,0.413355796296203,0.18123184959565,2.28081210459668,0.0225595677969006,0.0674188646830452
"FBgn0031006",424.009134211365,-0.141178970224303,0.0837440721142248,-1.68583837231772,0.0918269346627085,0.201913644166034
"FBgn0040068",318.20467785619,-0.118263122529316,0.0942328132129541,-1.25500999595605,0.209475131280239,0.370276600669327
"FBgn0031008",144.404018918624,-0.236833874946767,0.139511531248809,-1.69759354532774,0.0895845019149021,0.198154145835168
"FBgn0052537",51.6938081301302,-0.07575568044711,0.228877489544717,-0.330987903606436,0.740653622601392,0.849652387209713
"FBgn0052536",8.14040623158303,0.449004628484366,0.607833534511461,0.738696703934323,0.460091187693003,0.636678567350413
"FBgn0031011",1069.42266160612,-0.0278214031486901,0.0576728840941858,-0.482400066957894,0.62952177357501,0.774509006777722
"FBgn0031012",253.551322418142,-0.524109881320833,0.1073920517576,-4.88034144746417,1.05902325870751e-06,9.88920819345771e-06
"FBgn0259834",91.1646169631876,-0.0480295271481307,0.176664653350738,-0.271868346254733,0.785723250835912,0.880771395976377
"FBgn0031016",25.4278309436977,-0.496223557845754,0.334051119561777,-1.48547191967721,0.137418856503926,0.27247488878303
"FBgn0052533",31.5908605398212,-0.125309622016729,0.288473118772316,-0.434389251067905,0.664005801983377,0.799157123832972
"FBgn0031018",14.8463097156997,0.601213578142232,0.43527188050832,1.3812368890913,0.167206135853144,0.314865883093078
"FBgn0044030",30.4094806550435,0.415446788862437,0.301716991721545,1.37694196966492,0.168530189941387,0.316317776043515
"FBgn0031020",503.035583903338,-0.29867555926855,0.0770840839898096,-3.87467222556649,0.000106768311069795,0.000662401178413371
"FBgn0020261",168.237945267428,-0.111143766618539,0.130805061180032,-0.849690108439821,0.39549739927607,0.579407859693761
"FBgn0031021",102.013351635722,-0.419453372223205,0.166992639275744,-2.51180755057467,0.012011457209236,0.0403809517006478
"FBgn0031022",49.9395312712435,-0.184145837528615,0.245221866250663,-0.750935633694194,0.452691393847589,0.629964513320224
"FBgn0040890",60.786955747595,-0.0960622567860824,0.215011712965981,-0.44677685443714,0.655036184548937,0.793271858767799
"FBgn0027621",181.401532974934,-0.18304136262463,0.125195976428393,-1.46203870001623,0.143730605160918,0.281456292855545
"FBgn0031023",480.517680112779,-0.0650601174559018,0.0810923336315439,-0.802296771375614,0.422381309589572,0.603780280911186
"FBgn0027291",486.380841935987,-0.116553673330325,0.0808990388240579,-1.44073001391043,0.149660972121309,0.290252792968849
"FBgn0261573",547.060600847507,0.00795937280552226,0.0789076729798424,0.1008694402578,0.919654102488294,0.959480652804985
"FBgn0052532",9.28635967481029,0.24898624202571,0.534082621710496,0.466194240187571,0.641076471788658,0.782274568444307
"FBgn0026430",266.474904425644,0.322288578494774,0.105689043697005,3.04940386648524,0.00229296004739911,0.00991568734783009
"FBgn0000257",182.050108571089,-0.161492754171222,0.12415449500746,-1.30074029266132,0.193347365423461,0.349333153395038
"FBgn0031030",1113.68592559416,-0.166260007584503,0.0562721248086968,-2.95457134682087,0.00313103747329947,0.0128900870239084
"FBgn0031032",11.9554280593385,-0.525554456486026,0.483055922446642,-1.08797849703225,0.276604600388046,0.451681821042741
"FBgn0031033",10.2389176065822,0.371917171448974,0.517705061659937,0.718395857008782,0.472513240611664,0.648188952613999
"FBgn0031034",18.4984256074407,0.195030209604188,0.396390129592413,0.492015807267267,0.622708168950292,0.769825383531342
"FBgn0031035",6951.2246183599,-0.435975696047455,0.0405726492285469,-10.7455565346889,6.21857443002535e-27,3.44869795680413e-25
"FBgn0031036",84.8133439165041,-0.315664240554669,0.181128983893005,-1.7427594069712,0.0813756497361776,0.183771866749559
"FBgn0031037",129.932507442595,0.521884816020129,0.153261899109918,3.40518301711658,0.000661197250047359,0.00333815011924535
"FBgn0031039",10.9495456112638,-1.09708183365339,0.516369733713191,-2.12460522378863,0.0336195676219474,0.0920294494248107
"FBgn0031040",48.0064941057799,-0.39926018738893,0.254296429929157,-1.57005816990886,0.116401578953362,0.242517198478973
"FBgn0031042",13.9159970187558,-0.885682561796178,0.471907341630293,-1.876814543161,0.0605435165096301,0.145741765222817
"FBgn0031043",176.841883206686,-0.301229720727081,0.128557735919295,-2.34314736933595,0.0191218285203887,0.0586361817500004
"FBgn0031044",111.719595066323,-0.106633787678949,0.15492514989184,-0.6882922995614,0.491268729933318,0.665250199993579
"FBgn0031045",13.7116389641472,-0.226631632866422,0.450095626652944,-0.503518851208858,0.614599529971108,0.7631286250624
"FBgn0087008",993.331263927107,-0.33615043422106,0.0592587440166074,-5.67258789904243,1.40656308000355e-08,1.7438021802433e-07
"FBgn0031047",390.841830344502,0.109933236508273,0.0869520297066849,1.26429753139876,0.206123255310291,0.366671265873963
"FBgn0031048",203.32267463645,0.302738713444868,0.123019883222766,2.4608925444732,0.0138591868113977,0.0454774129109325
"FBgn0031049",158.30415672044,1.24062702063943,0.140177233188448,8.85041737820285,8.71925929404679e-19,2.90575315464449e-17
"FBgn0031050",112.487899368112,-0.0280582306807437,0.15774861032998,-0.177866737602641,0.8588276338146,0.924764007657191
"FBgn0031051",442.749419809756,-0.0352777325709705,0.0822658218728425,-0.428826112325225,0.668049774373019,0.801152461343675
"FBgn0031052",435.551761760551,0.0461937534312549,0.0838276294651967,0.551056420490019,0.581594998343422,0.736883094343383
"FBgn0031053",58.303082529538,-0.311919518509825,0.219669914581221,-1.41994646424145,0.155623267417761,0.298706218702782
"FBgn0031054",124.736008401964,-0.369072278286086,0.150043215707906,-2.45977318297797,0.0139024846933943,0.0455956232076928
"FBgn0004057",195.417714221874,-0.217037971612427,0.124126500986982,-1.74852243386116,0.0803736044400567,0.181904746497512
"FBgn0031055",614.89407951691,-0.580358060111856,0.0722230359932077,-8.03563644384094,9.30943985076013e-16,2.43284462286951e-14
"FBgn0043903",393.499088622406,0.16176263075178,0.0869765436410125,1.85984202153905,0.062907880162501,0.150139865105312
"FBgn0031057",1120.1382674406,-0.0652159813030339,0.0562536706862849,-1.15931956985936,0.246325947657418,0.415886128220113
"FBgn0031058",27.5220999146253,-0.175214225406917,0.310122631774835,-0.564983678889104,0.572084865457269,0.729017599920965
"FBgn0086384",263.572587860333,-0.13570932164447,0.10739065000005,-1.26369773946249,0.206338536808837,0.36687456434562
"FBgn0031059",43.1793869885307,0.217452972929597,0.258341571780379,0.841726600295123,0.399941005276147,0.583096809819629
"FBgn0010341",1719.73290650061,-0.256837727035802,0.0474266426966027,-5.41547350671314,6.11267229546423e-08,6.90646410988299e-07
"FBgn0031060",58.628079502803,-0.170104757262367,0.221318492976581,-0.768597124327819,0.442132513168119,0.62069424312394
"FBgn0031061",132.266943913442,-0.577743942021606,0.146647366496203,-3.93968167192805,8.15897974579508e-05,0.000523630634745594
"FBgn0031062",134.893595934298,-0.0442685090935364,0.143157272812596,-0.30922989956289,0.757146651171075,0.860246313926577
"FBgn0040089",358.181555806625,-0.180100921890214,0.0909524019898072,-1.9801667460129,0.0476847951459698,0.121204226256907
"FBgn0010380",809.766835544132,-0.132698042543476,0.0625904431038447,-2.1201007048842,0.0339975535359457,0.0928193259822043
"FBgn0031066",804.677590644099,-0.295375525955344,0.0634483914163365,-4.65536665881953,3.23404653821233e-06,2.7970652500134e-05
"FBgn0042132",75.554471711005,-0.282409429039648,0.189971597590152,-1.48658764058469,0.137123754083175,0.27233572263922
"FBgn0052528",437.965586754544,0.208970855010337,0.0851473515695983,2.45422612868383,0.0141188165839118,0.0461003157223009
"FBgn0031068",125.676405102854,-0.116401362559356,0.147797206594732,-0.787574848275279,0.430945431472822,0.612205428167785
"FBgn0031069",636.964511253223,0.0911289649231805,0.0694091132687435,1.31292507037715,0.189208198084787,0.344165638228837
"FBgn0031070",166.754093111423,0.487020982534269,0.130406215329079,3.73464547916887,0.000187979803461401,0.00109079334836028
"FBgn0026175",67.2589640143968,-0.0490197095195895,0.208753154809622,-0.234821406959308,0.81434735189721,0.898933625418245
"FBgn0031079",866.138349774748,0.294611373950092,0.0619540066238006,4.75532398960155,1.98128413538534e-06,1.78364674641568e-05
"FBgn0031078",1138.47835347505,0.135911103667953,0.0565618084919884,2.40287761815827,0.0162666302502905,0.0516057068857469
"FBgn0031077",276.559170859956,0.0208761903538296,0.103506852256713,0.201688969364593,0.840159886562831,0.913599996389608
"FBgn0052529",2406.85750419856,-0.487364928087646,0.0502347744462893,-9.70174412963143,2.96388101062998e-22,1.26662326718981e-20
"FBgn0086782",72.8496626931193,-0.00256479003525718,0.200995307271816,-0.0127604473461099,0.989818912370432,0.993648528170677
"FBgn0031080",206.640440842775,0.0458304467868708,0.120582168238356,0.380076486071119,0.703888639772788,0.825454947311617
"FBgn0085360",188.327648126564,-0.428620428723774,0.121112328880896,-3.53903217520725,0.000401596900750904,0.00213274962277435
"FBgn0031089",38.6136945877929,-0.535144079688093,0.270822588048905,-1.97599499932205,0.0481553435765201,0.122068587258694
"FBgn0031090",629.385710676733,-0.239188295667638,0.0756502851261924,-3.16176330688837,0.00156816972461667,0.00713831644695496
"FBgn0031091",117.872297998723,0.292378403266283,0.15564788773956,1.87846046298752,0.0603182008596361,0.145392080041558
"FBgn0031092",149.628639367643,-0.178163113224181,0.135857576328541,-1.31139622860144,0.189723932354151,0.344758471373914
"FBgn0031093",94.9437717835066,-0.0776676323589973,0.172983760321352,-0.448987998727244,0.65344031412082,0.792021262500548
"FBgn0031094",51.0527334282221,0.307855417548782,0.241262749061542,1.27601720011179,0.201949438968154,0.36145914612063
"FBgn0000084",372.466063967752,-0.284450390474206,0.0943435354471509,-3.01504908763514,0.00256937668186352,0.0109416890936333
"FBgn0003654",141.485911689149,-0.634055082643366,0.143694706288857,-4.41251524860477,1.02176595737368e-05,8.09501600907283e-05
"FBgn0031097",23.6222006498751,-0.937897091288302,0.350898050215825,-2.67284782777059,0.00752103589329477,0.0272520328003923
"FBgn0031098",92.703198446355,0.21583657630732,0.173655860501225,1.24289831442687,0.213905306920043,0.376185440516608
"FBgn0015789",488.89847072077,0.0272391546069338,0.0790933556614925,0.344392450909697,0.730551165346224,0.842433508158813
"FBgn0031099",13.7103199478851,-0.464570185754352,0.440463523695347,-1.05473021206559,0.291548730121261,0.468606531931628
"FBgn0027334",111.314109159697,-0.384716532230371,0.156682945675651,-2.45538230450921,0.0140734829062678,0.0459936362186396
"FBgn0031106",100.734856080262,-0.395672744451565,0.165736053874474,-2.38736675093785,0.0169695531109561,0.05322127499618
"FBgn0031107",629.296702147855,0.0447950924942416,0.0730893567269821,0.612881197758644,0.539954896435304,0.704107231371264
"FBgn0023177",425.84993671794,0.0196505501399602,0.0860210451166253,0.228438867643591,0.819305076127186,0.901465719010866
"FBgn0031114",273.70715134666,-0.107246184076575,0.106151998714693,-1.01030772265366,0.31234788235421,0.492440999573276
"FBgn0040650",7.91045043373884,1.06135481986674,0.602382869681584,1.76192729455896,0.0780815823327145,0.177881058528432
"FBgn0031115",134.871512762233,0.0468505954384997,0.150842983601007,0.310591810902015,0.756110953458619,0.85937829738374
"FBgn0002641",117.979511352118,0.438942063663804,0.155203244543869,2.82817582167062,0.00468140877071834,0.0182950159866965
"FBgn0031117",79.8805504562415,1.0378491284047,0.195450128818719,5.31004576296449,1.09597711939442e-07,1.19195715155696e-06
"FBgn0031118",538.559955363776,-0.432985856095409,0.0801130742817218,-5.40468406658308,6.49227232954279e-08,7.31261371691913e-07
"FBgn0031119",72.6746223157972,0.433033197628008,0.197365902399155,2.19406286680786,0.0282308903297179,0.0804619137879171
"FBgn0026323",377.276868709431,-0.376218563826769,0.0879795851933561,-4.2762029736778,1.90107908671197e-05,0.00014253188405534
"FBgn0031126",104.438531616993,-0.393466814353475,0.164778810194145,-2.38784837619525,0.0169473320597661,0.0531846079542982
"FBgn0031142",12.7584203941101,0.436769861758102,0.469619139953794,0.930051236414843,0.352344556900376,0.536642181526464
"FBgn0031143",187.704126445022,0.212503326627196,0.122997976632611,1.72769774304445,0.0840424284095608,0.188098657546352
"FBgn0031144",233.63164784106,-0.0422552833184766,0.112510232497856,-0.375568358364933,0.707237817813122,0.826989014391169
"FBgn0031145",724.127059274973,-0.314093831061998,0.0658408281323901,-4.77050243703544,1.83766962323847e-06,1.67092237957791e-05
"FBgn0031146",30.3469556134807,0.174996589522781,0.295293635446572,0.592618900363816,0.553436227345833,0.714412614013411
"FBgn0025814",221.276663811393,-0.17752465123688,0.115324903125437,-1.53934359731297,0.123720435794537,0.253619911412899
"FBgn0031148",605.347355589794,0.440649935587937,0.0718914731654964,6.12937690918571,8.82238996475067e-10,1.24455656493036e-08
"FBgn0031149",1235.7312605682,0.231559607199855,0.0538372642434288,4.30110278547666,1.69950200457248e-05,0.000128345967393129
"FBgn0031150",289.208254660842,1.36191568137182,0.106472730435833,12.7912158897117,1.83579059465001e-37,1.56906102001557e-35
"FBgn0052512",254.901085139642,-0.388671318290677,0.105201800720733,-3.69453104060867,0.000220292982622608,0.00125425432504173
"FBgn0031157",98.233012686789,-0.142799681771964,0.170742877069139,-0.836343420136585,0.402961732855896,0.585269290123568
"FBgn0003950",61.2196761042901,-0.186413136926338,0.219426268738515,-0.849547950653446,0.395576460300214,0.579407859693761
"FBgn0031161",194.468778255992,0.12353279938323,0.122674645164871,1.00699536743886,0.313937000389038,0.49409712041299
"FBgn0052521",637.7709103961,-1.26141246707989,0.0791013687215143,-15.9467843283577,2.99948949465785e-57,4.63644493163602e-55
"FBgn0031169",572.241213462828,0.121629864285737,0.0736366484759125,1.65175719975257,0.0985840569666146,0.213365879612075
"FBgn0031170",272.643295420673,-0.393845042120279,0.104438093399094,-3.77108609801273,0.000162538576931224,0.000964755186886086
"FBgn0020369",805.47513161254,0.268622421543285,0.0632019622666549,4.25022280811381,2.13557974159659e-05,0.000158639947062365
"FBgn0029067",409.029479200808,0.011080043415962,0.0842996050135454,0.131436480801798,0.895430031466656,0.943842145933317
"FBgn0031174",483.864212722562,-0.122587897820176,0.0790948686921051,-1.54988433317182,0.121169280613778,0.250154823432537
"FBgn0015558",9.28088801342845,-0.0531119091021539,0.54225226352171,-0.0979468647253096,0.921974486197221,0.9603074755875
"FBgn0000709",614.239507068835,-0.21133800791922,0.0705849430436681,-2.99409475741127,0.00275260442582844,0.0115995772352921
"FBgn0015379",179.609785885337,0.224391112024949,0.130118011983051,1.72451998462887,0.0846140143802176,0.189086685472864
"FBgn0015527",526.070474439866,-0.363070365225004,0.0769100120895011,-4.72071652781038,2.35015278128479e-06,2.08982374002865e-05
"FBgn0003464",863.822562083809,-0.0142022790482155,0.0611058636276269,-0.232420887376091,0.816211127281633,0.89981393622171
"FBgn0011710",759.705613324423,0.405638507914236,0.0667725302882715,6.07493090591305,1.24041118292192e-09,1.7263577095647e-08
"FBgn0003423",157.765118705948,0.111420662328621,0.135432383400269,0.822703252584118,0.410676765236805,0.593508394558462
"FBgn0001565",553.050468477576,-0.0297806265560179,0.0746363671942805,-0.399009593788214,0.689886135243415,0.816423321802152
"FBgn0020272",148.308709075739,-0.179156945574863,0.15153048892525,-1.18231615858668,0.237080276389896,0.405554087113867
"FBgn0027588",1309.37318733237,-0.349335323441141,0.0528723275642664,-6.60714856966575,3.91792808870966e-11,6.51344337859855e-10
"FBgn0024807",435.420069675331,0.238212136332203,0.0863910389045286,2.75737089578762,0.00582682177806035,0.0218995655548931
"FBgn0031183",106.613984659022,-0.524005912096023,0.174115201479162,-3.00953568467561,0.002616473407167,0.0111096898323017
"FBgn0031184",24.60837302543,0.062938355364165,0.33560871450525,0.18753492577494,0.851241242606083,0.92000411001684
"FBgn0031186",465.983428162599,-0.0295172087852019,0.080284005029101,-0.367659894078561,0.713126848921472,0.83079736108908
"FBgn0031187",689.214138585907,-0.0152883669868498,0.0664482649193761,-0.230079250457476,0.818030188141039,0.900862409708148
"FBgn0031188",106.005097407101,-0.158002380493841,0.172477429603226,-0.916075690931366,0.359627196765814,0.544310746771591
"FBgn0031189",39.0200186974644,-0.106482822476597,0.267362893559407,-0.398270758739141,0.690430612580996,0.816453894935035
"FBgn0031190",405.740808870061,-0.12639569420396,0.0881505892388303,-1.43386102458726,0.151611926189681,0.292941660576605
"FBgn0031191",113.353282402098,0.0245576750770203,0.154992914657247,0.158443856168055,0.874107057983501,0.933880555330902
"FBgn0027279",855.972907068291,-1.1633012268626,0.0630330021035874,-18.4554310922847,4.71587224503468e-76,1.00767093706403e-73
"FBgn0031195",44.35370378098,0.216483565623638,0.256555314850532,0.843808539884508,0.398776402620722,0.582176144848652
"FBgn0011285",176.397036904506,-0.117083623909909,0.126131655358272,-0.928265181150109,0.353270030721092,0.5376183464097
"FBgn0031194",217.011232983335,-0.0535902528888024,0.114438988007851,-0.468286672415574,0.639579597962297,0.78117599132656
"FBgn0031201",14.3663137538165,-0.666758208347426,0.437457177464377,-1.52416794761979,0.127466762602074,0.259033854630509
"FBgn0000719",584.837514964364,-0.21342775941242,0.0746419805423303,-2.85935284489648,0.00424506320250095,0.0168097959395485
"FBgn0259677",29.7218473784787,0.0947860017118618,0.300753401467483,0.315161861010938,0.752638761528507,0.857040846787555
"FBgn0085363",175.077231516008,-0.0870523330276564,0.127501460178223,-0.682755577120241,0.494761304435105,0.667987525872708
"FBgn0069973",35.2127888632358,-0.194531675484973,0.278365324438929,-0.698835876476603,0.484654604873511,0.65936623678016
"FBgn0039966",25.4840873227565,0.244551763196679,0.326266180320637,0.749546774833808,0.453527717268285,0.63011644022836
"FBgn0039965",132.129784823035,-0.0155856115092389,0.145591721903394,-0.107050121431908,0.91474921702083,0.956484320906208
"FBgn0025740",288.007586940674,-0.137879018487303,0.098939344383574,-1.39357117581824,0.163447137754976,0.309794796710123
"FBgn0004859",83.7068417075172,0.124096940677914,0.187383013494882,0.662263555075677,0.507802329300943,0.679021055798235
"FBgn0017545",8644.7670203805,0.870478300464199,0.0327171304871121,26.6061933764973,5.75557208005843e-156,3.21647932012496e-153
"FBgn0085432",341.219900110175,0.335564007187623,0.0939929007077822,3.57009949326779,0.000356845666187137,0.00192320754068958
"FBgn0011747",1720.8158597475,0.446995972026391,0.0493748342815563,9.05311336292148,1.38948921504602e-19,5.02220853099967e-18
"FBgn0052000",951.069369106389,0.256424549224084,0.113156516776635,2.26610500683981,0.0234449547730158,0.0694931033969643
"FBgn0051997",229.008423160366,0.39279561279538,0.113647170465045,3.45627270074616,0.000547700913650695,0.00283812206681334
"FBgn0053978",96.9948350209386,0.642437511195959,0.170633692255549,3.76500972758542,0.000166542598477512,0.000983684534909859
"FBgn0039889",187.837874248655,0.347354926878125,0.121482702974658,2.85929534306283,0.00424583283538494,0.0168097959395485
"FBgn0039890",453.529517781455,0.67768106697617,0.146768670797404,4.61734144824153,3.88687443043654e-06,3.30657409099783e-05
"FBgn0051998",461.485745606045,0.21380178359815,0.0841222786216036,2.54155958565824,0.0110359133703668,0.0376766497348282
"FBgn0024811",128.074963287421,0.370776323137217,0.150045745175212,2.47108855172303,0.0134702458968775,0.0444622155569356
"FBgn0051999",504.603906068924,0.118659200400219,0.0850828528594907,1.39463119080149,0.163127084322282,0.309349586948937
"FBgn0039896",84.6067963979663,0.43757145215012,0.180834242360502,2.41973780207954,0.015531701634311,0.0497082873891053
"FBgn0039897",283.401905115846,0.123942590620314,0.101702544474511,1.21867738177758,0.222966665953787,0.38820679241799
"FBgn0026777",313.870488907002,0.02312960934589,0.0969487788521026,0.238575561443375,0.811434717112068,0.897408010324125
"FBgn0039902",276.270677242545,0.281607053240048,0.10407860540381,2.70571509050734,0.0068157493694303,0.0250716046424866
"FBgn0052850",37.1861483256599,0.552735154486859,0.271864266540561,2.0331291107888,0.0420394806260171,0.1102587822195
"FBgn0259214",1124.50660700713,0.263225470016202,0.0600566345240725,4.38295405831796,1.17080809881468e-05,9.17575063418405e-05
"FBgn0039904",644.353409319079,0.202909134598845,0.0784759298079128,2.58562256089873,0.00972033079341586,0.0339085881910705
"FBgn0039905",10.5144120585146,0.652189228393472,0.507951722418558,1.2839590843164,0.199156272029946,0.357693526896801
"FBgn0039907",427.393802967717,0.0693623204407577,0.0865134038760325,0.801752298870923,0.422696256601994,0.603911170936772
"FBgn0016126",128.96136984483,0.591038989739989,0.153116638870032,3.86005723546266,0.000113360469827063,0.000701502396331868
"FBgn0026262",445.330456891781,0.106644213057594,0.087913572714704,1.21305743543917,0.225107862089298,0.390872040649796
"FBgn0039908",62.9087377466004,0.440088467290819,0.208070136400863,2.11509674047099,0.0344217029849764,0.0936254856555048
"FBgn0026869",867.473560770011,-0.0319225795691841,0.0663170159971908,-0.481363328689824,0.630258295062502,0.774678632742549
"FBgn0022361",38.4594542695112,0.505285827925464,0.272393641051023,1.85498393419109,0.0635985208235375,0.151340731668195
"FBgn0039909",509.013641711607,0.185758064550814,0.0829745185079726,2.23873627579972,0.0251730807255143,0.0734713644219087
"FBgn0040324",335.797589408187,0.318407583826386,0.093537835831142,3.40405121624994,0.000663943031419933,0.00334968480782348
"FBgn0039911",21.4627299999097,0.0418066106938703,0.367569290982981,0.113738039927296,0.909445456671366,0.953133474136969
"FBgn0028996",13.8792531308559,0.0629029831069697,0.449442481457925,0.139957804840615,0.888693329028988,0.940688220440722
"FBgn0025936",447.027362578243,0.570503588530111,0.0868895410925216,6.56584879326993,5.17372961618043e-11,8.52316228153079e-10
"FBgn0039914",262.837585598396,0.0722670952659957,0.104710226486889,0.690162725176076,0.490091861200279,0.664275629033588
"FBgn0051992",1741.86146744775,0.0883911745118776,0.0489259083687584,1.80663328406018,0.0708194762903527,0.164641118479812
"FBgn0024728",285.928364875158,0.0999190780301494,0.102260112771534,0.977107058872361,0.328516153489397,0.509863246122724
"FBgn0039920",229.81146231695,0.236813949556164,0.119302575492451,1.98498606235998,0.0471460221930782,0.120181000432531
"FBgn0026199",529.540582439121,0.371300031045439,0.0801052636048637,4.63515147864635,3.56676193997388e-06,3.05572234597998e-05
"FBgn0005666",127.840375311537,0.505040407367149,0.153390482482029,3.29251462799407,0.000992957322682968,0.00476857876804375
"FBgn0039923",345.72076679371,0.604188311292108,0.0964967665133699,6.26122856881837,3.81956190526813e-10,5.69797068619568e-09
"FBgn0039938",98.710350614031,0.14956074380254,0.171221617453859,0.87349217947228,0.382394867062202,0.566618614013669
"FBgn0039936",1024.75759926548,0.264851416483723,0.0582937766900104,4.54339093334315,5.5356452721439e-06,4.58568562167907e-05
"FBgn0025726",1464.79865257333,0.643567821832127,0.0539264005309821,11.9341883659077,7.85210318467047e-33,5.59269898398342e-31
"FBgn0052021",136.32011205209,0.542534215568414,0.142706636388625,3.80174481928761,0.000143680669104265,0.00086914243217526
"FBgn0023213",3277.96323354097,0.103269753581256,0.0462021217122576,2.23517340230411,0.0254059669317714,0.0739184420341687
"FBgn0019985",46.4004575799576,0.0584938543715747,0.250182234700108,0.233804987958841,0.815136377061767,0.899478227242915
"FBgn0052016",514.752481941505,0.0485170451841441,0.140610245072191,0.345046302701734,0.73005956129656,0.842165107076582
"FBgn0039932",50.2589591182421,0.949250583741402,0.238167559971335,3.98564180552402,6.72979706288032e-05,0.000440071788135243
"FBgn0025741",1036.42232585917,0.582048221035328,0.0673601907782881,8.64083391555561,5.5804190327319e-18,1.70343463331081e-16
"FBgn0039930",143.198025810423,-0.294466376175661,0.137909723370157,-2.13521112927838,0.0327437682398741,0.0900391658829241
"FBgn0039929",169.342777319808,-0.0323378076262596,0.136630321143594,-0.236681048215306,0.812904238607413,0.898024684665253
"FBgn0010217",1808.9107921244,0.466655258299909,0.0475127156358743,9.82169198402043,9.08064409307083e-23,3.9982351112824e-21
"FBgn0004624",342.217017929808,0.536405339651313,0.0944025321498134,5.68210753923483,1.33044956749439e-08,1.65508837463129e-07
"FBgn0011642",189.229963721426,0.453254801388339,0.13060074826591,3.47053755362479,0.000519417705392465,0.00269926296829489
"FBgn0087002",178.783617821663,0.264592519838517,0.129643520919266,2.04092358771472,0.0412584228519297,0.108602334064953
"FBgn0039928",527.240126362265,1.06608481782681,0.0856783150036522,12.4428779648779,1.52894000533486e-35,1.18167544029338e-33
"FBgn0013749",157.780624142911,0.582216615798081,0.133260081494281,4.36902491180803,1.24802530872926e-05,9.72843762652155e-05
"FBgn0039927",133.289942533625,0.993046147505634,0.147003380205311,6.75526063495073,1.42578715453621e-11,2.51416108682174e-10
"FBgn0052017",180.308765407741,0.937536583337147,0.128711089735185,7.28403889102383,3.23971553057097e-13,6.96347139928938e-12
"FBgn0002521",183.50998286605,0.609364882083392,0.133939677252027,4.54954718859582,5.37614773429279e-06,4.46373866167281e-05
"FBgn0250819",14.7910775405268,0.112142138368899,0.42669704859571,0.262814422405702,0.792693618732497,0.885578831322711
"FBgn0039924",162.928839237583,0.427641738320551,0.133679060938613,3.19901812084788,0.00137896501088713,0.0063519473179856
"FBgn0067895",211.539102459478,0.44286749231084,0.116660734148765,3.79620011430836,0.000146930908473068,0.000886588912007342
"FBgn0027101",225.648677305774,0.359202816863024,0.115575907636983,3.10793853327338,0.00188397246983127,0.0083712905157946
"FBgn0053653",27.1555338950351,0.329538807169509,0.312340698617208,1.0550620160243,0.291396962574775,0.468466238793038
"FBgn0020386",769.085868846005,-0.283507056657391,0.0639751480524293,-4.43151857069638,9.35717524390508e-06,7.47853444961171e-05
"FBgn0035099",259.190683341841,0.373514194977537,0.105396611672207,3.54389186759818,0.000394266913319526,0.0021015033934456
"FBgn0035101",382.126925697114,-0.0766881088641816,0.0914660782229438,-0.838432240171688,0.401787988745185,0.584148436708779
"FBgn0035102",147.50228031068,0.0777321203912033,0.138368855340339,0.561774686941,0.57426954063095,0.730276249375784
"FBgn0027786",345.341048336761,0.272097915601805,0.0929630216375762,2.92694784236469,0.00342306281710439,0.0139026331156391
"FBgn0035106",842.446474653411,-0.28432243380633,0.0656166784796653,-4.33308177728688,1.47036461121595e-05,0.000112919650110823
"FBgn0035107",202.206657899402,0.00576275254845552,0.120700434483652,0.0477442568712215,0.961920062416972,0.979309032155171
"FBgn0025592",209.752247044544,-0.0849732763960039,0.116206278303427,-0.731227930509308,0.464639942652514,0.640862198324427
"FBgn0024945",130.82076169167,-0.118978786663495,0.145755557238794,-0.816289882303217,0.414334359733809,0.596580700232673
"FBgn0035109",46.3952329126755,0.392878774323909,0.245681119714699,1.5991410930565,0.10978925571166,0.231865971728259
"FBgn0027587",349.496551885815,-0.235850360164528,0.0907753882247284,-2.5981751747582,0.00937206689716151,0.0328793404080856
"FBgn0035110",115.764127532611,-0.27168206994457,0.155012961546827,-1.7526409871377,0.0796636511507617,0.180635588517567
"FBgn0035111",288.72114055423,-0.0640931524329126,0.103004600142722,-0.622235825818514,0.533786811944023,0.699866664640558
"FBgn0035113",29.5011894890185,0.443305479901481,0.306091845026178,1.44827602271981,0.147539870620971,0.286905021429699
"FBgn0260457",590.79022415666,-0.39462871964797,0.0714287542410743,-5.52478793506724,3.29883817508045e-08,3.8969202182048e-07
"FBgn0053229",89.4721069553813,0.631971944390981,0.18035203341406,3.50410212975017,0.000458149615186935,0.00240669338708104
"FBgn0052477",4857.58922611159,0.0502226945934911,0.0380378686740353,1.3203340866407,0.186723499709326,0.341215453803371
"FBgn0085483",22.117447455478,-0.860830952264888,0.362873432248325,-2.37226227043207,0.017679536182211,0.054913138248723
"FBgn0000541",1792.36834013273,0.011895094004799,0.0467925090197251,0.254209365002946,0.799333815981087,0.889440982248828
"FBgn0024806",451.996990082452,0.0216326744594889,0.0818529269985745,0.264287121459513,0.791558683180619,0.88475227701182
"FBgn0035120",121.801964813492,0.119724162107943,0.150314313551064,0.796492092333382,0.425746069917176,0.60683641317408
"FBgn0035121",1828.51579405459,-0.0442081447789536,0.0461598551945197,-0.957718445880268,0.338204752755341,0.521446843965949
"FBgn0035122",96.634171413237,0.353751180698496,0.16801327274183,2.10549544643459,0.035248203280232,0.095409164243996
"FBgn0085292",9.42142920297842,-0.42832759615052,0.547192436645122,-0.782773239295171,0.433760284938356,0.614282352841551
"FBgn0027111",8.68903428885961,-0.386897329462527,0.571121660878242,-0.677434172024882,0.498130523136508,0.671413404561546
"FBgn0029002",539.898645744246,1.22050995432134,0.079142028942013,15.4217673041412,1.16862033438028e-53,1.66471112338682e-51
"FBgn0259743",723.869295426988,0.0245450715603722,0.0660396115039646,0.371671955685244,0.710137107669397,0.829311378752318
"FBgn0004373",1056.1270117836,0.0979845978687311,0.0558533310280704,1.75431968094234,0.0793757452990892,0.180264079274112
"FBgn0052344",368.705877603556,-0.221103886254432,0.0904192437532032,-2.44531890642582,0.0144724108812185,0.0470324756523946
"FBgn0052343",120.957183114261,0.0347394260056092,0.150936705971423,0.230158898606058,0.817968298671509,0.900862409708148
"FBgn0035133",508.507018383372,0.0343556074806459,0.0765305166631146,0.448913831744772,0.653493817737655,0.792021262500548
"FBgn0035132",294.810617257107,-0.347209533150041,0.0983229515273119,-3.531317233226,0.000413495507469758,0.00218953707125932
"FBgn0023000",134.868404523477,0.538169288046771,0.143940979593814,3.73881912965596,0.000184886683594915,0.00107685086362521
"FBgn0035136",318.661227016456,-0.268245477928656,0.0940459759838103,-2.8522802291385,0.00434068159438796,0.0171238984011474
"FBgn0035137",300.986039190126,-0.301152516044896,0.101522148809916,-2.96637255589176,0.00301335220024216,0.0124811879901706
"FBgn0001316",3281.73311214411,0.0417295815176186,0.038175789637381,1.09309019967874,0.274354198496838,0.449218672995161
"FBgn0085298",12.9400566093578,-0.0271268129921713,0.468796970695949,-0.0578647360965247,0.953856372553618,0.976270294960715
"FBgn0035140",39.3961346802098,-0.0221546195659573,0.261622392010478,-0.0846816642708091,0.932514473391765,0.965334518266055
"FBgn0035141",119.32411318453,-0.239595135973915,0.151318053794052,-1.58338763925692,0.113333138569375,0.237554890855889
"FBgn0035142",4845.91136808816,-0.34547010376044,0.0366239460968538,-9.43290225599467,3.98895903549891e-21,1.59229601059888e-19
"FBgn0035144",74.6838047426066,-0.294044644276281,0.191868194666872,-1.53253458597873,0.125390569618477,0.255888339403999
"FBgn0035145",521.498251217244,-0.121670731469387,0.0770113981750768,-1.57990549908966,0.114128509706952,0.239015169507353
"FBgn0035146",257.566527373446,0.0614211434174537,0.110206824269321,0.557326134971042,0.577304622481329,0.732725031853049
"FBgn0016715",39.0354635069389,-2.46519256130931,0.330050627195894,-7.469134605965,8.0723932098904e-14,1.86770498948579e-12
"FBgn0035147",4126.99437843823,-1.1009589123901,0.0410337044058051,-26.8306000721287,1.42073716665402e-158,8.6013795964512e-156
"FBgn0035148",322.362906280448,0.320537541465129,0.0949951218838151,3.37425264696398,0.000740164017104343,0.00367552398104105
"FBgn0035149",535.1241008175,0.0675745553283959,0.0780479926773753,0.865807729453426,0.386595609728492,0.570527050004767
"FBgn0035150",834.642973101656,0.671813022091437,0.0628457838496531,10.6898662239399,1.1353461911437e-26,6.20172186365335e-25
"FBgn0035151",34.4148510255201,0.779108511454753,0.286063572287249,2.72355024173584,0.00645843914428087,0.0240002866410233
"FBgn0035152",67.9713054864012,-0.152398114101864,0.198438013824509,-0.76798850766889,0.442494012547607,0.621081723562281
"FBgn0035153",412.079718312005,-0.266293309948069,0.0872111592465789,-3.05343160495272,0.0022624028733015,0.00978937276625099
"FBgn0035154",28.9873332364673,0.889451101980335,0.311957907820008,2.8511894703869,0.0043556006904859,0.0171695274098644
"FBgn0052483",14.6670112654124,-0.383869085845896,0.455274523020086,-0.843159602473429,0.39913918829328,0.582512294686757
"FBgn0035155",30.491956755328,-0.0338124052157808,0.302614304142503,-0.111734325684282,0.911034061775975,0.954110200202171
"FBgn0260862",28.5601971367355,-0.498606700585029,0.321893935171344,-1.54897823818775,0.121386951490077,0.250461858158311
"FBgn0035158",254.841358453091,0.192209193609859,0.104291592462476,1.84299797396436,0.0653293062953934,0.154800199033279
"FBgn0025676",144.44044993069,-0.0237339237739788,0.137742570584154,-0.172306380469925,0.863196668486119,0.927681034992848
"FBgn0035159",73.6364568029948,0.236874110123328,0.191652244317526,1.23595792455672,0.216474203966513,0.379417392476891
"FBgn0035160",23.3877655442896,0.0427501609830674,0.334882690636723,0.127657123459517,0.89842032290937,0.945808382254249
"FBgn0000575",451.64246834243,0.607965312626468,0.0837232845547101,7.26160369674921,3.8252757595e-13,8.12591473472733e-12
"FBgn0035161",27.8533096079665,0.149974241997691,0.311193864691084,0.481931872746168,0.629854343394427,0.774678632742549
"FBgn0035162",3243.33902301206,0.164325098330097,0.0390782184974946,4.20503044018325,2.61047020627684e-05,0.00019079543308452
"FBgn0260755",115.230298251248,0.199918523396111,0.156370767402741,1.27849038996662,0.201076571078331,0.360251859157601
"FBgn0260756",18.8171256120652,-0.4218885480366,0.378304974628269,-1.11520750804601,0.264761509418941,0.437953635229647
"FBgn0035164",116.645139576004,0.182572040337982,0.156004135908897,1.17030256457175,0.241879230214159,0.411053241521841
"FBgn0035165",1229.58273097338,0.375937952020706,0.0529383480346152,7.10142960590475,1.23472899368755e-12,2.50567210590504e-11
"FBgn0035166",104.965334383874,0.477046194445261,0.162991962170043,2.92680809589604,0.00342460119904026,0.0139026331156391
"FBgn0035167",22.546916421131,1.09606809259092,0.36447892719114,3.00721937764077,0.00263649421577584,0.0111751052961561
"FBgn0035169",115.771654642984,0.661766772139067,0.156105493363173,4.23922795977138,2.2428981146384e-05,0.000165933348297841
"FBgn0052479",1529.5548776358,-0.0651859370318091,0.0511690788852482,-1.27393219600445,0.202687446938522,0.362415699916721
"FBgn0035173",139.019508015467,0.65777198961738,0.146402237023951,4.49290941852049,7.02566733026068e-06,5.74144804885758e-05
"FBgn0054056",18.8665110123761,-0.7416665653512,0.384982821902972,-1.92649262033339,0.0540428924253282,0.133635675108921
"FBgn0024277",1807.72874706334,0.418738244580621,0.0487372691030787,8.59174615826329,8.56574635623111e-18,2.57149368917434e-16
"FBgn0035181",280.956908033808,-0.146169103418488,0.100376706790025,-1.45620540953047,0.145335844569488,0.283453667328142
"FBgn0004870",27.8495766808852,0.744828218731254,0.318141673154575,2.34118407483627,0.0192226870099828,0.0588011878431683
"FBgn0025525",19.3807737701897,0.612386919830719,0.383798841531542,1.59559345564203,0.110579589600519,0.233060840860972
"FBgn0035189",57.614159113617,2.51980319722972,0.273437978228242,9.21526414712739,3.10512826034775e-20,1.15685932366289e-18
"FBgn0004378",518.526341848267,0.106374892466981,0.0752957824915223,1.41276030272955,0.157726214057458,0.301626992663183
"FBgn0035194",62.0080228107716,-0.0950623596186694,0.222165812840366,-0.427889234636543,0.668731765200269,0.801593854238035
"FBgn0035195",434.178955480448,0.00374941255673714,0.083261807196881,0.0450316019188879,0.964082119807411,0.980548313089856
"FBgn0035202",263.430382618031,-0.0449438939078142,0.108198347881952,-0.415384289941741,0.677860605376181,0.808912171165893
"FBgn0025682",2310.9247455472,-0.48444594265665,0.0421676692146057,-11.4885634344914,1.50595372858637e-30,9.59715248963154e-29
"FBgn0010333",941.32892184905,-0.135833183686694,0.0606041415490267,-2.24131850092802,0.0250054513955825,0.0731928301325167
"FBgn0035203",195.691432706803,0.579602774138561,0.121963609865404,4.75225991406942,2.0115555724509e-06,1.80865733092275e-05
"FBgn0035204",153.910013295047,-0.335926724460743,0.136220583065364,-2.46604967400228,0.0136612387416802,0.0449304867035768
"FBgn0035205",759.64843741549,-0.177705340194784,0.0673338672756079,-2.63916729255144,0.0083109956931238,0.0297142636370789
"FBgn0035206",246.978240190696,0.00626453168544867,0.106871088104766,0.0586176467044812,0.953256654813226,0.976234789571199
"FBgn0035207",851.162089437441,0.102562508533042,0.0611891917477402,1.67615400046251,0.0937080316863796,0.205056882590828
"FBgn0010246",1656.73868570347,-0.280787358012297,0.0485837374123578,-5.77945158127903,7.49445181798647e-09,9.67090452178893e-08
"FBgn0011361",470.203892680488,0.0123851884579691,0.0803923954181686,0.154059204151666,0.87756305456046,0.934834333189314
"FBgn0035209",79.3302614404659,0.122155909690564,0.185970876131085,0.65685505296249,0.511274121351683,0.682669820183786
"FBgn0035210",91.1849189693143,0.226662694965524,0.179520996168499,1.26259713238655,0.206733998985633,0.367136793867971
"FBgn0035211",26.2776126629424,0.462131628387861,0.32043006289343,1.44222306800707,0.149239454969552,0.28958991462441
"FBgn0010786",870.642386900685,0.471638505763377,0.0674245915944378,6.99505172534534,2.65161082731567e-12,5.10980176669717e-11
"FBgn0035213",328.586897284049,-0.116896537794758,0.095125416863233,-1.22886754822664,0.219121470407503,0.38313296811324
"FBgn0003138",588.12909408343,-0.130439009617672,0.0712442925928313,-1.83086960190825,0.0671200084978715,0.157961406458386
"FBgn0029514",56.2360260943364,0.371058227165807,0.224413145283197,1.65346030286038,0.0982372188189927,0.213147828042708
"FBgn0035216",10.9016564616045,0.158382179298275,0.507395842661266,0.312147175797832,0.754928675260573,0.858598638690029
"FBgn0004635",188.356158089327,-0.295503341764619,0.120919092139012,-2.44381045653981,0.0145330596124167,0.0471561760090253
"FBgn0020248",11.1127966130252,2.01324504921803,0.561522040773283,3.58533575359847,0.000336644819903548,0.00182244755335266
"FBgn0043458",429.63465062933,0.145246510596867,0.0820169901089595,1.77093197889739,0.0765720137489211,0.175045840115139
"FBgn0028577",672.369839928528,-0.372845027016043,0.0688399331984556,-5.41611546805522,6.09077752709427e-08,6.89244528572272e-07
"FBgn0261243",1049.28910950526,0.0014709307273773,0.056547470958296,0.0260123167747346,0.979247514410247,0.988774592382272
"FBgn0011204",361.285802419006,-0.215673708396996,0.0900751998904317,-2.39437390823827,0.0166487667989571,0.0525198831065668
"FBgn0035227",406.1152057296,-0.335778620446678,0.0848210422735506,-3.95867123824983,7.53678959399721e-05,0.000488687113259778
"FBgn0053971",47.280190662505,-0.354435253535879,0.248573200140703,-1.42587878876425,0.153903333090121,0.295738884574162
"FBgn0035228",451.563491124991,-0.0886222807441172,0.0808919700253834,-1.09556338801377,0.273269891279191,0.447899014387241
"FBgn0035229",356.755418951157,-0.0929753560741205,0.090099918201612,-1.03191387883477,0.30211246366568,0.481115091742912
"FBgn0041342",838.020902238833,-0.61326731987494,0.0628068294013763,-9.76434132593711,1.60149259917021e-22,6.92550222200689e-21
"FBgn0035231",14.0068187344717,-0.747949240889193,0.444375884063816,-1.68314543545703,0.0923469406691073,0.202750233895758
"FBgn0035232",413.747400319659,-0.633852352067713,0.0849787152964169,-7.45895427880679,8.72118615449366e-14,2.00504485482267e-12
"FBgn0035233",54.455545871956,-0.299889044013477,0.222397165843844,-1.34843914433714,0.177517180986466,0.328576387227178
"FBgn0035235",200.949351553667,-0.254726839796964,0.119846369852229,-2.12544476825658,0.0335495180908858,0.0918723139578913
"FBgn0035236",578.279845201153,-0.0686612668784873,0.0732367580832901,-0.93752466214303,0.348488743920726,0.532443895811582
"FBgn0035237",222.543135858534,-0.134104082776566,0.116234771492502,-1.15373464458711,0.248608975729326,0.418891167187923
"FBgn0035238",190.642701043745,-0.0383159300669211,0.122822961518275,-0.311960643134467,0.75507043394227,0.858598638690029
"FBgn0035241",12.6504065052012,-0.275274883681342,0.468032162732975,-0.588153775744668,0.556429080654709,0.716366696961981
"FBgn0035243",107.207756395985,-0.0528162447343103,0.257538230246968,-0.205081182252677,0.837508698351943,0.911882512594324
"FBgn0035244",364.463136424751,-0.0929608904006351,0.0890179606223494,-1.04429364311112,0.296349553061176,0.474329037891484
"FBgn0053230",138.315219952292,-0.223673858778652,0.142664724314565,-1.56782876673471,0.116921099489515,0.243390197074879
"FBgn0035246",18.5118896732827,0.178374578073908,0.379092040329796,0.47053105604309,0.637975651593681,0.780022401351076
"FBgn0035247",173.77011251062,-0.260409090696293,0.12839581375176,-2.02817430792383,0.042542461085315,0.111256652190358
"FBgn0013753",135.201598068706,0.089509527964113,0.147912976554991,0.605149933757403,0.545079378549618,0.707648621365793
"FBgn0025725",1413.27591256544,-0.0907809660078748,0.0501194866733843,-1.81129081787032,0.0700958462903378,0.163429500416978
"FBgn0035248",19.704518449242,-0.154209720007241,0.370085586403791,-0.416686641340812,0.676907626714527,0.808173197712578
"FBgn0035249",70.4502563840644,-0.118495254487059,0.196217076473158,-0.603898787082727,0.545910935264594,0.70835304567924
"FBgn0035251",367.620290288442,-0.43120647589877,0.090642187558535,-4.7572381858095,1.96259550359073e-06,1.77341496686401e-05
"FBgn0035252",168.211122593125,-0.191067105433734,0.129747257887848,-1.47260996913622,0.140856235144231,0.277172412871842
"FBgn0035253",875.260673384941,-0.266764932381269,0.0635130996316594,-4.20015609265422,2.66731029025819e-05,0.00019416842944615
"FBgn0035254",48.9687879148833,-0.581662792944445,0.235869117334536,-2.46604048684961,0.0136615891435927,0.0449304867035768
"FBgn0083121",8.47604677318231,3.20042879808689,0.80084587962154,3.99631050059137,6.43373374637464e-05,0.000422613704045314
"FBgn0026372",15094.1439378316,-0.606276073929147,0.0629660877659587,-9.62861272535527,6.05412705749615e-22,2.54238341460749e-20
"FBgn0027594",1721.37429983615,-0.614982995420967,0.0482265377775092,-12.7519623792643,3.03995241675693e-37,2.50968798951581e-35
"FBgn0035262",88.1648453049846,-0.324267643284552,0.177393043900802,-1.82796143610841,0.0675553395390397,0.158780181737665
"FBgn0035263",9.1111732976721,-0.484624216442091,0.571909761978215,-0.84737881508753,0.396784008795989,0.580627853992395
"FBgn0035266",83.8698076273675,1.17541727274034,0.190834200662389,6.15936382818407,7.30377525739392e-10,1.04247401267125e-08
"FBgn0022702",61.9107089630421,1.15957931825661,0.226763548305483,5.11360545785112,3.16067168132642e-07,3.21600556930483e-06
"FBgn0035268",223.875835456659,-0.333346152132218,0.11972817943835,-2.78419127139458,0.00536613792730118,0.0204753109463461
"FBgn0013811",84.6002719123791,-1.03287103956547,0.186935494913284,-5.52528047198632,3.28959669221453e-08,3.89233224249813e-07
"FBgn0035270",161.907500860515,-0.219358015653324,0.130076753777527,-1.68637369309275,0.0917238451115417,0.20180912620695
"FBgn0027903",137.37397641938,-0.0894545248240128,0.145458821766693,-0.614981777918514,0.538566754424516,0.702835902801169
"FBgn0035271",35.5161562289066,0.0636465276291874,0.273609540905923,0.232618085679518,0.816057982183036,0.89981393622171
"FBgn0035272",67.0978317536546,0.00302181043753938,0.198738683075808,0.0152049434502226,0.987868677815668,0.992239173832549
"FBgn0250789",5620.37190665207,0.0151376617836852,0.0348973977587163,0.43377623421518,0.66445094123076,0.799343614512581
"FBgn0024510",61.8778807375115,0.121690393144501,0.206743405038483,0.588605924923453,0.556125658409312,0.716320382625662
"FBgn0011573",559.591970522739,-0.0126256542597214,0.0750566055243526,-0.168215098078541,0.866414063642407,0.929077221012854
"FBgn0067864",223.496544773238,0.00851739703397048,0.115747885220977,0.0735857680484589,0.941339995886592,0.969634917073032
"FBgn0025820",50.9745592310325,0.898401792379019,0.243510929811017,3.68936947953937,0.000224810527385235,0.00127797220771028
"FBgn0261562",92.4775360605402,-0.338380554961384,0.171829991447913,-1.96927528256299,0.0489214879822222,0.123536534650971
"FBgn0035283",102.651744302969,-0.448636707708633,0.173516448865181,-2.5855572232072,0.0097221733244322,0.0339085881910705
"FBgn0004636",1792.52443009826,0.0647788008796782,0.0468391346247935,1.38300592866608,0.166663048033789,0.314168926820311
"FBgn0042712",258.105721827935,-0.091171962876221,0.104299767415232,-0.874133903992828,0.382045335752046,0.566559174854446
"FBgn0035285",211.684950251931,0.253025392099708,0.118639223510129,2.13272967079143,0.0329469084621911,0.090460804980279
"FBgn0035286",10.7867649866434,-0.1377638359249,0.501457803237738,-0.274726676971437,0.783526234219986,0.878956972770183
"FBgn0002183",2066.61878140896,-0.226481137114665,0.0460488327739831,-4.91828182108935,8.73071555474798e-07,8.23748681886287e-06
"FBgn0035287",14.2135136217024,-0.636835746482308,0.451767011278995,-1.40965526606152,0.158641499653998,0.303137952389873
"FBgn0000109",39.4877428900932,0.705758873401694,0.264773289373997,2.66552141671964,0.00768690353337054,0.0277975879392419
"FBgn0035294",277.016578638699,-0.440798396112911,0.105436395378095,-4.180704343431,2.90607520770837e-05,0.000210075983920411
"FBgn0002872",219.45318585401,0.308573264030976,0.114986676698502,2.68355667709279,0.00728436271189439,0.0265267644621116
"FBgn0035295",162.518176074721,0.364401386436833,0.131128538875394,2.7789632185493,0.00545326995411678,0.0207462355404653
"FBgn0035296",295.826701376686,-0.29968216871567,0.0998029945453681,-3.0027372433143,0.00267563334326904,0.0113145961809369
"FBgn0035297",96.0836256214586,-0.470036184246062,0.169160918094023,-2.7786334428902,0.00545880866177458,0.0207462355404653
"FBgn0035298",188.124374016,0.284858059219601,0.123097758322491,2.31407998895748,0.0206633348720525,0.0623677307210061
"FBgn0027547",275.736682591357,-0.11330270972023,0.105972683430676,-1.06916901650744,0.284993517190456,0.460925623862125
"FBgn0086906",306.799843777297,0.670564447745782,0.0972900845958418,6.89242331869082,5.48498604301697e-12,1.01395479904627e-10
"FBgn0052311",391.036817934651,-0.58780849787103,0.0882086556172852,-6.66384147629888,2.66761199989701e-11,4.52808438767565e-10
"FBgn0035309",50.5773261017481,0.278513792906809,0.248762956564438,1.11959512281591,0.262886334877758,0.435744746266692
"FBgn0026570",161.898605753364,0.0816884465988187,0.131549728421439,0.620970089251098,0.534619303423075,0.700452522879827
"FBgn0035312",46.8126510416091,-0.379985240631489,0.23971385632552,-1.5851617693534,0.112929584220879,0.23691407143075
"FBgn0026593",25.3412861607856,0.111297588432025,0.338467095205755,0.328828385413262,0.74228540664307,0.850317348874629
"FBgn0035318",138.075594551868,-0.163752959502236,0.147662569697694,-1.10896728830795,0.267444293890463,0.441499637961956
"FBgn0035321",357.418286444054,0.28624067772655,0.0959104148508145,2.98445875947662,0.00284080493443144,0.0119064271808289
"FBgn0015359",160.298783095344,-0.197632910201811,0.130276546570593,-1.51702601430811,0.129260116151903,0.261263197615773
"FBgn0015360",228.638073304974,-0.325842406280095,0.113042968617413,-2.88246505081521,0.00394576904758676,0.0158073795749161
"FBgn0035323",70.3176469153672,-0.0394502459926095,0.196820745775603,-0.200437437817591,0.84113848237234,0.914139240556269
"FBgn0000543",165.193016261513,-0.172367744857087,0.12936158579068,-1.33244922597034,0.182712615440748,0.335797407330391
"FBgn0035333",544.47780045295,0.171499616317844,0.0742872918863297,2.30859965362936,0.0209658071910856,0.0631756902709402
"FBgn0035334",155.063487163726,-0.202598075740771,0.135899466571986,-1.49079375255277,0.136015652520929,0.270878664653938
"FBgn0035335",78.0744556069379,0.300786485296765,0.186584735655828,1.61206373200641,0.106948071890252,0.226921069591905
"FBgn0035336",108.677055164248,0.146472086061395,0.159419302365198,0.918785140119712,0.358207966472114,0.542750774082072
"FBgn0035337",76.9380086439296,-0.386804870359401,0.191826503662874,-2.01643080061133,0.0437549474638847,0.113569022266925
"FBgn0035338",270.69373287036,-0.701289311784165,0.103395177291431,-6.78261143464651,1.1802276152498e-11,2.11712435179995e-10
"FBgn0261551",1252.9605766127,-0.160803340163324,0.0539697278655573,-2.97950993126919,0.00288709870859465,0.0120475428592419
"FBgn0035347",161.334217520522,-0.373573046766295,0.132888281255302,-2.81118126622916,0.00493599689634314,0.0191050607282854
"FBgn0035344",22.6920906270964,-1.74794071708246,0.378998343738708,-4.61200093868363,3.98811193461634e-06,3.38477023422754e-05
"FBgn0035346",234.231086767116,0.426587135154208,0.112984958349046,3.77560996957088,0.000159616584598357,0.000952846743719857
"FBgn0035348",159.719281287173,-0.367019429133153,0.135366887848365,-2.71129398752435,0.00670211740840344,0.0247916919409628
"FBgn0010905",596.578889293114,-0.0107325956618556,0.0735131121051322,-0.145995664644244,0.883924810870269,0.938435445122388
"FBgn0010909",3601.61061930739,-0.373644362107772,0.0400830981602167,-9.32174355919978,1.14443935484704e-20,4.44617749356351e-19
"FBgn0024939",9605.34808102238,-0.671777280785255,0.0403599644235004,-16.6446450184207,3.30922640723187e-62,5.34256218856435e-60
"FBgn0016794",648.669987817382,-0.0557416569625752,0.0701632817942009,-0.794456238892496,0.426929875266584,0.608285064485532
"FBgn0062517",13.6961833192159,-0.00237433173557282,0.444719478150151,-0.00533894252945489,0.99574016042204,0.997250105523314
"FBgn0028504",51.6711896144562,-0.126136872921287,0.23466425603134,-0.537520605202185,0.590908055762887,0.744269595200654
"FBgn0035355",34.928530681306,0.116727365179705,0.279077796245091,0.418261025241839,0.675756282222329,0.807329286358365
"FBgn0035356",28.8110334638554,0.396157332340985,0.312556703882744,1.26747347735534,0.204986041354808,0.365660094041168
"FBgn0011828",11078.5805671413,-0.181256674080482,0.0323313485479119,-5.60622065645907,2.06792297450173e-08,2.50391006829252e-07
"FBgn0035357",40.2374435868908,0.128235810209064,0.269609592546666,0.475635191603459,0.634334299419498,0.777664307337606
"FBgn0035359",11.7349586667963,0.0247968703128669,0.488422827843286,0.0507692697787319,0.959509378449776,0.978444363714638
"FBgn0027082",51.8843496503616,0.349618976701296,0.236894889709778,1.47584009570497,0.139986824088343,0.276013513714819
"FBgn0052296",158.819431025654,-0.0301121249964725,0.135502797521367,-0.222225116730334,0.824138642585312,0.904846189871889
"FBgn0035370",755.510443328207,-0.12696253148314,0.0653745771649383,-1.94207805218865,0.0521276520544791,0.12996135627172
"FBgn0035371",408.935144169669,-0.117934739704921,0.0854808240343453,-1.37966311201605,0.167690395599265,0.315369071713347
"FBgn0035372",242.026918774676,-0.0527895266386785,0.10904611939304,-0.4841027533351,0.628312947360933,0.77361104641156
"FBgn0044452",591.082388487557,0.0160695434552118,0.0716223299577616,0.224364991542283,0.822473309001992,0.903608542067118
"FBgn0035374",153.087687130587,0.298858628844999,0.135908846718725,2.19896376181833,0.0278804991356537,0.0797134302323984
"FBgn0035375",241.045047025358,0.0862129908529608,0.110632770675267,0.77927173229726,0.435819662604031,0.615521397191927
"FBgn0035376",1005.52301058029,-0.498073167239923,0.0618033017908336,-8.0590057943117,7.69174530502894e-16,2.024656871052e-14
"FBgn0035378",10.1459883807555,0.049700479333165,0.515160906617741,0.0964756422599505,0.923142818334862,0.961111002465287
"FBgn0035383",175.944838755609,-0.0705239115631331,0.129448730417607,-0.544801878980349,0.585889786245082,0.740516579170237
"FBgn0035388",338.649493952202,-0.220311137870976,0.0982361658763549,-2.24266832795847,0.0249182104783247,0.0729962899697696
"FBgn0040308",214.207295511676,0.568914657107895,0.115742538432524,4.91534629197342,8.86256623884169e-07,8.34022587113793e-06
"FBgn0035390",327.799015248849,0.447508398129255,0.0974005152577497,4.59451776969577,4.33751166657441e-06,3.65568703685187e-05
"FBgn0052484",211.088331742664,-0.166454210872503,0.118188532602612,-1.40837869129127,0.159018965503819,0.303699470132819
"FBgn0052485",49.5384646260415,-0.676155160543463,0.237772320788735,-2.84370846152542,0.00445918287509696,0.0175302833266122
"FBgn0035392",14.8207298809373,0.249089051454649,0.422360446682079,0.589754683260255,0.555355128226496,0.715872073556688
"FBgn0035393",92.1318846090691,0.138976779779984,0.171853981692344,0.80869106674981,0.418692867882138,0.600446701454042
"FBgn0052486",564.772769999263,0.256720888890999,0.0736134254651704,3.48741941118424,0.000487705879789391,0.00254426472544708
"FBgn0035397",801.525605255696,-0.320126183670947,0.066992651575569,-4.77852684051233,1.76584193746621e-06,1.61369077681661e-05
"FBgn0026189",3200.18188107085,0.56575512991476,0.0405476385158033,13.9528502922373,3.02279245563762e-44,3.22949811620696e-42
"FBgn0035400",433.771162181747,0.0539078704888878,0.0843237102243698,0.639296709614044,0.522629928593916,0.691100551735493
"FBgn0035401",227.1047018437,0.0554158300427846,0.116237091975218,0.47674824878275,0.633541401049735,0.777085645555686
"FBgn0035402",205.435793577268,0.202761853334176,0.118421226043297,1.71220869863348,0.0868582149779683,0.193300871574567
"FBgn0012049",684.474882240975,0.0369104304487693,0.0683138086283565,0.54030702122862,0.588985317092601,0.742907178285016
"FBgn0035403",114.466431553554,-0.892006365051564,0.160551629247015,-5.55588485296015,2.76208917440712e-08,3.28960292656848e-07
"FBgn0035404",243.511677820523,0.296968076934161,0.108815255728612,2.72910333156601,0.0063506800834299,0.0236361120932983
"FBgn0035405",135.53741793425,0.270453258047204,0.1450636829052,1.8643760631939,0.0622689119315675,0.149006470745335
"FBgn0024194",144.870418710789,0.451042970181042,0.142824714775899,3.15801765043787,0.00158845939988016,0.00721710915580323
"FBgn0035407",45.1589353790117,0.0359432470083817,0.247346840568656,0.145315165238203,0.884462041686628,0.938484869783634
"FBgn0052280",112.046225956072,1.00121123280321,0.161251324864853,6.20901089428155,5.33191268879619e-10,7.73180552576933e-09
"FBgn0052278",106.02858225976,-0.421199636902858,0.176986117512355,-2.37984562192261,0.0173198923699243,0.0540967403557609
"FBgn0052281",51.39875452677,0.14118836097624,0.227919537881606,0.619465809243528,0.535609539225942,0.700558668957552
"FBgn0035410",81.2004347176714,0.210823120012679,0.185429326560533,1.13694594012267,0.255560885600506,0.426853044464629
"FBgn0035411",392.59642475797,0.226186425358505,0.0868528022150357,2.60425017489359,0.00920755200186382,0.0324407688135503
"FBgn0035414",68.4227972926331,0.332908299699653,0.202061188257649,1.64756182308084,0.09944261996836,0.21482326317875
"FBgn0001233",11106.2096216516,0.237046714331319,0.0293120777945422,8.08699799423487,6.11532733910297e-16,1.62739388712759e-14
"FBgn0035415",75.8428721016448,0.214924508986427,0.190622933505793,1.12748505667025,0.259537455042038,0.431671156337089
"FBgn0047135",647.663624438176,0.48085332387009,0.0714118115607825,6.73352647637023,1.65599510453403e-11,2.87818287905256e-10
"FBgn0035416",544.376653394987,-0.0268271828684272,0.0750892769935313,-0.357270491108049,0.72088931885818,0.836756814427973
"FBgn0035420",612.560119513192,0.100328972511902,0.0716470357591419,1.40032272722602,0.161416698039006,0.306907173842811
"FBgn0035421",84.2267177444845,0.193961240734543,0.181062446966372,1.07123947557478,0.284061766068472,0.459930628590918
"FBgn0035422",7408.48520414505,-0.245567177233279,0.0361471639660102,-6.79353925149397,1.09415450406207e-11,1.96758229505221e-10
"FBgn0035423",703.669248394102,0.0893506582844903,0.0686615119873726,1.30132086664393,0.193148647646507,0.349136134128647
"FBgn0035424",972.36839327091,-0.28692105700738,0.0611747169496038,-4.6901901850032,2.72951226357456e-06,2.4007150841246e-05
"FBgn0035425",308.57244115506,-0.0232096396170813,0.0974145966926964,-0.238256281964584,0.811682326980355,0.897545221539159
"FBgn0035432",847.477075438738,-0.078059561160299,0.0609422125414363,-1.28087835844857,0.200236395387294,0.359100817696542
"FBgn0035435",25.8797689616465,0.246209895010908,0.32367276637332,0.760675350507967,0.446851001225586,0.625023589507871
"FBgn0035437",654.802107689904,-0.148310889899283,0.068701982576695,-2.15875705964842,0.0308690194496912,0.0864880163139246
"FBgn0035438",1122.36975062558,0.13777847634059,0.0556221824833197,2.47704189568447,0.013247635043435,0.0438469560777018
"FBgn0035439",129.053489343688,-0.178169763222053,0.147612355751339,-1.20701117677567,0.227427839668401,0.39377103317229
"FBgn0035440",357.309912567231,0.360060145720965,0.0920199896024654,3.91284705938848,9.12143080343864e-05,0.000578752792899404
"FBgn0004167",13446.6649738717,-0.218638249245413,0.0281803774332299,-7.75852806668222,8.59207309427074e-15,2.14506567112979e-13
"FBgn0027616",464.691492706191,-0.150395084317812,0.0817938101630839,-1.83870984880088,0.0659578740384856,0.155933600679986
"FBgn0035443",43.9389572281429,0.288642133708389,0.248780088274033,1.16023004779405,0.245955156301932,0.415356627274183
"FBgn0035444",168.534110620745,0.105249910738628,0.131212928733423,0.802130641809369,0.422477391708842,0.603780280911186
"FBgn0035445",27.2419762098306,-0.0924740222890302,0.312559080579867,-0.295860936490696,0.767336284353595,0.86704778579977
"FBgn0014388",7359.38663722372,-0.238811607897925,0.033278195844406,-7.17621859714094,7.16659362965188e-13,1.49612938848911e-11
"FBgn0026259",1845.78176269131,-0.086270144976154,0.0476725587681363,-1.80963949083882,0.0703517116516503,0.163831107536295
"FBgn0041164",715.390862992091,0.251707186998105,0.0658448050925145,3.82273417993183,0.000131980035429526,0.00080642132665728
"FBgn0035449",194.327557718363,0.0443614487775186,0.120083402373247,0.369421984227538,0.711813214040992,0.830473698464738
"FBgn0052267",95.8197451634014,1.02060939788581,0.181334127375113,5.62833600414635,1.81956383095578e-08,2.22170272804937e-07
"FBgn0259224",77.587246029905,0.981221324903246,0.193459361833121,5.0719764378715,3.93705144809039e-07,3.9235498999145e-06
"FBgn0005640",451.380018565734,0.729453741964137,0.0837162353461771,8.71340832453531,2.94872158677182e-18,9.31411405560751e-17
"FBgn0035452",146.650832051321,0.461312979643956,0.14146234417373,3.26103022213046,0.00111008207863994,0.00523684824760987
"FBgn0052264",224.09641385152,-0.436358725045231,0.112117616747153,-3.89197289155107,9.94323570518655e-05,0.000622737994811899
"FBgn0035461",39.1382474638622,0.146085059331556,0.260780359573856,0.560184285236339,0.575353744777094,0.731143074305683
"FBgn0035462",63.0268609803089,0.211833723256191,0.214124893260894,0.989299842863613,0.32251646092459,0.503888621207988
"FBgn0052262",26.0411781968365,0.129184408831512,0.319365270965196,0.404503621953279,0.685842414998847,0.813923258419187
"FBgn0035464",300.800626246463,0.409771877096552,0.0986476171054776,4.15389534101375,3.26862721101383e-05,0.000232581554241092
"FBgn0004888",583.340822456298,0.0370253499332004,0.0727006200477316,0.509285201541492,0.610552329231446,0.759791481991513
"FBgn0004875",869.272313040662,-0.246716632706746,0.0603902392820423,-4.0853726635276,4.40061292565416e-05,0.000301323778556809
"FBgn0035469",76.7106544910013,-0.130351394654719,0.1890014398385,-0.689684664657066,0.490392511749195,0.664559149012853
"FBgn0035470",35.9514641675862,0.0891814335002938,0.28025614646501,0.318214014661863,0.750322602715104,0.855351127523839
"FBgn0003943",471.636879083301,0.139427814853289,0.082783127379914,1.68425401728805,0.0921325878800296,0.202456550956226
"FBgn0035471",299.760173969359,0.195531411346745,0.0977388489651249,2.00054956055923,0.0454409538882563,0.116756673695288
"FBgn0041147",38.7639294073283,0.264027053788127,0.266446457532657,0.990919737620329,0.321724773690028,0.503192783823047
"FBgn0035473",250.139251274725,-0.265727170333307,0.106200748394647,-2.50212144782494,0.0123451568260905,0.04129261710016
"FBgn0035475",29.8534215742981,-0.677402373580939,0.312102672665986,-2.17044720506415,0.0299729840409244,0.0844989247409065
"FBgn0027552",287.601877853819,-0.902382105100122,0.100583510301851,-8.97147159004569,2.92578925568469e-19,1.01702674366265e-17
"FBgn0035477",29.6380635925526,0.0045201623396948,0.306187279052979,0.0147627372165017,0.98822146773375,0.992456312287212
"FBgn0035480",58.8021915086412,-0.122068845336825,0.218252841026451,-0.559300143644092,0.575956897341514,0.731525674682884
"FBgn0035482",64.6254999240714,0.185501561318238,0.205600772224548,0.902241559266331,0.366928562438995,0.551569626757562
"FBgn0035483",36.8070466316592,0.258189528920199,0.28598488592683,0.902808300807397,0.366627644865769,0.551569626757562
"FBgn0035488",163.841114934774,-0.187187295056361,0.135948358725823,-1.37689999946138,0.16854316738671,0.316317776043515
"FBgn0035489",308.406980926872,-0.158101122634572,0.095994156958259,-1.64698693799997,0.0995607306765958,0.21494177627183
"FBgn0035496",77.3213047965884,-0.685244424591026,0.190751821252902,-3.59233489929576,0.000327728290657553,0.00177948133903373
"FBgn0035497",138.222413641778,-0.242682951753525,0.144439273805766,-1.68017288760308,0.0929236828154706,0.203770164700994
"FBgn0035498",297.765180624397,-0.00904133253717785,0.0983890324268044,-0.091893703131028,0.926782494467678,0.962142729681006
"FBgn0028484",322.053604807098,-0.0125580176169314,0.0947764959970128,-0.132501391667056,0.89458772233979,0.943306993639509
"FBgn0035499",2437.82725570276,-0.0983213804661904,0.0422691025284011,-2.32608157223417,0.0200141994249666,0.0607364907361665
"FBgn0035500",1193.75470625966,-0.631603340312275,0.0562933606018519,-11.2198549448742,3.25804406268162e-29,1.95617273680843e-27
"FBgn0260985",288.67027076473,-0.118807662802296,0.101778207471967,-1.16731926955011,0.243081459660257,0.412647253051243
"FBgn0004574",709.240988184157,-0.168747222408627,0.0670546511466893,-2.51656252807093,0.0118505870304792,0.0399140077776686
"FBgn0003206",256.941070468235,0.0524963019101245,0.105813733501188,0.496119928605819,0.619809799671603,0.767962023632303
"FBgn0261274",269.955919760344,-0.166962614188062,0.10840505415357,-1.54017370769022,0.123518016955905,0.253347937093352
"FBgn0028664",46.1150740604631,-0.279105448337309,0.240095983969566,-1.16247445593546,0.245042794772479,0.414425883191387
"FBgn0035507",234.297674623683,-0.112183448725843,0.111331277701685,-1.00765437208438,0.313620416729168,0.49381281481088
"FBgn0035509",18.3007832015316,-0.790410848437492,0.395692864743766,-1.99753626831085,0.0457669586618743,0.117448588724308
"FBgn0035514",223.774191939899,-0.157820310987054,0.112163483855831,-1.40705607174175,0.159410762626666,0.304287753673864
"FBgn0001257",2496.7257752587,0.307631415841097,0.0417871302095941,7.36186989386668,1.81351686866837e-13,4.05390770796177e-12
"FBgn0035515",65.6131091515867,0.400209763877139,0.204518785508169,1.95683620398359,0.050366729046742,0.126482643112541
"FBgn0011692",554.128649746534,0.294792673609215,0.0742336284358462,3.97114730642567,7.15273332561528e-05,0.000465468012921338
"FBgn0041171",597.530176896293,-0.271101788242389,0.0721744405637828,-3.75620214198692,0.000172511370745097,0.00101072186166381
"FBgn0035517",83.4973286951961,0.735648826358603,0.185983837048631,3.95544493560613,7.63923427007919e-05,0.000493763674129229
"FBgn0035518",99.5990335874618,0.199556850057841,0.181123795625829,1.10177047343957,0.270561469983081,0.445115280667365
"FBgn0035519",172.9365251089,-0.0873130947712533,0.127863465016503,-0.68286194778144,0.494694080823947,0.667987525872708
"FBgn0035520",63.5534371142233,-0.276134921276812,0.209063746544273,-1.32081686012613,0.186562436573915,0.34106092141658
"FBgn0035523",19.2338825212787,1.39532342074946,0.398005678434487,3.505787722019,0.000455258151637527,0.00239323478411479
"FBgn0035524",170.47317314644,-0.492058980824635,0.126978445372466,-3.87513785809298,0.000106564352626324,0.000661700873359185
"FBgn0035526",397.688050768094,-0.290774165210625,0.085910820933817,-3.38460466388313,0.000712808374766674,0.00357141575357233
"FBgn0015829",56.876163131419,0.254710592744471,0.216810819283997,1.17480572964779,0.240072447333276,0.408843490360115
"FBgn0041630",222.660468096656,0.279954309456224,0.115181413214444,2.43055109017465,0.0150758804137588,0.0484415175612373
"FBgn0035528",453.645298954138,-0.236046012741292,0.0833666005334879,-2.83142183117415,0.00463415593342121,0.0181494031570378
"FBgn0035529",53.3375700428645,-0.486978720358893,0.233494581924552,-2.08561036553837,0.0370139316442754,0.0993740626000225
"FBgn0052251",369.667110494017,-0.417741060627756,0.0894073374056582,-4.67233532223854,2.97794258343495e-06,2.60346003232911e-05
"FBgn0052250",52.8133463089521,0.188245127944731,0.224004714566419,0.84036234821707,0.400705253280951,0.58339151604932
"FBgn0035532",65.7872265793871,-0.088962782432171,0.203305596270411,-0.437581572097229,0.661689632094361,0.797523783014284
"FBgn0035533",946.620447211305,-0.284149831138018,0.058433974043058,-4.86275040832646,1.15765785224789e-06,1.07825439699756e-05
"FBgn0035534",33.7702119596521,-0.380390192914101,0.2928326224344,-1.29900210486049,0.193943206822821,0.350148458640109
"FBgn0035540",65.0445137311874,-0.333799071967505,0.205341713035154,-1.6255784907685,0.104039353946395,0.222242254166587
"FBgn0035541",193.809901914649,-0.411102178202033,0.125488049130712,-3.2760265304134,0.00105278670720199,0.00501212020171853
"FBgn0035542",157.443591595501,-1.34482674682707,0.144282334000763,-9.32079977871691,1.15466602728619e-20,4.46204717459265e-19
"FBgn0052243",234.13693618364,0.582504027413726,0.12243507442192,4.75765649805852,1.95853405526974e-06,1.77194893045264e-05
"FBgn0035558",1462.17166173526,0.0013821567450326,0.0504834097673095,0.0273784348443044,0.978157898301878,0.988361214348143
"FBgn0003501",84.5043924531569,1.79610467830871,0.20228990053007,8.87886480542178,6.75461437496829e-19,2.28243132251835e-17
"FBgn0015805",438.427810218944,0.329835566423916,0.0874362086373643,3.77229950342297,0.000161749930955283,0.000963997742731857
"FBgn0010349",2157.85910987948,0.227263882815465,0.0431674364032206,5.2647064952532,1.40413498014683e-07,1.49795016604504e-06
"FBgn0027085",118.868658656771,0.202060464414962,0.15641258220729,1.29184277609569,0.196411598201004,0.353638230713827
"FBgn0035593",97.654504731644,0.132782704844096,0.170089149024946,0.780665348761441,0.434999345831423,0.615077899467748
"FBgn0035592",68.7154227133454,0.330921980271817,0.199160157061741,1.66158726300476,0.09659555892861,0.210259329744306
"FBgn0035591",61.8956873959444,-0.0767722674315412,0.212862102533947,-0.360666678180996,0.718348637339429,0.835102500055786
"FBgn0035590",48.7487965224907,0.339410804772125,0.235694432798731,1.44004591343895,0.149854409671107,0.290472861862485
"FBgn0035589",88.6170579475736,-0.495172563797047,0.177032149161833,-2.79707706279037,0.00515672320133763,0.0198325008246257
"FBgn0035588",55.1217055438898,0.416053246371142,0.226027139800283,1.84072252004235,0.0656622320201719,0.155436987822271
"FBgn0035586",173.188128361934,-0.228704796394459,0.130449810065994,-1.75320145179789,0.0795674339192219,0.180484220358258
"FBgn0028962",107.092060513089,-0.302862977271471,0.161154112964598,-1.87933755893654,0.0601984163501612,0.14515150839161
"FBgn0027914",52.5677408609172,0.255735758868698,0.227483421729461,1.12419514760437,0.26093024754264,0.433516151084372
"FBgn0010747",453.884559348497,-0.0915002539813457,0.0802701172688597,-1.13990432672312,0.25432616227702,0.4255768772624
"FBgn0052423",1442.95828553758,-0.419919500214887,0.0509353852573629,-8.24416067716276,1.66323535076868e-16,4.61198657379178e-15
"FBgn0016031",328.110989156985,0.163084782198258,0.0955859347007095,1.70615878485569,0.087978520086203,0.195343505020252
"FBgn0004380",184.607779258118,0.0740355749473585,0.126352858288909,0.585943016643712,0.557913808587612,0.717769403114751
"FBgn0035600",698.050559368855,-0.0551225763478078,0.0665160564041005,-0.828710830553833,0.407268055726774,0.589755316893565
"FBgn0035601",822.797813773682,0.260892535825315,0.0622906957958839,4.18830665626559,2.8104359623079e-05,0.000203770631398871
"FBgn0260856",70.1085617011791,0.0765400850761257,0.197362419620565,0.387814890105605,0.698153025561454,0.822149142176933
"FBgn0035603",140.316351826567,0.410816647102663,0.139506015680452,2.94479521258542,0.00323168484108865,0.0132649731591402
"FBgn0035608",1238.72800611955,0.729069529019685,0.0619614951848707,11.7664934786419,5.80891885759167e-32,4.05786495196187e-30
"FBgn0010894",64.0655278125128,1.27630088086854,0.219389872724408,5.8175013505377,5.97337796793513e-09,7.83331966372721e-08
"FBgn0029118",155.865626276531,0.200936783240722,0.136168824838787,1.47564454256409,0.140039340888207,0.276013513714819
"FBgn0029121",51.138756522841,0.420815703178932,0.236727061847356,1.77764088268995,0.0754628547438998,0.173004291399618
"FBgn0040239",147.478602233801,-0.172195962432839,0.13637197802307,-1.26269314949519,0.206699476921414,0.367136793867971
"FBgn0035617",376.796902899581,0.0199256158254109,0.0910022202804929,0.218957468993557,0.826683178659761,0.906896343386667
"FBgn0035622",465.091918599887,0.309511447108995,0.0813534797688226,3.80452622295341,0.000142075861163547,0.000860868333071864
"FBgn0035623",97.4165525475064,0.98060462422116,0.17472470412951,5.61228378726749,1.99673619567824e-08,2.42580074608736e-07
"FBgn0035624",32.8388901510189,-0.131759065754063,0.289324544991614,-0.455402308704512,0.648819834640155,0.788635786960135
"FBgn0035626",28.8163596075367,-0.30888829103417,0.315055138616066,-0.980426132362148,0.326875815554684,0.508294691781844
"FBgn0035627",54.9785604803529,0.0524766615802667,0.222163685122894,0.236207198090175,0.813271894272275,0.898024684665253
"FBgn0015657",619.230832119806,-0.270963925212448,0.0725598626925196,-3.73435002710366,0.000188200598279895,0.00109120299002668
"FBgn0016756",184.276003697689,-0.0347555457307481,0.122775327239515,-0.283082493137612,0.777113601393569,0.874493543079969
"FBgn0035630",1132.99045186534,-0.202351608828912,0.0564175748014599,-3.58667683857399,0.000334918963821467,0.00181445657879415
"FBgn0035631",232.715569642131,0.00263843449286989,0.108552271631163,0.024305658953271,0.980608799273809,0.989186743505168
"FBgn0035632",60.9344175191526,-0.181873955522036,0.212919100241888,-0.854192767654086,0.39299818981188,0.577027455332116
"FBgn0260936",716.873646242549,-0.475980867192355,0.067907793718221,-7.0092229644127,2.39645296539474e-12,4.65514192342052e-11
"FBgn0052418",69.5587257518416,-0.603221533627953,0.202469578545546,-2.97931935237499,0.00288889517047223,0.0120481190662921
"FBgn0040298",74.7114276907943,0.0343973396497185,0.196399693793461,0.175139476978471,0.860970039489287,0.926110058763647
"FBgn0086694",349.438448717535,-0.218113815726465,0.0910482437038387,-2.39558509701675,0.0165938618688715,0.0523694207112735
"FBgn0015806",1604.70348350343,-0.264595754208559,0.0478681581083044,-5.52759422265415,3.24651875461347e-08,3.84762785518219e-07
"FBgn0259167",22.0585657421787,-0.255857681860087,0.350046392445387,-0.730925064168473,0.464824925630864,0.640909676353811
"FBgn0035639",142.774519303963,-0.176666156863083,0.140373459601515,-1.25854386836795,0.208195132544149,0.368911619008108
"FBgn0035640",130.117068440405,-0.128158901989141,0.146613032052368,-0.874130356593159,0.382047267393246,0.566559174854446
"FBgn0035641",93.9294351300948,0.41946235923132,0.172169632075384,2.43633185582728,0.0148370656468373,0.0478646900196592
"FBgn0035642",66.0500089665896,0.241939963666346,0.207626416987255,1.16526580373054,0.243911416632216,0.413619949216674
"FBgn0035644",86.5495455769821,-0.57864904754382,0.178901506197346,-3.23445598554946,0.00121874704045905,0.00570135045005471
"FBgn0052409",172.134797572859,-0.261754673056258,0.12664036232699,-2.06691348829528,0.0387423065280083,0.103024471788426
"FBgn0052412",279.138847461637,-0.74894403824427,0.102055810805905,-7.33857320156569,2.15882827919143e-13,4.75269316615932e-12
"FBgn0052407",47.6667999008422,-1.82258740208529,0.265519929236853,-6.86422072845417,6.68551907947299e-12,1.2208338742867e-10
"FBgn0053523",206.604130676605,0.116387583202458,0.118247160270802,0.984273812038401,0.324980902081406,0.506263218921566
"FBgn0002638",676.398340448502,-0.162519047562508,0.0689501220303052,-2.35705235577505,0.0184206495273311,0.0568746361309224
"FBgn0028980",70.9118336499605,0.041412166427609,0.193138545173204,0.21441689120352,0.830221970681552,0.908702401148724
"FBgn0035670",13.503178285947,0.0125191138205731,0.463527021342101,0.0270083797581533,0.978453050390164,0.988384512108529
"FBgn0259164",16.6351283954737,0.081260337761152,0.406986892682276,0.199663279634388,0.841743934062118,0.914364485789667
"FBgn0035673",11.7670242512844,0.475268118091457,0.489714354642478,0.970500687974386,0.331796982154846,0.513528989210685
"FBgn0035674",93.65826984908,0.502960406795138,0.175151809411928,2.87156843245769,0.00408440337957718,0.0162771204347933
"FBgn0035675",41.9129850381878,0.447759375478812,0.260443860184591,1.71921647590947,0.0855749618561973,0.190970753590419
"FBgn0035678",28.6111103329665,-0.216650821939495,0.30425509259563,-0.712069665264188,0.476421637615708,0.650724421372085
"FBgn0035679",137.165502557855,-0.216437166140175,0.142662743525207,-1.5171246591226,0.129235213469476,0.261263197615773
"FBgn0061492",106.418114289906,0.52574899744863,0.160185230202282,3.28213154723887,0.00103025529882891,0.00492745539564977
"FBgn0002440",7.7549381615634,1.48964110180312,0.632321121205305,2.35583005508914,0.0184813706440005,0.0569411186296282
"FBgn0035688",515.653958117268,-0.153765423294683,0.0785207767453976,-1.9582769003071,0.0501975298163683,0.126144951268044
"FBgn0035689",103.50298988515,0.520097134510057,0.162623445322855,3.19816821908742,0.00138303577432435,0.00636336599142902
"FBgn0035690",136.779927368747,-0.141818865656622,0.143108954705523,-0.990985266774145,0.321692774507496,0.503192783823047
"FBgn0022699",107.232597400751,-0.160471034868284,0.159686972145857,-1.00490999805364,0.314940189716444,0.495139683681014
"FBgn0022935",162.087669475395,-0.350319366883269,0.132260065214792,-2.64871612088158,0.00807981693185594,0.0290162481512276
"FBgn0035691",13.181905925692,0.0516834380437698,0.450844038777083,0.114637066476384,0.908732798572054,0.952798929373065
"FBgn0035692",171.296665382548,0.0302833317646545,0.128262714758549,0.236103935751415,0.813352019972108,0.898024684665253
"FBgn0024921",618.607442962508,0.258638691022168,0.0728687617253873,3.54937678228802,0.000386144133295869,0.00206426573097461
"FBgn0002526",24116.7284900038,-0.0175802598684247,0.0262953819747059,-0.668568339693089,0.503770874348581,0.675880960691125
"FBgn0001258",397.647356524409,0.719989964327237,0.0886195559156358,8.12450431384078,4.49194351224492e-16,1.20420552090256e-14
"FBgn0035702",20.1916449816958,-0.145849412623509,0.37833973814503,-0.385498529281109,0.699868095903643,0.823274241700124
"FBgn0035703",43.0537012308352,0.286530771599903,0.252664431183062,1.13403683398675,0.256779097671872,0.427999868779468
"FBgn0035704",142.212823085189,0.341009476225683,0.139869590315793,2.43805301392364,0.0147666082357046,0.0477145361695261
"FBgn0020251",104.030675206189,0.0234440105255092,0.162957170003381,0.143866087788729,0.885606215080173,0.939052041417682
"FBgn0042185",92.7827859896811,0.344696317331607,0.17492148107356,1.9705773997343,0.0487722338007972,0.12324531428271
"FBgn0002926",28.0281190192563,0.280072434321949,0.314543217762293,0.890410024779507,0.373245761472168,0.557918338457754
"FBgn0035707",252.834580966795,0.00445042408729244,0.106011154657345,0.0419807151584883,0.966514071636577,0.98219677303675
"FBgn0024177",132.702192457399,0.729141846445311,0.150420710735877,4.84735009479915,1.25121511095463e-06,1.15797169185801e-05
"FBgn0035708",294.033776878401,-0.4968945385929,0.0992670199169972,-5.00563569862762,5.56779721475434e-07,5.42953647854903e-06
"FBgn0052394",718.887771777198,-0.405134101313867,0.066136530206652,-6.12572356076095,9.02724202973358e-10,1.27098669275222e-08
"FBgn0052393",113.455578997247,-0.0527877084728145,0.165499811091056,-0.318959327656099,0.749757354954324,0.855234288545009
"FBgn0035713",544.11048577201,-0.133992626888721,0.0770087562858035,-1.739966120105,0.0818649671762749,0.184264667345645
"FBgn0035714",135.905483815651,0.0580020887613008,0.144315895179435,0.401910605129005,0.68774981759531,0.81495717253791
"FBgn0035715",389.898011353346,-0.348953824806502,0.0872632477841486,-3.9988635956991,6.36473464588342e-05,0.000419598885683694
"FBgn0035719",18.8681321511611,0.119021028924337,0.381852984963673,0.311693331232333,0.755273596565727,0.858695254937403
"FBgn0035720",1381.11864196728,-0.106343316152052,0.0513938748641769,-2.06918268826966,0.038528946605464,0.102532160105749
"FBgn0035721",66.0220479512331,0.561467867482431,0.207935722389449,2.70019918189354,0.00692979739912351,0.0254267566185012
"FBgn0035722",42.0280509779643,-0.369517719726749,0.254374230132461,-1.45265390890551,0.146319870177518,0.284913925714197
"FBgn0029117",42.3494279673148,-0.151660649478894,0.250240440380311,-0.606059713004031,0.544475101968777,0.707243271196703
"FBgn0261445",1655.9215509646,-0.26314276551531,0.0512672265764153,-5.13276771707337,2.85512187214375e-07,2.92972604535655e-06
"FBgn0035725",78.3133640084002,0.217033541055506,0.18699147395512,1.16066009035041,0.245780157969846,0.415157602336883
"FBgn0035726",1404.39038962513,0.116091053362577,0.0513408867308021,2.26118130704057,0.0237480321555388,0.0701624455510327
"FBgn0035727",17.9968827118189,1.28784763020968,0.413268861598243,3.11624646780588,0.00183169110138776,0.00817900175266263
"FBgn0001104",2055.19897960256,0.112657652675977,0.0440717046462243,2.55623542543477,0.0105811502824726,0.0364149961166097
"FBgn0047205",238.361225820822,-0.00566827329520249,0.11415100524998,-0.0496559209688036,0.96039658306835,0.978444363714638
"FBgn0053556",63.2581122754357,0.606026206859773,0.208547190251972,2.90594280425239,0.00366148370753105,0.0147372183574588
"FBgn0002775",111.397460753895,-0.357437462712879,0.161168438495541,-2.21778820995879,0.0265692763856689,0.0766583768633378
"FBgn0259173",53.3755332756805,0.284902203987136,0.228008536930261,1.24952428458535,0.211473376976217,0.373317391382119
"FBgn0040837",53.603963920749,-0.210655387412629,0.228268183153187,-0.922841652755705,0.356089730750577,0.540533199728989
"FBgn0035751",11.5412540925819,-0.0619875899852599,0.488576079402568,-0.126873976435888,0.899040143961089,0.946049630051754
"FBgn0261111",51.5301513150676,0.26453666136586,0.227145751354332,1.16461197177842,0.244176095616631,0.413622146253433
"FBgn0035753",4118.44590511307,-0.411245452918032,0.0689256868336569,-5.96650496803201,2.42389361837743e-09,3.29767549391611e-08
"FBgn0024542",48.2323697462729,-0.193117076600719,0.240394055085989,-0.803335492350846,0.421780848907327,0.603618833486873
"FBgn0028648",74.7078264724215,-0.164696807472293,0.192980835015912,-0.853436080627973,0.393417520077829,0.577526426220535
"FBgn0012058",304.924732365307,-0.23939858697574,0.0981675791443625,-2.43867261536201,0.0147413164782957,0.0476828424821097
"FBgn0035754",48.837125907062,-0.159779199978553,0.234496857526436,-0.681370324805059,0.495637195080495,0.668797218101745
"FBgn0035760",13.8185558441663,1.01309301592598,0.458608704017884,2.20905754088451,0.0271706388804,0.0780313029774991
"FBgn0035761",171.245068238161,0.827061727354657,0.133129724926034,6.21244975766432,5.21648624176377e-10,7.59474399727731e-09
"FBgn0035762",119.006630463221,0.0257958478600866,0.153048871319508,0.168546475630223,0.86615338433018,0.929077221012854
"FBgn0035763",408.149807281069,-0.0589046604480764,0.085531673991185,-0.68868826832674,0.491019460458088,0.665122081907122
"FBgn0035765",180.4823643628,0.845852458970904,0.138931570387776,6.08826673887022,1.14139595746073e-09,1.59466185210619e-08
"FBgn0035766",458.572227649184,-0.31220333750344,0.0828285136294311,-3.76927369360043,0.000163723279658281,0.000969396598791694
"FBgn0011640",417.981051440154,-0.144257889697724,0.0856435658671581,-1.6843984511514,0.092104689937909,0.202456550956226
"FBgn0035767",177.899615613707,0.0387003395888904,0.125476361756785,0.308427332822293,0.757757186452789,0.860576201278648
"FBgn0015298",133.033294200418,0.167877632752459,0.155030856820055,1.08286592873131,0.278867936843049,0.454134350152601
"FBgn0019662",386.132343386963,-0.133455181445129,0.087357477547959,-1.52769041862343,0.1265894201388,0.257611242943525
"FBgn0035769",225.293719352973,-0.370526418904025,0.113292288697896,-3.27053520731731,0.00107344179220459,0.00509709452311524
"FBgn0035770",82.7136862609101,0.129534358813657,0.182243184879036,0.710777519058588,0.477222113726733,0.651456336397145
"FBgn0035771",896.628112967827,-0.283789665082111,0.0619020352770638,-4.58449651634092,4.55081674257766e-06,3.82658375403087e-05
"FBgn0035772",1582.18371424889,0.184910997896332,0.0487832152706234,3.79046352050687,0.000150366416345264,0.000902819846899459
"FBgn0082598",923.863937025514,0.157781624263619,0.0603108102072471,2.61614167877088,0.00889296490551228,0.0314229640107273
"FBgn0052380",303.852057946404,0.0735481002922759,0.10000282508941,0.735460225513816,0.462059254899881,0.638429153071061
"FBgn0016983",687.617408372269,0.129333978677977,0.0678385925454967,1.9064956070726,0.0565859350891674,0.138556393132053
"FBgn0014011",330.520780549014,0.187571647193607,0.0927673253602883,2.0219581244271,0.0431806781559787,0.112561042986432
"FBgn0259935",10.4609285686769,1.26413128071453,0.529019252070776,2.38957519176524,0.0168678706478677,0.0530039274466949
"FBgn0035793",790.619169487134,-0.327172352470282,0.0655284313311806,-4.99283052903789,5.95007644542218e-07,5.76364071679895e-06
"FBgn0028582",673.497765207513,-0.00304711497977282,0.0695005222778528,-0.0438430515326332,0.965029509898463,0.981312466855635
"FBgn0035802",20.1739659691907,-0.705045394741503,0.371668776332186,-1.89697235721345,0.0578315865164841,0.140752588288863
"FBgn0053276",25.1432342004036,-0.016245732307306,0.32874531216302,-0.0494173808910466,0.96058667713594,0.978444363714638
"FBgn0035805",66.2444503987709,0.170282592947941,0.204201243248121,0.833895965760769,0.404339610774062,0.586215779739286
"FBgn0035807",189.32949593387,0.0371932617466367,0.128137091012639,0.2902614805183,0.771616204972405,0.870329409893575
"FBgn0035811",254.598202741922,0.981247145364572,0.108666259573445,9.02991553419002,1.71804354921755e-19,6.0885787244222e-18
"FBgn0035812",238.003326294047,0.248778964751586,0.11111593636667,2.23891345279802,0.0251615479907913,0.0734713644219087
"FBgn0052369",578.123581041636,-0.190253385856227,0.0730789089064391,-2.60339663937515,0.0092305095737424,0.0325058904766062
"FBgn0016694",416.629827293982,-0.578821029076779,0.0882716412555387,-6.55727049870006,5.48015560111516e-11,8.98720777474077e-10
"FBgn0003041",457.435849171109,0.514543424825782,0.0866207179710447,5.9401888702629,2.84693887991428e-09,3.81605368313233e-08
"FBgn0035824",34.56938567043,-0.198904195734114,0.280018194159785,-0.710325971249618,0.47750201809651,0.651709968339497
"FBgn0035825",109.552872382069,-0.0287218443460962,0.159517611215368,-0.180054378493157,0.857109877866011,0.923872887640441
"FBgn0052368",176.82450314711,0.315799806676088,0.128492800016419,2.45772375289304,0.0139820680149088,0.0457772528744084
"FBgn0024187",250.49458499315,-0.0284407427170175,0.108853801531049,-0.261274685100504,0.793880687089625,0.886359795866931
"FBgn0035827",104.276894471345,-0.152024036468635,0.172258811683491,-0.882532713321885,0.377488797297658,0.562093894725863
"FBgn0010406",297.448626767922,0.188462382033883,0.101178592377983,1.86267052747509,0.0625086348993874,0.149432455591987
"FBgn0027554",286.33366454632,-0.169900260622028,0.103284025459126,-1.64498101102058,0.0999737270775436,0.215585968304647
"FBgn0035829",179.480182948123,0.276723933435725,0.128281891157309,2.1571550819779,0.0309935829994648,0.0868035391253321
"FBgn0035830",363.184351391967,-0.188437726361147,0.0934302098742683,-2.01688219061835,0.0437078090293017,0.113527791418619
"FBgn0035831",63.2452493098608,-0.10329244571115,0.21166143464796,-0.488007869184806,0.625544267203669,0.771937012459682
"FBgn0011817",174.062219152962,0.067848653576426,0.127587663002039,0.531780675184415,0.59487790862545,0.74746687716167
"FBgn0026263",61.0138838870891,0.091036157966514,0.222698049271167,0.408787406375815,0.682695682690852,0.812014429395717
"FBgn0035832",19.5894536793958,-0.397327236139071,0.382945942997592,-1.03755436871561,0.299477571367415,0.478281942401467
"FBgn0085402",1538.48365592366,-0.670203123279245,0.0531988887252903,-12.5980662254066,2.16384753365776e-36,1.72751124527732e-34
"FBgn0035833",172.885038841092,0.277488028014489,0.129546780919211,2.14199091668313,0.0321942129715487,0.0891352733377673
"FBgn0027549",294.118209374308,-0.216601559394027,0.101417645040255,-2.13573840437778,0.0327007422275175,0.0900127284952495
"FBgn0011744",886.832054262577,0.180855612623981,0.0608054882199971,2.97433040862425,0.00293628715486499,0.0121967559634615
"FBgn0026252",2280.41875588979,-0.0623453734078004,0.0422810065350234,-1.47454799488174,0.140334105248401,0.276519466945927
"FBgn0035838",45.7232715897459,0.0124352556111054,0.246965715494869,0.0503521534808494,0.95984176397709,0.978444363714638
"FBgn0035839",14.4396588910096,0.230406826438455,0.437178098648733,0.527031951396047,0.59817140047582,0.749557300808806
"FBgn0042112",62.6922385017601,-0.594590897519861,0.208689368166412,-2.84916717484968,0.00438338413092627,0.0172603174586338
"FBgn0029113",683.691495877398,-0.019521224690033,0.0697764324546465,-0.279768168180875,0.779655374948857,0.876404234709704
"FBgn0010350",215.26131735068,0.0899888426174844,0.114695624389097,0.784588279603443,0.432695004055764,0.613491257702015
"FBgn0035842",146.643523635224,0.155115198687138,0.138065830094276,1.12348724214543,0.261230615933066,0.4336118544219
"FBgn0002899",122.513821712644,0.167318689823037,0.149259133431066,1.12099464854733,0.26229014032317,0.434955003297838
"FBgn0035844",10.9177192311541,-0.444965492395246,0.494433781361494,-0.899949617459328,0.368147063403255,0.553172371380486
"FBgn0259916",32.573139118285,0.526148789317936,0.292757596388404,1.79721652250447,0.0723012525096327,0.167496364630893
"FBgn0040290",198.726620996024,-0.671767219542064,0.124666514323413,-5.38851369341529,7.10427508692294e-08,7.9526284293521e-07
"FBgn0020392",201.644582124227,-0.0720349855287608,0.117033100176537,-0.615509504747808,0.538218294293626,0.70250734963047
"FBgn0035848",98.7053121130998,-0.00542084447081185,0.165040982314514,-0.0328454447785671,0.973797838053384,0.986700319868596
"FBgn0035849",133.630111502454,0.0793078741321675,0.148596028424232,0.53371462866927,0.593538986574141,0.746160362945343
"FBgn0035850",321.182568829391,-0.345720467301825,0.0942928438620085,-3.66645498366519,0.000245936189124844,0.00137864692437654
"FBgn0035851",202.842784129529,0.172672254895184,0.120504002199072,1.4329171790488,0.151881507231295,0.293228580928875
"FBgn0035853",242.998331104941,0.0133762905987511,0.108564881365523,0.123210106532654,0.901940722693906,0.947764085947675
"FBgn0035854",50.1543375391996,-0.0502910352246678,0.233547722521196,-0.215335155837812,0.829506022077146,0.908268462756664
"FBgn0052364",141.717307553765,0.341019051140789,0.139462315489584,2.4452415689761,0.0144755148738822,0.0470324756523946
"FBgn0027569",520.522375149088,-0.026179621314581,0.0780955930372825,-0.335225334700807,0.737455112257104,0.847419527086379
"FBgn0015793",63.0342306005901,-0.386647040218776,0.21535469020981,-1.79539642179181,0.0725905621686418,0.167952367565345
"FBgn0035866",77.5046815454393,-0.0251037030197012,0.19324002274791,-0.129909439373489,0.896638076039638,0.944342653294864
"FBgn0035867",268.515500883069,0.145285618447052,0.102928349198346,1.41152189439163,0.15809078446887,0.302244618201669
"FBgn0035868",32.2369211861476,0.583446078228772,0.292472440360443,1.99487540607154,0.0460564704905187,0.117900020476962
"FBgn0087039",118.460391396664,0.086552365792322,0.152349189913763,0.568118319771274,0.569954629038447,0.72742221026437
"FBgn0035871",487.105266911107,0.134215012880289,0.0806525494390034,1.66411370519408,0.0960897087208881,0.20951132468705
"FBgn0035872",799.501664655789,-0.160999518822112,0.0642255710406798,-2.5067822086025,0.012183575608717,0.0408273416961848
"FBgn0035876",41.6628064736774,-0.172431798764706,0.254320130748132,-0.678010813605138,0.497764836915274,0.67107549104448
"FBgn0011762",58.6030791624527,0.131732817507495,0.217043697917904,0.606941453593011,0.543889766552518,0.707184152874102
"FBgn0035877",79.8202771707121,-0.539675612105781,0.186987569431617,-2.88615769350992,0.00389976706854908,0.0156356554928306
"FBgn0035878",346.314647827231,-0.137759663920421,0.0911185686650271,-1.51187256273589,0.130566285188706,0.263113551367122
"FBgn0035879",370.252712127013,-0.597607340673139,0.0898764808699263,-6.64920716619986,2.94675993203764e-11,4.96710229843467e-10
"FBgn0035880",32.8652703833651,-0.227124069432625,0.287889822447733,-0.788927053765021,0.430154642559107,0.611626519036138
"FBgn0001248",692.225073808397,0.22459408792225,0.066523209768009,3.37617635567334,0.0007350078989222,0.00365491607506488
"FBgn0035888",38.9104074447176,0.0265325327432501,0.263252200018874,0.100787506206398,0.919719144937995,0.959480652804985
"FBgn0053057",31.7092525289103,-0.121707649491624,0.291993103179362,-0.416816863708122,0.676812366605289,0.808173197712578
"FBgn0035890",63.4381412514861,0.268283332379823,0.206439462589266,1.29957387514422,0.193747058460187,0.349938585378369
"FBgn0035891",35.844048416732,0.844513957685283,0.281783446688042,2.99703182572052,0.00272622250428749,0.0114950705128547
"FBgn0035892",157.54560581814,0.0749605751052048,0.14607230571225,0.513174449733619,0.60782929690118,0.757181042864724
"FBgn0020224",283.747953971174,-0.0515190380862866,0.0999426198227888,-0.515486167739414,0.606213332996062,0.755816005528813
"FBgn0035895",1160.90382223121,0.133408805906258,0.0560145936909235,2.38167943594091,0.0172338923582636,0.0538976444179015
"FBgn0062463",379.972398748242,0.149960855676573,0.0875577524283883,1.71270791583216,0.0867662881227035,0.193207511782227
"FBgn0035896",108.909193994756,0.527606290112268,0.166466600991853,3.16944232037325,0.00152731769150793,0.00696545073999065
"FBgn0010825",511.852868036809,0.07194730633426,0.0780335172906952,0.922005169474003,0.356525879216055,0.54108220440874
"FBgn0035900",52.9398613601822,0.24829572578105,0.238613864060083,1.04057543663318,0.298072636244822,0.476457140224121
"FBgn0035901",77.248040109082,0.0283373197820472,0.204260229426317,0.1387314596759,0.889662357251435,0.940814705303009
"FBgn0035903",31.4529916120156,-0.741922585511172,0.304652612992464,-2.4353068178986,0.0148791672507176,0.0479579192885819
"FBgn0035902",14.719046308784,0.750629793419835,0.432810515601795,1.73431505557607,0.0828621975794087,0.186171411288506
"FBgn0035904",506.933940372241,-0.119423397951828,0.0767505837922474,-1.55599334951106,0.11970967380816,0.248188568041694
"FBgn0035906",272.975168882739,-0.272871273271788,0.101114389730874,-2.69863937267548,0.00696235776779969,0.0255333312382962
"FBgn0035907",29.5321113737133,-0.170063137079043,0.299630704978601,-0.567575799987483,0.570323043312575,0.72742221026437
"FBgn0024236",1026.33637679457,-0.102467530643446,0.0568249242472866,-1.80321455770949,0.0713545250677117,0.1655698703324
"FBgn0035909",1118.40955859295,0.00452893186992617,0.0561416425871504,0.0806697428365365,0.935704600087496,0.966708464112011
"FBgn0260442",970.056784403578,-0.0192116744713957,0.0591037572775991,-0.325049969008943,0.745143253472599,0.852111716744598
"FBgn0035911",104.610046066483,-0.249697972280742,0.163132463296475,-1.53064550877862,0.125857027880474,0.256480030168764
"FBgn0017430",45.2297370892248,0.169654598957894,0.245190553719784,0.691929588575355,0.488981548077983,0.663389532546507
"FBgn0017579",5741.58711850004,-0.146641336472578,0.0337440746776953,-4.34569143985174,1.3883762289298e-05,0.000107189726920032
"FBgn0017429",110.984500953907,0.0813546912542306,0.157297732109664,0.517201933957395,0.605015202139214,0.754867242783635
"FBgn0035916",99.9857154296831,-0.158485693461751,0.166056094991066,-0.954410577162357,0.339875854311106,0.523135186773345
"FBgn0035918",99.4301432505926,0.0762003454077397,0.16872011100821,0.451637596445344,0.65153008072701,0.790837068616811
"FBgn0001168",907.834742720255,-0.109349392929507,0.0637882419430199,-1.7142562578725,0.0864816728363862,0.192667694926816
"FBgn0011509",235.250682630545,-0.0483266636272727,0.109073331631697,-0.443065806318771,0.657718136958764,0.79492967310022
"FBgn0052022",85.1477261950402,0.35032139447587,0.189188120537188,1.85170925891728,0.0640675837457438,0.152257440599551
"FBgn0035923",189.894754273423,-0.000725219501058791,0.12532013409629,-0.00578693524618771,0.995382719483774,0.997167051440929
"FBgn0261259",116.331511760567,-0.512055420412129,0.153132854816777,-3.34386386921867,0.000826202679213327,0.00405839247091604
"FBgn0011577",762.309464604962,0.20250999697575,0.0650164749156631,3.11474894999212,0.00184101527834229,0.00820550674672191
"FBgn0052026",38.2657746175644,0.0230544787277775,0.267331612934905,0.0862392534675324,0.93127622717002,0.964602479382691
"FBgn0020633",465.714679777862,0.304143628014175,0.0806515470137051,3.77108238187287,0.000162540997763052,0.000964755186886086
"FBgn0035937",259.090971781244,0.695600055481081,0.10756948083529,6.46651866384093,1.00286445997205e-10,1.61547900259355e-09
"FBgn0035938",135.782751528032,-0.054800258034449,0.143247702826052,-0.382555929018937,0.702049052348567,0.824155890751241
"FBgn0040321",517.411019745068,-0.00176785803822672,0.0784037215243048,-0.0225481393466596,0.982010712101443,0.989776335102245
"FBgn0011787",222.987277283183,-0.249989232014692,0.189578155243565,-1.31866053709359,0.187282625392108,0.341861375244638
"FBgn0035942",41.8582502764206,0.213169978360254,0.253960991795878,0.839380791722495,0.401255659221655,0.58397075580481
"FBgn0035944",268.976935702624,-0.226544244431455,0.101726217416617,-2.22699958953206,0.0259473012237609,0.0752824055074374
"FBgn0035945",206.746944178252,-0.0395497856173003,0.117256267239282,-0.337293575417953,0.735895602319216,0.846734486989088
"FBgn0086706",1774.20837432283,-0.190343547813431,0.0473589997679762,-4.0191631737573,5.84052126362708e-05,0.000389842079516836
"FBgn0035947",303.862982630233,-0.0625601114790978,0.0982531733757063,-0.636723571663958,0.524304916860705,0.692354112495502
"FBgn0035950",168.098022162108,0.257384472376132,0.130838487881468,1.96719234946607,0.0491610396946372,0.124012136590812
"FBgn0035951",152.140805245837,0.163905660104479,0.135170481804625,1.21258471462273,0.225288635820589,0.390923329869633
"FBgn0016070",200.940408855601,-0.204446088875958,0.118492244493713,-1.72539637298208,0.0844560645156916,0.18896621764906
"FBgn0035953",193.824255454784,0.0691146707393548,0.131685214444969,0.524847615054292,0.599689128088239,0.750773998890411
"FBgn0000116",146.765425120489,0.849268411392885,0.145592019440277,5.83320716793314,5.43719899119528e-09,7.18204557655158e-08
"FBgn0035959",176.887386573784,-0.00835885586690575,0.128401710103564,-0.0650992565454448,0.948094972369556,0.972957142878038
"FBgn0035960",12.1783219524017,-0.0281617252350765,0.478802085079303,-0.0588170480302151,0.953097829603381,0.976209746520311
"FBgn0023479",878.870136076309,-1.58889172067064,0.0655529832141199,-24.2382824208128,8.78877306271162e-130,3.54724646114444e-127
"FBgn0043806",366.267646345937,0.477005966223504,0.0896680633531975,5.31968627831968,1.03946336942941e-07,1.13388909593163e-06
"FBgn0040827",60.2159779299177,-2.1702539996189,0.243311766378325,-8.91964261294446,4.67795328148744e-19,1.60308163160407e-17
"FBgn0011206",85.5718641401256,-0.740655476252475,0.184243947315324,-4.01997182021336,5.82051031364346e-05,0.000389015707714993
"FBgn0035964",76.0360046104964,0.181945780586183,0.194531053568436,0.935304555486685,0.349631368296172,0.533829672574104
"FBgn0035965",23.6840612767986,-0.178316032461016,0.335729898901663,-0.531129437814074,0.595329086019038,0.747634539313451
"FBgn0035968",86.4211118817862,1.37783817085315,0.18920027396338,7.28243221846408,3.27854679430572e-13,7.02614821847524e-12
"FBgn0035975",40.9516332871697,0.353752417346561,0.258935241330292,1.36618104020581,0.171882146926633,0.320843730067315
"FBgn0035976",86.0719939577103,0.256645586194457,0.177935563492472,1.44235127119664,0.149203303090299,0.28958991462441
"FBgn0035977",48.5643768905747,0.0457075143731346,0.234211173608806,0.195155139991221,0.845271496863428,0.91651753808108
"FBgn0035978",231.34216822918,0.410850385055867,0.110913738253624,3.70423350186238,0.000212030883556615,0.00121005842029757
"FBgn0052039",42.7394344537281,0.5401828677746,0.256281998973478,2.10776749806178,0.0350511055280366,0.0950527367156348
"FBgn0085484",70.4971888300706,-0.157941540072808,0.195295602453898,-0.808730652857849,0.418670092498912,0.600446701454042
"FBgn0004379",195.46566401791,0.0911043342114076,0.120759950537914,0.754425070609847,0.450594022225767,0.62808241969881
"FBgn0035980",15.4987270738395,0.200351558558571,0.42143308341086,0.475405388055987,0.634498054790689,0.77773382285378
"FBgn0035981",126.343071793811,-0.114638555354241,0.152836197498126,-0.750074636969729,0.453209754041093,0.630036139132901
"FBgn0011769",47.3729216521517,0.00884212576203212,0.242356578058439,0.0364839520052145,0.970896474635198,0.984447018593819
"FBgn0001225",110.149460627035,1.18589974190747,0.164876520335117,7.19265386907179,6.3543890748224e-13,1.3381054095242e-11
"FBgn0001224",177.444591051568,1.52042327765223,0.134095205834179,11.3383865455442,8.46914816339764e-30,5.21426791585456e-28
"FBgn0001226",352.031159423059,1.63475119070414,0.181620843486044,9.00090077397837,2.23873217537151e-19,7.85719287636425e-18
"FBgn0035983",62.053556502859,-0.223374855551624,0.207135131624842,-1.07840159126746,0.280854577189741,0.456490335307806
"FBgn0015218",858.59179262901,-0.201331925481519,0.0629643145409258,-3.19755605932399,0.00138597469077889,0.00637285198006875
"FBgn0035986",170.114951939972,0.255114469252158,0.130297291877277,1.95794145508751,0.0502368827902801,0.126200191380147
"FBgn0035987",266.959775749047,-0.139348437612288,0.107066618569351,-1.30151152127801,0.19308342347126,0.349136134128647
"FBgn0035989",102.34342254113,-0.289278761819455,0.163244515253722,-1.77205807723368,0.0763849170517465,0.174673094863374
"FBgn0023129",92.5642870057852,-0.436256901777213,0.175402872200717,-2.48717079887949,0.0128763563159871,0.0428523722563658
"FBgn0015296",340.45102902748,-0.0644716204853776,0.0995702726423169,-0.647498683838869,0.517309246059758,0.687191748514197
"FBgn0005533",3953.0763733729,-0.266390661474918,0.0371927945465763,-7.16242661307202,7.92613024022923e-13,1.64523817700758e-11
"FBgn0040305",156.070980888276,-0.4656481355393,0.150621090223281,-3.09152015065767,0.00199134466000908,0.00877846238145515
"FBgn0260431",10.6380675935294,1.31454353397376,0.538702699889109,2.44020223816283,0.0146790416004856,0.0475625682877945
"FBgn0260859",34.880472633231,-0.148132858562125,0.2743266024584,-0.53998721682338,0.589205848200651,0.743027336777943
"FBgn0035993",70.7983723720547,-0.0532902706850728,0.196458024396889,-0.271255250828618,0.786194721236091,0.881028019401543
"FBgn0053926",184.260743580493,0.0990375701585281,0.126945001773816,0.780161241282965,0.435295972898674,0.615138152715205
"FBgn0035995",137.429799874554,-0.159756087044007,0.145468546419896,-1.09821738771535,0.27210957541014,0.446751653187495
"FBgn0035996",30.9887336684735,0.654782188671044,0.303173869570108,2.15975799497334,0.0307914089725819,0.0863038526951419
"FBgn0052038",87.4026656761677,-0.350439773266377,0.179906251127477,-1.94790214942595,0.0514266725702106,0.128566681425526
"FBgn0035997",196.726879267836,-0.301512376698477,0.121045181863628,-2.49090770947139,0.0127417212410187,0.0424431934048604
"FBgn0035998",16.2002902927249,0.356660743656374,0.412326950738034,0.864994982787271,0.387041542562418,0.570703634405514
"FBgn0035999",35.2996888248959,-0.0721694086026753,0.27741155133468,-0.260152860453916,0.794745864470263,0.886644457213829
"FBgn0036000",90.2176182209667,-0.114093518190894,0.175989679740177,-0.648296640799256,0.516793106288576,0.686882897399653
"FBgn0052043",37.2170102596603,0.0433083193210041,0.279361526933167,0.155026068895181,0.876800765742947,0.934550292823091
"FBgn0011327",149.3410032558,-0.0376245258380039,0.135060723045497,-0.278574888313974,0.78057108630992,0.876770811395002
"FBgn0036004",607.153260654458,-0.355589085395001,0.0706986778073635,-5.02964265277908,4.91394792118798e-07,4.8177910455372e-06
"FBgn0036005",53.8807068864807,-0.0397440821207318,0.223241852314643,-0.17803150130073,0.8586982364499,0.924761738483327
"FBgn0052037",34.718289278274,-0.234399038635489,0.280017946949226,-0.837085769641726,0.40254435867019,0.585013955938974
"FBgn0036007",416.081651918632,0.847250274448316,0.0856840145533501,9.88807864413014,4.68941499128287e-23,2.14267923972767e-21
"FBgn0036008",46.8623882751053,0.224363637210424,0.237156835750058,0.946055957024503,0.344120046183067,0.527969398886807
"FBgn0010408",4382.34899995418,0.161725258293403,0.0738797550933479,2.18903349218011,0.0285944058056066,0.0813546840142859
"FBgn0261555",17.1756747813615,0.688268352791294,0.418691578048329,1.64385525975841,0.100206103627412,0.215958867651482
"FBgn0002528",3308.38926465264,-0.0355618400775573,0.0390835954978271,-0.909891723742111,0.362879614905661,0.548224310351377
"FBgn0036018",120.825548045917,-0.0466580001483775,0.153247378622987,-0.304461978845091,0.760775955103629,0.862790713991237
"FBgn0036020",81.8930151523181,-0.167981516369755,0.181499114177551,-0.925522513599864,0.354694178388072,0.538977871991078
"FBgn0016081",1137.97927398989,-0.178259539033093,0.0553974353534578,-3.21783017382891,0.00129164270044491,0.00599602825478102
"FBgn0036028",34.8769629505029,0.0272990000947899,0.278038227454396,0.0981843408538758,0.921785916568668,0.9603074755875
"FBgn0036030",131.781629489597,0.0484855819347694,0.144310230516097,0.335981598542045,0.736884742929341,0.847067667307226
"FBgn0015321",164.577858441091,0.0369519834438154,0.131153368152912,0.281746355158284,0.778138007435291,0.874978736420435
"FBgn0036032",184.273017343571,-0.482748251496131,0.124025570769695,-3.89232840050824,9.92867231253988e-05,0.000622362418900796
"FBgn0040475",473.293946359799,-0.129666589663831,0.0834955217555864,-1.55297657811397,0.120428730280694,0.249048314534274
"FBgn0045823",2927.90410974402,0.0302089814232721,0.0390152800681795,0.774285904663035,0.438761737221475,0.61833379749618
"FBgn0036035",124.452671317895,-0.20190825124344,0.153004161995385,-1.31962587559892,0.186959959273773,0.341529822510426
"FBgn0036036",26.4599505597102,0.0374488554110103,0.317884170486286,0.117806606581644,0.906220894708631,0.950743915317436
"FBgn0261530",143.907929888021,0.00798543309585737,0.14050693408282,0.0568330178719186,0.954678211976672,0.97686439577613
"FBgn0036038",112.227152562325,-0.103797594980376,0.156820562863298,-0.661887657365806,0.508043222492824,0.679021055798235
"FBgn0036039",81.4188529180696,-0.00395054647321797,0.182642537249837,-0.0216299364469188,0.982743153282908,0.990239807018076
"FBgn0019644",452.780745992741,0.277827825988758,0.0872134099279347,3.18560902753751,0.00144449663815554,0.00662098932252367
"FBgn0259163",25.6746697525982,0.270999085906521,0.326617287326501,0.829714459160328,0.406700244425752,0.589167951296728
"FBgn0036043",709.501834114559,-0.0656583061438223,0.0658577441751834,-0.996971684441079,0.318778254318993,0.499973203222132
"FBgn0028429",198.175228626336,-0.162159419938146,0.124787801698062,-1.29948134137749,0.193778792701607,0.349938585378369
"FBgn0015618",20.4167712249796,-0.135065510759657,0.367739436552229,-0.367285902284439,0.713405768734829,0.830858113154622
"FBgn0004390",649.157585217941,0.263642741645592,0.0689569436367527,3.82329505545364,0.000131680047356914,0.000805265609467998
"FBgn0036052",77.3422748205964,-0.0438085783178381,0.185007427254542,-0.236793619412718,0.812816901777487,0.898024684665253
"FBgn0036053",688.389155674205,-0.0793360793868814,0.0681079167079811,-1.16485840738665,0.244076311865826,0.413622146253433
"FBgn0027567",538.036016718584,-0.143048518785341,0.0800009981781102,-1.78808417448574,0.0737624284370793,0.169906164424661
"FBgn0011836",174.168084943758,-0.00891684475879134,0.125767135860788,-0.0708996408144449,0.943477629246372,0.971357614389525
"FBgn0025866",270.372822790227,0.0662824504604247,0.114840652921415,0.577168875082777,0.56382538068382,0.723069905386886
"FBgn0036058",405.793847639176,0.15338302159424,0.0855340371873938,1.7932395878637,0.0729346225529363,0.168426583867477
"FBgn0036059",266.207810855076,-0.397853790007556,0.107148986530786,-3.71308962304786,0.000204744340771923,0.00117679401559179
"FBgn0036062",10.09914785468,0.981269826082694,0.5277040338462,1.85950791190785,0.062955178840419,0.150203406987075
"FBgn0026404",151.841054155305,0.0818952305807616,0.144985865150386,0.564849756187032,0.572175960736317,0.729017599920965
"FBgn0036063",26.1953557518137,-0.25035294055689,0.323407644245269,-0.774109533314016,0.438866020320053,0.61833379749618
"FBgn0052056",265.660925612833,0.613021012810766,0.107189085418856,5.7190618841023,1.07113781453722e-08,1.3510097608703e-07
"FBgn0052060",10.4017545008114,-0.565850959787258,0.530303660588402,-1.06703197024779,0.285957399541105,0.461587127022008
"FBgn0011802",97.8759268393581,0.180590084029894,0.165642766528099,1.09023827490384,0.275608197233528,0.450741007679444
"FBgn0052062",116.608768360405,-0.077922705544667,0.157089649218385,-0.496039719563823,0.619866387691648,0.767962023632303
"FBgn0054001",10.930674937963,-0.183907256586962,0.530510449379567,-0.346660950414911,0.728846050085397,0.841725782931349
"FBgn0001179",262.043732296019,0.158972741628765,0.104621500669517,1.5195035495709,0.128635795247266,0.260530307257596
"FBgn0000629",250.361311091577,-0.0362965290442326,0.105433238939524,-0.344260779705841,0.73065017686286,0.842433508158813
"FBgn0036090",65.1501934022084,-0.181469133893558,0.206347448500743,-0.879434832909529,0.379165552491029,0.56372759194474
"FBgn0052066",689.982487803404,-0.0179115150142485,0.0670825305205535,-0.267007145903069,0.789463659141371,0.883464800317631
"FBgn0036096",244.44758094401,0.19857649596721,0.106729576868605,1.86055732434579,0.0628067161336866,0.150046298162194
"FBgn0052068",175.750678676686,-0.378355588449087,0.1382579877894,-2.7365911691512,0.00620793904912585,0.0231760931099174
"FBgn0010762",626.048933902861,-0.259411352088238,0.0704663244548708,-3.68135210818856,0.000232000347405659,0.00131063959867971
"FBgn0036099",301.442611949805,-0.0944976938072287,0.0977438406380158,-0.966789244114021,0.333649402462412,0.516176087923642
"FBgn0047038",246.013562360773,-0.286720710658809,0.110861736732305,-2.58629098830686,0.00970149892930475,0.0338690003466598
"FBgn0036101",74.5634038620135,-0.389709207136702,0.1998363862758,-1.95014138515722,0.05115926975235,0.128041991022766
"FBgn0026160",449.974446380193,-0.621426009858879,0.0845979544818428,-7.34563871744979,2.04778822605204e-13,4.53572605556954e-12
"FBgn0036104",167.245320888533,0.0120723110746698,0.129517443227629,0.0932099242682891,0.92573679028981,0.962123538971653
"FBgn0036105",17.3263131826243,0.541147176705605,0.40704337564057,1.32945825700761,0.183696828783805,0.337009459877359
"FBgn0036107",49.1346131268118,0.180009278378842,0.246143124513725,0.731319547253106,0.464583993569002,0.640862198324427
"FBgn0027615",65.8638006025472,0.0599953927347926,0.20264486073145,0.296061753149022,0.767182921848831,0.86704778579977
"FBgn0036110",10.4889419607842,-1.18925576440795,0.521593960661581,-2.28004128517807,0.0226052400027137,0.0675275775574485
"FBgn0036111",702.475339607098,0.103551988205135,0.0672208056509165,1.54047526212181,0.123444548258565,0.253268749816005
"FBgn0036117",48.6818172516202,0.581967442507048,0.237462384472758,2.45077738859231,0.0142548081604978,0.0464191758341625
"FBgn0036118",25.7824169862281,-0.119644418020777,0.335849063062758,-0.356244608603895,0.721657387522026,0.837353841382697
"FBgn0052069",31.8660460472784,0.259186167162197,0.292887326466871,0.884934729982294,0.376191835294446,0.560507318173533
"FBgn0052075",73.6812782471401,0.0970942659113283,0.200061539238311,0.485321997826232,0.627447953653048,0.77326707095664
"FBgn0025355",84.2816282051727,-0.43514938985188,0.185480105027491,-2.34607043050457,0.0189725219826043,0.0582567084546155
"FBgn0036121",413.74094556821,-0.0171766632511401,0.0846607045815704,-0.202888262459362,0.839222368689717,0.913127229074554
"FBgn0036122",77.1670558548337,0.0962262239562808,0.187286332123573,0.513792025639064,0.607397403801703,0.756902596675708
"FBgn0010741",337.119757936912,0.284501658214375,0.0941261295373392,3.02255770648165,0.00250648288433355,0.0106926589281757
"FBgn0036124",198.270097722163,-0.217611814120454,0.119159340168057,-1.82622540384619,0.0678163162667798,0.159239023166825
"FBgn0020412",520.622019355868,-0.00731447108381962,0.0775666374023838,-0.0942991900741443,0.924871493276902,0.962123538971653
"FBgn0036126",56.2334946797077,0.54595734570674,0.22358415126798,2.4418427809419,0.0146125087254957,0.0473716536772539
"FBgn0261112",108.152968627651,0.222604335040826,0.161335349823384,1.37976169069279,0.167660031515025,0.315369071713347
"FBgn0036133",139.848139964168,0.0676660343827701,0.141087132043424,0.479604577701274,0.631508590689699,0.775508774739801
"FBgn0003462",383.496335466182,-0.0149287260377102,0.0886973746249318,-0.168310799511691,0.866338778281111,0.929077221012854
"FBgn0036134",228.819206566943,-0.12273588141199,0.110677654302487,-1.10894906641721,0.267452155081978,0.441499637961956
"FBgn0036135",74.1219055995393,0.190381324725364,0.191993619812006,0.991602350701964,0.321391542131628,0.502888122676346
"FBgn0036136",127.890845266889,0.153269355111238,0.147247360254654,1.04089713286656,0.29792329254404,0.476323221904148
"FBgn0052076",93.9405460957215,0.314397963971783,0.172771214878486,1.8197357944893,0.0687992495114572,0.161286398096398
"FBgn0036141",309.264063765222,0.0746946376575037,0.0956613110338105,0.780823896832269,0.434906077054697,0.615077899467748
"FBgn0036142",14.9943388682786,0.0988380200151078,0.432942576438637,0.22829360149363,0.819417998504344,0.901465719010866
"FBgn0036144",599.477608861293,-0.0978084721025842,0.0715732415074608,-1.36655082322056,0.1717661403239,0.320709588654108
"FBgn0036147",468.20390675171,-0.164069546558687,0.0793215948065296,-2.06840957949551,0.0386015251800825,0.102687689649689
"FBgn0061469",276.33563749205,0.0290672356558387,0.103097335095964,0.281939738100723,0.777989718405215,0.874978736420435
"FBgn0064766",352.979411503586,-0.00934123274657235,0.0906384058922231,-0.103060426257716,0.917915012995284,0.958552906340483
"FBgn0261553",337.644451458768,-0.414883465298017,0.0938204126811246,-4.42210232764715,9.77451419045305e-06,7.76934853322116e-05
"FBgn0041094",637.031959519846,-0.350670387818835,0.0702150993428616,-4.99423045898582,5.90708268263537e-07,5.72963360338397e-06
"FBgn0036152",45.5914869573576,-0.346090746190808,0.242751926352797,-1.42569721851693,0.15395575976632,0.295739977446409
"FBgn0036155",17.7906611639414,-1.08854549061816,0.399740695110013,-2.72312902822812,0.00646667962894299,0.0240186234684411
"FBgn0036159",101.669808085295,0.379549004119608,0.166700971154512,2.27682539274359,0.0227966545338018,0.0679596615461921
"FBgn0036165",171.839149211698,0.120042828773462,0.127973153835379,0.938031338415564,0.348228305318573,0.532190124852839
"FBgn0259481",699.850458185587,-0.267469093781267,0.0701815456495949,-3.81110292321997,0.000138348146020475,0.000841087264300207
"FBgn0036173",165.673808650647,0.023960742521457,0.132574499037543,0.180734173580936,0.85657623384328,0.923708822750694
"FBgn0036180",224.544559170608,0.0488188934458889,0.118833890834145,0.410816250340777,0.681207276479226,0.811329934378069
"FBgn0036181",15.1821175278328,-0.992740742186475,0.454858980821007,-2.18252421969246,0.0290708657649952,0.082403370964764
"FBgn0086254",421.219723377129,0.279976041250463,0.0854474721170089,3.27658658956081,0.00105070089393443,0.00500547016028434
"FBgn0036184",56.9841868960215,0.47968198018965,0.224354475712378,2.13805398205918,0.0325123622184345,0.0896440037710846
"FBgn0042138",250.742168497105,-0.0398997729677449,0.105460507984104,-0.378338524348461,0.70517913026988,0.825780063248911
"FBgn0052091",11.2071061649898,-0.0322802448163744,0.48609724568295,-0.0664069691878665,0.947053821843179,0.972899606291106
"FBgn0036186",32.9676913292105,0.0704443577037925,0.285347557032522,0.246872124774363,0.805007189932211,0.892745723531906
"FBgn0036187",95.2735343095471,-0.0698189207325042,0.188617641764303,-0.370161136993484,0.711262431346249,0.830225186974694
"FBgn0036188",90.6422627457465,0.241096868700819,0.174866985585811,1.37874435184626,0.167973589643576,0.315574897533121
"FBgn0015828",270.857697383729,-0.113042889129889,0.10478524221362,-1.07880543807338,0.280674470122813,0.456479662748881
"FBgn0036191",160.321913007005,-0.00393112836269735,0.132187073128143,-0.0297391285673334,0.976275105627709,0.987741912689918
"FBgn0036192",10.8704971782533,0.180707831161255,0.490111523864038,0.368707574424195,0.712345702367488,0.830530156072678
"FBgn0036193",13.4591001117878,0.736902391042851,0.806796729905873,0.913368093508292,0.361048980464723,0.546348852963176
"FBgn0036194",237.084443668068,-0.432258818918674,0.110893247483226,-3.89797240795981,9.70014655208342e-05,0.000610672137789307
"FBgn0036196",42.9535278382846,-0.755433645592643,0.253678783261865,-2.97791417902233,0.00290217234464736,0.0120896112866187
"FBgn0036198",27.8818269655128,0.0754051717085261,0.308298407909194,0.244585018196837,0.806777765534141,0.894026916809874
"FBgn0036199",123.255224538728,-0.28971010310328,0.150059249800887,-1.93063808787325,0.0535278242406619,0.132587672386092
"FBgn0052088",27.2689037738161,0.960774242868387,0.323696560394876,2.96813238205665,0.00299615259624121,0.0124241145043906
"FBgn0015278",486.128689909581,0.0648495950835826,0.0780808972699558,0.830543671384469,0.406231467213462,0.588606224432748
"FBgn0036207",72.1331720462996,0.231081563289633,0.192581974967526,1.19991272977961,0.23017323553779,0.397121853035184
"FBgn0004381",129.298950244065,0.289953540232071,0.146678632854055,1.976794674113,0.0480648439627294,0.121881707291179
"FBgn0036210",23.827164255557,-0.180097799656272,0.33244982185214,-0.541729271060859,0.588005022083373,0.74230067668136
"FBgn0036211",188.727915831984,-0.32224806005406,0.120761588868827,-2.66846489080308,0.00761987419318474,0.027582653718728
"FBgn0036213",4655.00234212857,0.354774852995723,0.0349178630072,10.160268196326,2.98254874923568e-24,1.46406869345927e-22
"FBgn0052095",58.4182053428107,0.183866785492395,0.217821995083026,0.844114871972923,0.398605217981513,0.582176144848652
"FBgn0000404",749.722819793132,0.183529960083533,0.0658956580856509,2.78516013672679,0.0053501293421653,0.0204249551607099
"FBgn0028573",22.1793877895637,0.019284785381725,0.346534623989126,0.0556503854065969,0.955620324915764,0.977368725442601
"FBgn0036237",250.199749775399,-0.188672948150155,0.105781402838234,-1.78361170383307,0.0744867824889209,0.171194708883901
"FBgn0026432",148.772714034902,0.127896666802597,0.144387986677244,0.88578468157804,0.375733565932286,0.560140534379496
"FBgn0036239",352.887242552062,-0.255951761922311,0.091704314862764,-2.79105473177946,0.00525365876726113,0.0201413355905816
"FBgn0036240",64.6448022366747,0.413242544509497,0.209227094252271,1.97509096986855,0.048257825419926,0.122285699921787
"FBgn0041096",14.174364872224,0.833458079574528,0.443983024724199,1.87722960825421,0.0604866311454408,0.145701384373882
"FBgn0250876",77.0216464817857,0.431053795583468,0.195377428269851,2.20626199966203,0.0273656604341456,0.0784083111528345
"FBgn0011335",92.7371749500774,-0.0536845543153223,0.169577850440666,-0.316577631900731,0.751564110585153,0.856219737086582
"FBgn0036248",84.5020438188071,0.149391580545362,0.177643730361326,0.840961739778263,0.400369368770197,0.583330105967658
"FBgn0036249",45.0694357702843,-0.15610464885757,0.244696312771711,-0.637952599650357,0.523504536093647,0.691627651340307
"FBgn0022959",859.099731223754,-0.172864393470051,0.0723295482993478,-2.38995538524067,0.0168504195968395,0.052972002756832
"FBgn0046296",53.1735806802244,0.0609035249664725,0.227591793823163,0.267599828374278,0.789007363082602,0.883362381383126
"FBgn0036254",117.727019957541,-0.53252475506188,0.154243686860427,-3.45248979651111,0.000555438482765992,0.00287411722029554
"FBgn0036255",17.2804819513161,0.0797523796209538,0.40426563749264,0.19727716685395,0.843610646436124,0.915486976307833
"FBgn0011455",337.790554057064,-0.339856358079353,0.0928108132218717,-3.66181855628071,0.000250431208736432,0.00139844944770959
"FBgn0036257",299.34152911099,-0.330693025684229,0.0978754641576719,-3.37871220872579,0.000728262019480423,0.0036338073980256
"FBgn0036258",1094.5281607368,-0.139667720720244,0.0553512888882582,-2.52329663004237,0.011626028596808,0.0392851617468885
"FBgn0013997",560.592061035657,0.526553665950185,0.0747472347588862,7.04445679694641,1.86186403708602e-12,3.70587458340547e-11
"FBgn0052099",45.0110428684474,0.0329898617608881,0.251195822590167,0.131331251534035,0.895513270738934,0.943842145933317
"FBgn0027843",215.064444578302,0.563795209335246,0.122573842948124,4.59963721276047,4.23227349126183e-06,3.58362085244956e-05
"FBgn0036263",96.2625860228971,0.151717148446287,0.169818261368747,0.893408913879086,0.371638230828416,0.556232333532848
"FBgn0022709",26.6882399654211,0.162439202712102,0.319718003568205,0.508070239708754,0.611404085172755,0.760330482502579
"FBgn0036266",24.171100492237,0.925291953136184,0.348341371360695,2.65627923987839,0.00790081617926536,0.0284719392571244
"FBgn0260941",304.293584095633,-0.195045666523258,0.0964098283402618,-2.02308903439677,0.0430639688979577,0.11233742694566
"FBgn0052100",34.2775911241345,-0.513971530799986,0.282228841143409,-1.82111625699807,0.0685891865616532,0.160845849054361
"FBgn0036271",130.690672289136,0.333350124469738,0.15079245995508,2.21065512538917,0.0270597282620652,0.077764606734139
"FBgn0036272",232.434371174909,0.28023813228024,0.110225285299258,2.54241240128709,0.0110090193008805,0.0376201906024914
"FBgn0036273",36.834404422136,-0.033036265859972,0.268790386990452,-0.122907170267014,0.90218060762829,0.947799928768814
"FBgn0036277",101.442949065184,0.413144213851931,0.171063822190358,2.41514663101698,0.0157288762816235,0.0501405380368558
"FBgn0036279",223.566214444563,-0.422168485218024,0.112191880604751,-3.76291477549355,0.000167944446109961,0.000990442923311117
"FBgn0052104",58.137215380038,0.387609380899935,0.222106313931756,1.74515246342358,0.0809583333471645,0.183030285742271
"FBgn0052103",584.135618397178,-0.0246846408975593,0.0758469683670451,-0.325453230748832,0.744838073959977,0.852030956907453
"FBgn0020655",262.954525403848,-0.112166858409883,0.108219724819443,-1.03647332865636,0.299981376053009,0.478560539531205
"FBgn0036286",148.623546356442,0.0190870487480123,0.136826260758861,0.139498431384096,0.889056295395321,0.940688220440722
"FBgn0036288",25.4200018769148,-0.0695895840976359,0.343843138926395,-0.202387589628573,0.83961372969775,0.913279494872608
"FBgn0036289",15.6648470282181,0.577171512241601,0.433527884800098,1.33133653561348,0.183078301597752,0.336129355852331
"FBgn0036290",370.283097605345,0.433453160248791,0.0911382302448334,4.75599711651591,1.97469287506008e-06,1.77991857783021e-05
"FBgn0036291",30.1174294875849,0.811358003033808,0.304265322817269,2.666613452763,0.00766197407104178,0.0277212358695809
"FBgn0036292",53.8048175123422,0.0343808094111677,0.223348516034272,0.153933457994823,0.8776622028356,0.934834333189314
"FBgn0027936",235.832218131082,0.126899534472,0.112635886754071,1.12663501952155,0.259896826495773,0.432169934651359
"FBgn0002466",646.085542286849,0.139054879188836,0.0715296741049703,1.94401667460098,0.0518934403428533,0.129466292613609
"FBgn0041775",937.815436057265,-0.124957314997655,0.0650878739274921,-1.91982480695033,0.0548800323109901,0.13547517320399
"FBgn0020388",338.234256648764,0.0144530013664521,0.0941393377986264,0.153527756880641,0.877982102950893,0.934834333189314
"FBgn0086699",41.9924067345154,0.278463293421335,0.258490867766712,1.077265498109,0.281361671337753,0.456780456372911
"FBgn0004926",1056.09548386677,0.0734594316372223,0.0612911384594008,1.19853266693491,0.230709713486314,0.397747049947336
"FBgn0036298",165.999259914527,-0.147017559875477,0.134173385646573,-1.09572818161373,0.273197745947071,0.447899014387241
"FBgn0036299",158.977151445926,1.00214959634866,0.142643362370818,7.02556066887611,2.13208342709161e-12,4.19771980970746e-11
"FBgn0085271",16.1949257314041,-0.150307341902575,0.40898935796873,-0.367509175908843,0.713239248604624,0.83079736108908
"FBgn0036300",99.3221140116309,0.225966412203658,0.164737757940158,1.37167347078829,0.17016511063722,0.318374846453619
"FBgn0036301",88.1670124782905,-0.282111952425583,0.175720852192467,-1.60545518022292,0.108393669169918,0.229385379120145
"FBgn0036302",356.061523344854,-0.309194249310856,0.0924358209368655,-3.3449613599693,0.000822940344830663,0.0040478413034494
"FBgn0016940",174.958174146432,-0.319049932530946,0.126673483473998,-2.51867970928925,0.0117795754858141,0.0397116547120369
"FBgn0014007",564.460292784628,0.0143940730136836,0.0747131702643344,0.192657773224687,0.847226995902245,0.917395562752099
"FBgn0052112",39.0010088383823,0.0238713605035696,0.262091427558921,0.0910802796028234,0.927428802101662,0.962593307420518
"FBgn0052109",55.1872184114632,0.818269652638928,0.238323039761239,3.43344753179845,0.000595957533980064,0.00305333673086401
"FBgn0010235",731.989616970537,-0.168701432450138,0.066432181728401,-2.53945344050043,0.0111025822052162,0.0378686665356316
"FBgn0036305",149.208730272687,0.0291741778032056,0.137957107536855,0.211472814442791,0.83251834345156,0.909493464361441
"FBgn0036306",90.8642190791125,0.328549972144124,0.174339268968626,1.88454370657737,0.0594914686491441,0.143780944689299
"FBgn0052113",304.837439963199,0.197914579150451,0.100752766310651,1.96435876053489,0.0494885017543062,0.124621825041606
"FBgn0036309",417.4650650809,0.450296943613236,0.0913630957162774,4.92865242889324,8.27987226397313e-07,7.84266910009971e-06
"FBgn0260945",407.799477061448,0.129233016575751,0.0857260892202708,1.5075109310503,0.131679744096227,0.264531259087846
"FBgn0036312",160.931905745319,-0.294132998355041,0.135533511693331,-2.17018650723499,0.0299927198168143,0.0845217647281443
"FBgn0027534",296.837393983259,-0.245057625718216,0.0975971103610531,-2.51091066950285,0.0120420165320349,0.0404462552497612
"FBgn0036314",152.348908688837,0.208758344543456,0.136406152448207,1.53041736605481,0.12591345313449,0.256523061419536
"FBgn0260965",264.570124107426,-0.258113256134397,0.105781168441783,-2.44006811360238,0.0146844928657293,0.0475625682877945
"FBgn0036316",1085.92379527116,0.725127695009408,0.0578914365527786,12.5256469382708,5.40488284975265e-36,4.22220149499495e-34
"FBgn0036317",151.380603985133,0.337093551011218,0.138578950610709,2.43250183036939,0.0149949157241136,0.0482453776508793
"FBgn0036318",466.834551573437,-0.145930771359591,0.0808743358940224,-1.80441384459488,0.071166454294878,0.165323687267192
"FBgn0052115",170.845608782722,0.863238500861961,0.137782048289569,6.26524653667322,3.72236010456416e-10,5.56439221392152e-09
"FBgn0036331",19.2263025469472,0.178782886071041,0.372364564182019,0.480128624655188,0.631135935358243,0.775182175888019
"FBgn0036332",212.788662114043,0.155924455255101,0.118003737057406,1.32135184141878,0.186384075766864,0.340820616774796
"FBgn0036333",330.141731960091,0.341462533862932,0.0947395215067223,3.60422480958703,0.000313085977309818,0.00171020272568108
"FBgn0036334",344.693177501351,-0.343870420707465,0.0921976886548026,-3.72970760682462,0.000191702099625807,0.00110796798232418
"FBgn0036335",44.4442911805637,0.637923589711448,0.255848953925337,2.49336016397241,0.0126540416803032,0.0421898177179452
"FBgn0036336",78.272041747946,0.0794087874241815,0.184538127150854,0.430311007541912,0.666969420975857,0.80078215888111
"FBgn0036337",205.254015867329,-0.395272860589525,0.120295860251127,-3.28583926133752,0.00101679014697443,0.00486946632680897
"FBgn0260441",3047.20634659423,-0.297081556943678,0.0396690250782259,-7.48900575090625,6.93973004087848e-14,1.61593393419815e-12
"FBgn0036340",430.029162167674,-0.0152687073272709,0.0835287856492196,-0.182795753686544,0.854958280543244,0.92223784827716
"FBgn0011284",10281.3044915836,-0.329579945390418,0.0336121589133002,-9.80537865004574,1.06745892396936e-22,4.67174041122735e-21
"FBgn0036341",182.212767490767,-0.180879995374238,0.125683281682672,-1.43917307817382,0.15010149105443,0.290783664516549
"FBgn0036342",52.9870919411835,0.0865850178831803,0.227967241145848,0.379813421647654,0.7040839186193,0.825454947311617
"FBgn0023095",26.4713597065556,-0.282393013797193,0.321297614873492,-0.87891413046556,0.379447836450828,0.56372759194474
"FBgn0040813",20657.0328451327,-1.0909315444888,0.0316995112286343,-34.4147749351845,1.51596513041223e-259,2.75337166811122e-256
"FBgn0036353",102.443012185967,0.940613282213229,0.170733812102561,5.50923844919595,3.60389443847586e-08,4.23661700574872e-07
"FBgn0036354",243.558831937866,-0.157119053549814,0.111046845083412,-1.4148898460987,0.157100795560604,0.300589223004421
"FBgn0036356",35.1172241876265,0.204089237414556,0.273300959664938,0.746756387773997,0.45521062556804,0.63209197147397
"FBgn0260049",860.111026782623,0.150211633489249,0.0612487795257488,2.45248370093808,0.0141873806643737,0.0462825866756509
"FBgn0036365",244.617368484718,0.174998984630454,0.108898596808926,1.60699026211979,0.108056504279729,0.228780333306834
"FBgn0036366",47.3551196959235,0.169126158337884,0.242345503107898,0.697872071769306,0.48525720159088,0.660062454513714
"FBgn0036368",18.2706974080908,0.232244555203223,0.385494788830305,0.602458352051697,0.546869078087001,0.709260436653507
"FBgn0036369",54.9044714538695,-0.055995102750638,0.224465779135978,-0.249459418563384,0.803005428076053,0.891342159659667
"FBgn0086708",58.0955236974172,-0.622103427380272,0.230340666061795,-2.70079720622748,0.00691735020857871,0.0253939106949592
"FBgn0036372",416.308883434612,0.223169464150599,0.0848051069116335,2.63155689884502,0.00849946336526148,0.0302244744731398
"FBgn0036373",913.966450454132,-1.41032132185112,0.0700784948600071,-20.1248803169711,4.46849759096816e-90,1.11943568959944e-87
"FBgn0036374",243.105181178894,-0.422944275105394,0.107404367093312,-3.93786851085809,8.22086198799423e-05,0.00052713647257527
"FBgn0086785",101.282946708733,0.126274716204128,0.167251558518479,0.754998741552392,0.450249737305216,0.627843443670325
"FBgn0036376",608.500638055387,-0.108870701911909,0.0708836174979672,-1.53590781276126,0.124560991722478,0.254817342119197
"FBgn0029167",935.17747093617,-2.05411580123701,0.0685169110536447,-29.9796907018877,1.80563975132866e-197,2.18632879890045e-194
"FBgn0036381",42.6108443369086,-0.00732094602721162,0.254359972848678,-0.028781832083175,0.977038590774703,0.9880547552865
"FBgn0085429",9.333781620802,1.14668338525924,0.558672254392403,2.05251536342421,0.0401196035198986,0.106065836816617
"FBgn0036382",9.42811915055821,-0.367784681971229,0.546839717784265,-0.672563952489503,0.501224741287871,0.674208062480352
"FBgn0026376",475.628590601948,-1.12688033461661,0.0819447536049247,-13.7517081331353,4.97411028819703e-43,5.23723351358716e-41
"FBgn0036386",79.2984359366652,0.111471249713797,0.186882381892674,0.596478108770115,0.550855873935323,0.712220666335668
"FBgn0001108",550.865537803259,-0.162585323364177,0.0754586043805122,-2.15462934543971,0.0311908507598962,0.0872551138893516
"FBgn0025874",94.0189276502538,0.00671957739436925,0.178720588936412,0.0375982276824302,0.970008021028894,0.983820783578796
"FBgn0036389",683.401422262088,0.211810921116076,0.0740353843970133,2.86094173537675,0.00422384669822232,0.0167409963243781
"FBgn0052135",89.7843581937699,1.69083470938586,0.192028501453952,8.80512370082374,1.30708343477638e-18,4.316345978932e-17
"FBgn0250848",2382.86148898559,-0.0168665789801763,0.0421622619921339,-0.400039708100174,0.689127270396379,0.815658132849412
"FBgn0036395",18.5795207166782,-0.184536304132143,0.381369488082568,-0.483877997319467,0.628472456424092,0.77361104641156
"FBgn0036396",28.5146785234047,-0.0305882812137014,0.304531491756041,-0.100443737484482,0.919992047823748,0.959480652804985
"FBgn0036397",49.5058305302837,0.339650059589317,0.242101694385195,1.40292309994708,0.160639771663425,0.305910338436379
"FBgn0036398",1289.97888675529,-0.271623886998541,0.0531731331242381,-5.10829193314407,3.25084115757438e-07,3.28475118355742e-06
"FBgn0052133",271.77688489512,-0.23947176412789,0.10560027430828,-2.26771914842567,0.0233463299996343,0.0692855749376403
"FBgn0061515",464.776147768687,-0.0373245795517669,0.0793547038092945,-0.470351192305694,0.638104128705508,0.780048207142102
"FBgn0036402",406.33132677759,0.116633631394762,0.0859689992960017,1.35669406820915,0.174878438044372,0.324850895523488
"FBgn0026418",2170.23974578508,-0.273003517055446,0.042803659938536,-6.37804144429391,1.79366980824123e-10,2.77255556529203e-09
"FBgn0041161",176.41384602927,0.0626038030199478,0.126422540892898,0.49519494370062,0.620462519439895,0.768185354865521
"FBgn0036405",72.7463789395304,-0.507532550773724,0.192817318697895,-2.63219379981589,0.00848354554899128,0.0301826436892369
"FBgn0036406",31.0130579610384,-0.394096691440776,0.297580081564346,-1.32433827347937,0.185390724776606,0.339431354713215
"FBgn0052138",3139.16528166153,0.0706336357553465,0.0389097149296211,1.81532133769437,0.0694745417496151,0.162607134604044
"FBgn0013563",61.268881060867,0.0257095712616514,0.212335692400327,0.12107983811398,0.903627798526824,0.949090061630385
"FBgn0005592",11.2271252446621,-0.0243879297324133,0.487296490475677,-0.050047415093441,0.960084603857222,0.978444363714638
"FBgn0013718",86.9387434990532,-0.0904380125608261,0.175916939372963,-0.514094963698111,0.607185598376898,0.756768463236946
"FBgn0003459",204.478763822866,0.0350628945406792,0.116280607523295,0.301536905314628,0.763005112381212,0.864559812259655
"FBgn0036423",23.1688110943995,0.778870991683182,0.348789801892162,2.23306698606971,0.0255445273106951,0.074262101205362
"FBgn0087007",41.3767728988272,0.838886660054085,0.267653248510976,3.134229323653,0.00172306139051938,0.00775591140156338
"FBgn0026409",2074.99586544272,-0.195490909391039,0.0476667665581125,-4.1011992947478,4.1101437322823e-05,0.000283303550427238
"FBgn0036428",53.9296298380602,-0.185643119929426,0.222845415489204,-0.833057837523337,0.404812110838055,0.586666663722017
"FBgn0054039",17.8543818985533,0.433327130803732,0.401445157615095,1.07941800413795,0.280401428460229,0.456343274588611
"FBgn0036433",11.6408719391338,-0.731359932963138,0.500332278181277,-1.46174845169225,0.143810154630254,0.281460337658619
"FBgn0027375",384.251647774424,-0.327488772867991,0.0932640901148975,-3.51141336890263,0.000445730713221641,0.00235165841071548
"FBgn0041604",101.671139088797,0.730828470354054,0.166044282976533,4.40140700572837,1.07551162528962e-05,8.47461166781896e-05
"FBgn0259175",29.0772203417,0.388477673651513,0.313904032712629,1.23756827937013,0.215876182270599,0.378460536726811
"FBgn0013263",37.070350876743,0.663206799800066,0.275321474536362,2.40884515425794,0.0160030861665202,0.0508807094090892
"FBgn0053260",9.58371443177608,0.382285092852379,0.577610007523482,0.661839455468296,0.508074116905603,0.679021055798235
"FBgn0036446",162.579590547823,0.295823384609584,0.134584915054987,2.198042659452,0.0279460660868531,0.0798681493141524
"FBgn0036448",960.313953101473,-0.107312458145323,0.0593036089442227,-1.80954346718181,0.0703666136090895,0.163831107536295
"FBgn0036449",518.558341204616,0.218498242276126,0.0784176537311149,2.78633996147515,0.00533069331217613,0.0203837709490846
"FBgn0036450",251.525807868126,-0.160932910434293,0.111701507631362,-1.44074071914414,0.149657946603651,0.290252792968849
"FBgn0036451",1085.53704410607,-0.27730650463004,0.058056821849288,-4.77646718847116,1.78401646918008e-06,1.62825121213483e-05
"FBgn0029148",167.406139152154,0.494104211190877,0.133166447588926,3.71042571260996,0.000206911008427585,0.00118643131509582
"FBgn0036454",185.71068640445,-0.348290983833006,0.122996433883873,-2.83171611432119,0.00462989341724322,0.0181470312964153
"FBgn0036460",171.158836084056,-0.379901356461319,0.12771830969031,-2.97452540189814,0.00293442159156869,0.0121959798985964
"FBgn0002778",311.396370881703,-0.276016289755824,0.0981180523133243,-2.81310404403881,0.00490657724834421,0.0190337910685885
"FBgn0036462",168.658255292905,0.271046369929823,0.128894503404423,2.10285437137207,0.0354785014716858,0.095853965485979
"FBgn0023174",451.102365444573,-0.00895907691838334,0.0805799494537556,-0.111182458900957,0.911471661154454,0.954370843798351
"FBgn0036463",175.998058176435,0.426235287944654,0.128601276129077,3.31439392185223,0.000918420202063714,0.00444229212249859
"FBgn0086690",1069.08214616307,0.0953031785390309,0.0557656271869838,1.70899500904879,0.0874518739803417,0.194411831232308
"FBgn0036476",77.2962732647285,-0.107269127547846,0.186472940669533,-0.575253048311968,0.565120170363665,0.723937790349758
"FBgn0027088",627.765363816056,0.334118533449411,0.072992872243087,4.57741315257059,4.7076112834638e-06,3.9403010888125e-05
"FBgn0036478",316.71393741699,-0.205513855484241,0.0975282950894576,-2.10722288640168,0.0350982640006429,0.0951451074495039
"FBgn0036480",171.776506623262,0.06847234138588,0.126612664257685,0.540801678784072,0.588644285590864,0.742834937435753
"FBgn0036483",120.034336636594,-0.00784382563779641,0.153759281596616,-0.0510136725168533,0.959314625641484,0.978444363714638
"FBgn0014002",4458.97706338953,0.059590885035494,0.0359634270586768,1.65698571880448,0.0975223624449028,0.21193537635723
"FBgn0047178",48.4210647715745,0.450391386519723,0.244762772875077,1.84011392430823,0.0657515134305758,0.1555273799239
"FBgn0036484",224.507959188892,-0.0562078002228048,0.113374842789904,-0.495769597907747,0.620056976899065,0.768067167463207
"FBgn0036486",332.845705458845,0.050742376314002,0.094963610354861,0.534334953403597,0.593109813401573,0.745878967346793
"FBgn0036487",217.466872733273,0.047224914915946,0.114047409768297,0.414081433430975,0.678814469624886,0.809359984678437
"FBgn0036489",91.991244946848,-0.184318302882632,0.170975217888407,-1.07804104687811,0.28101543858958,0.456524409962723
"FBgn0036488",127.276268562481,0.124989650116342,0.146805037745648,0.851398916792601,0.394547793271455,0.578717891806404
"FBgn0029114",385.711356042011,-0.20417078116096,0.0873576406164699,-2.33718286941082,0.0194296775151118,0.0593593806338467
"FBgn0036493",39.8268657595996,0.371704370984624,0.261138900034691,1.4233971688448,0.154621052748939,0.296939452344975
"FBgn0036500",108.639298198559,-0.0415111740604489,0.162028543507925,-0.256196674744648,0.797798976138749,0.888324173542585
"FBgn0036501",153.283277142322,-0.127893526121751,0.13461846082955,-0.950044483747929,0.342089650096506,0.525651714879678
"FBgn0026738",87.2164542227761,-0.167321538907377,0.182210750475104,-0.918285767832556,0.358469276314719,0.54289749685771
"FBgn0036502",43.299888789849,0.0892531813809477,0.249579815802468,0.357613780160764,0.72063236436125,0.836592222288987
"FBgn0000565",162.45299729319,0.413442224408546,0.135330459061897,3.05505669067039,0.00225017984486483,0.00974228639627114
"FBgn0036505",455.881020178468,-0.0229106696359663,0.0802705594597799,-0.285418088401961,0.775323851090989,0.873426543367349
"FBgn0004396",909.412919995462,1.09422064285878,0.0620918263685017,17.6226197046422,1.6517571233667e-69,3.15789881612081e-67
"FBgn0087035",2148.89414027977,-0.299235538794401,0.045862147102475,-6.52467356414399,6.81497931439591e-11,1.1051523374796e-09
"FBgn0036509",370.931572350421,0.20408424928436,0.0894502050103838,2.28154031911575,0.0225164936938462,0.0673434870174944
"FBgn0036510",144.861168369176,-0.105443929370326,0.13792999447287,-0.764474252125527,0.44458467479328,0.62305317561211
"FBgn0036511",518.636340598013,-0.29112885799298,0.0776007430877415,-3.75162461606595,0.000175692388480201,0.00102852957478538
"FBgn0036512",121.707516620873,0.384377158477661,0.151724765621101,2.53338442741482,0.0112966985634016,0.0384225257786106
"FBgn0261109",97.6705874103346,1.09279259689788,0.175575163942339,6.22407276952207,4.84412221836436e-10,7.09527175734215e-09
"FBgn0036514",189.14472867821,-0.0406084443184252,0.123035457550192,-0.330054807995973,0.741358549497307,0.850111935584601
"FBgn0036515",196.342693857105,0.183490057244538,0.121041807213209,1.5159229812335,0.129538828507619,0.261561864677002
"FBgn0036516",218.733779915366,-0.0426699346161412,0.114621702278907,-0.372267500549879,0.709693693336918,0.829077075317822
"FBgn0036518",867.693213451373,-0.438668575269155,0.065161505998399,-6.7320202095994,1.67323393922111e-11,2.90120395428195e-10
"FBgn0036519",72.0477268279667,-0.303950112165799,0.200300521815925,-1.51747039603386,0.129147962307918,0.26123361811485
"FBgn0036522",130.980337824487,-0.112408079309592,0.145718293543106,-0.77140677794405,0.440465858843388,0.6196722074982
"FBgn0036533",237.542567884232,0.25007389915284,0.113338844355482,2.20642711309544,0.0273541083806393,0.0784083111528345
"FBgn0015025",27.7432130784831,-0.200579321614656,0.323785708381766,-0.619481701700555,0.535599072729127,0.700558668957552
"FBgn0036534",700.118420446596,-0.110966159881993,0.0674787354179563,-1.64446116535351,0.100080979689458,0.21575320992401
"FBgn0040230",200.897487500997,0.140360320959066,0.120317758618584,1.16658025025232,0.243379922912895,0.412830992286291
"FBgn0036536",45.6598456635934,-0.322677714120922,0.246324738124572,-1.30996876959121,0.190206400851575,0.345462375546674
"FBgn0036537",153.592862403056,-0.0948963503750613,0.141424686939781,-0.671002725397361,0.502218793321451,0.674886576803379
"FBgn0036538",79.7538989554905,0.340742544262502,0.184558156759628,1.84626109322435,0.0648543040646457,0.153750895837533
"FBgn0000489",23.6970992316612,0.317211573317618,0.358212730807393,0.885539641772754,0.375865648941472,0.560140534379496
"FBgn0036545",101.878750914782,0.041144965949047,0.167162869167703,0.2461369929453,0.805576187534285,0.893240384987268
"FBgn0036546",53.9704284108743,0.449319446151819,0.226169523405258,1.98664894980883,0.0469613127153488,0.119836296760453
"FBgn0036547",7.48431618342871,-0.0994233733209015,0.611761988826297,-0.162519697426202,0.870896618168559,0.931958157459799
"FBgn0036548",1290.35950671761,0.227690926231376,0.0523571669954458,4.34880149743742,1.36883538884999e-05,0.000106019073560716
"FBgn0036549",50.2477844192334,-0.407824677183573,0.230742089035037,-1.76744814476238,0.0771532060681874,0.176263535246975
"FBgn0000212",876.47386691918,-0.0770689818195435,0.0606603567977031,-1.27049997540505,0.203906591609331,0.364333838672354
"FBgn0036551",26.4261367611713,-0.156444447723669,0.318574353637702,-0.491076717059231,0.62337218830543,0.770465965981448
"FBgn0000115",159.247369158099,0.108426379006483,0.133806609616212,0.810321547773123,0.41775539415317,0.600004693751099
"FBgn0012066",171.190155195242,0.172241909864665,0.127418570268248,1.35178027427283,0.176445616229017,0.326926141776029
"FBgn0259824",334.651590986555,-0.0448984421856878,0.0982761110636892,-0.456860184023671,0.647771544042588,0.787983207687055
"FBgn0036556",325.223195155082,-0.18619250016553,0.0972658938774994,-1.91426298307636,0.0555865617117316,0.136847296115124
"FBgn0036557",137.749378373489,-0.0203732732395184,0.152259367256533,-0.133806370055332,0.893555689921548,0.942787347440948
"FBgn0036558",823.768326330862,0.396517945998837,0.0627903049376308,6.31495493440741,2.70240214006734e-10,4.1332529573872e-09
"FBgn0044028",261.227561138069,-0.0308223100137826,0.104075773658151,-0.29615259085195,0.767113552622241,0.86704778579977
"FBgn0260635",2335.34527337147,0.0559094252465789,0.0424696250405196,1.31645676629442,0.188020780198753,0.342788387634703
"FBgn0005536",1022.61747471337,-0.113920644113747,0.0566783315602876,-2.00995055742903,0.0444364220442371,0.114606911965337
"FBgn0036564",101.079043562366,0.0637010087165926,0.172621151593595,0.36902203541409,0.712111300259309,0.830530156072678
"FBgn0036565",353.667702776366,0.727548827593485,0.0924485194503074,7.86977262501813,3.55286377564582e-15,9.05668608072522e-14
"FBgn0036566",817.974421794506,0.144062061999267,0.0622177451279623,2.31544974352537,0.0205883319067358,0.0622188982123277
"FBgn0036567",212.697380955883,0.288010530226279,0.119172737591718,2.41674846148952,0.0156598346146873,0.0500082191101992
"FBgn0036568",102.058689438277,-0.175588028284572,0.164127548468279,-1.06982666787659,0.284697336179917,0.460549131005811
"FBgn0036569",59.6650820913657,-0.0168358398581307,0.219073039331683,-0.0768503505017827,0.938742595232613,0.96826001112907
"FBgn0036570",103.507924380291,0.160625367032959,0.161288670391376,0.995887477050883,0.319304820579928,0.500485333659801
"FBgn0017453",496.506155966872,-0.150857899269244,0.0795954777563574,-1.89530741596931,0.0580516862604671,0.14109919728414
"FBgn0010280",922.491702893985,-0.304352616995914,0.0681017401317345,-4.46908722753899,7.85540936496121e-06,6.38361846045225e-05
"FBgn0036571",103.61378615633,0.263632243909,0.165170246440558,1.59612429956551,0.110461044446385,0.232897887400139
"FBgn0003076",434.136556752193,0.584662534177978,0.0870531225297287,6.71615810194879,1.86578353247035e-11,3.21969533572378e-10
"FBgn0011016",541.977365329917,0.693927112802234,0.0769894174801293,9.01327916893688,1.99985377058603e-19,7.05288235112013e-18
"FBgn0036573",31.7621585572424,0.289856484491289,0.291290273095349,0.995077801298259,0.3196984262878,0.500886147720696
"FBgn0036574",232.842299214472,-0.435092753733081,0.118694045504376,-3.66566622516074,0.000246695509862348,0.00138163772460955
"FBgn0036576",313.975819135188,-1.34831604673205,0.100991468305213,-13.3507916001103,1.17196849426148e-40,1.1663494672342e-38
"FBgn0036578",85.3130592993755,0.0499411931327284,0.179285931901862,0.278556117610306,0.78058549320067,0.876770811395002
"FBgn0036579",89.0748744174976,0.136435914036154,0.174381845689387,0.78239746515344,0.433981023054567,0.614475176864438
"FBgn0036580",101.112811746215,0.327448991969627,0.168747181322816,1.94047088314448,0.0523224894260215,0.130268295298165
"FBgn0036581",102.628819499493,0.0471159450627807,0.165228860558982,0.285155661688785,0.775524887533838,0.873517567121447
"FBgn0085275",23.5922581000039,0.730288983479168,0.341457643194817,2.13873960074897,0.0324567635125242,0.0896231041119302
"FBgn0052155",29.0838958206166,0.753235911154111,0.315541834120134,2.38711901150748,0.0169809931784095,0.05322127499618
"FBgn0260460",112.128425012495,0.000336707925448444,0.157069218843182,0.00214369134785482,0.998289583080432,0.998732303708403
"FBgn0036614",83.7207246997244,-0.173714323844412,0.184754668624159,-0.940243216250161,0.347092818965443,0.531204830373698
"FBgn0036615",56.7815938088048,0.355963767557661,0.218019038908648,1.63271872649073,0.102528167064155,0.21984726976971
"FBgn0036616",27.7848906231481,-0.44473313211553,0.308801148414694,-1.44019261067737,0.149812913225973,0.29046992649765
"FBgn0036620",13.7199847269797,0.59166569311358,0.44188948422758,1.33894494943189,0.180588595052785,0.332566829672619
"FBgn0036621",470.192944804753,-0.0804003453998991,0.0814056089488337,-0.987651175859806,0.32332351372356,0.504796407967471
"FBgn0036622",16.1573194569044,0.534377036222125,0.407474272726819,1.31143748695119,0.189710000817829,0.344758471373914
"FBgn0036623",748.095758164785,0.114359832659005,0.0679817030644183,1.68221488288753,0.0925271791782987,0.202961943457228
"FBgn0036624",198.952490462085,-0.116254583418956,0.121473009590716,-0.95704044717964,0.338546840174131,0.52186352511459
"FBgn0014163",1304.95844685123,0.514546380368985,0.0553860169151731,9.29018566467856,1.54019422188374e-20,5.85838273402375e-19
"FBgn0028399",749.694428622233,-0.0758590184791523,0.0662689595324256,-1.14471419220086,0.252327570470897,0.423170628387862
"FBgn0036629",18.7562490960127,-0.316730768330264,0.377566733320337,-0.83887360929529,0.40154023858465,0.584021988652148
"FBgn0027080",381.485728134667,-0.038672961592858,0.0912693069702728,-0.423723624914279,0.671767383583527,0.804150608293676
"FBgn0053158",179.767151658017,0.256552468132401,0.126139372898534,2.03388095435333,0.0419635996779813,0.110139288894702
"FBgn0004569",89.0127386745796,-0.337523828047479,0.186663021098305,-1.80819867835378,0.070575584259644,0.164179192970321
"FBgn0260388",133.548925331024,0.0880387979571064,0.145148219146104,0.606544113837784,0.544153498163697,0.707184152874102
"FBgn0026208",556.678231962775,-0.093246777906516,0.075200412513551,-1.23997694679817,0.214983921063975,0.377442771031846
"FBgn0036640",72.9779082646634,0.402886840707136,0.197610974537634,2.03878778316742,0.0414712121215062,0.109004470355551
"FBgn0036641",58.916646626506,0.791009144490883,0.220354913837866,3.58970503863098,0.000331052347611975,0.00179618768140478
"FBgn0028693",245.438544295645,0.0299580251486661,0.113241514858735,0.264549844516277,0.791356262008177,0.88475227701182
"FBgn0250814",630.571925608829,-0.221847712212582,0.0745951132191302,-2.97402474021165,0.00293921376104485,0.0122019359851376
"FBgn0036643",64.0212526360508,-0.283230121670843,0.204742236205373,-1.38334975196198,0.166557649783684,0.314051732592386
"FBgn0052163",43.9471962784101,-0.155275760420129,0.245562688795541,-0.632326356995602,0.527173644245382,0.694580436242782
"FBgn0002283",85.6214801589907,-0.141403328732682,0.179792231110008,-0.786481862201058,0.431585241026476,0.61275489076751
"FBgn0003741",41.0795632492993,-0.0971777962903285,0.258071688541668,-0.37655349503647,0.706505453499235,0.826503304580909
"FBgn0027500",186.114151227208,-0.137654204782267,0.125276473589172,-1.09880331748231,0.271853864874721,0.446533648725944
"FBgn0042178",23.9797152053461,-0.20608601164326,0.336497310128128,-0.612444751979707,0.540243540648012,0.704261124840065
"FBgn0036646",33.0427432368828,-0.117589513242531,0.302658581254355,-0.388521986573738,0.697629786547595,0.82197216984565
"FBgn0042177",124.186113932361,0.0117489673207803,0.150531222510389,0.0780500358984959,0.937788251461582,0.967721336535846
"FBgn0036648",42.3534524220868,0.0453066620638777,0.25506374987352,0.177628777457966,0.859014522787499,0.924828172503139
"FBgn0002284",418.623260526751,0.330566038189232,0.0851425428361042,3.88250135805267,0.000103387438773677,0.000644729392867606
"FBgn0004465",150.086328714277,0.194169358926707,0.135451586936763,1.43349637547884,0.151716033988574,0.293064872886729
"FBgn0025558",77.1287816355886,-0.0462283961156569,0.188307429693158,-0.245494275987862,0.806073739699013,0.893402371166356
"FBgn0017572",427.577559243766,-0.0895220599929063,0.0839885036725593,-1.06588468752724,0.286475771755582,0.462088472869517
"FBgn0000017",1208.48867834843,-0.404772757518152,0.0579609523701713,-6.98354221188508,2.8782891092429e-12,5.51735366191285e-11
"FBgn0260960",937.559889597733,-0.346584069594889,0.0605785974889471,-5.72122967452532,1.05755819446823e-08,1.33620178831508e-07
"FBgn0041721",11.5131175503938,0.503611953918527,0.486718217901457,1.03470947952166,0.300804607666537,0.479663185842273
"FBgn0010223",18.3848385675953,-1.67665262574734,0.414316248573085,-4.04679428219814,5.19238355143471e-05,0.00035025688487626
"FBgn0040512",311.379811756196,0.274129648683952,0.0986587722474384,2.77856334960696,0.0054599865593076,0.0207462355404653
"FBgn0063485",1003.45286588485,-0.159051752439909,0.0572793198720129,-2.77677445883262,0.00549012611041965,0.0208063464748037
"FBgn0000414",587.591060932229,-0.112274653895216,0.0738955218398811,-1.51937020132961,0.128669338257433,0.260530307257596
"FBgn0004556",114.735417840982,-0.247965958451672,0.154639978450581,-1.60350486941457,0.108823234934916,0.230026418912472
"FBgn0004108",150.665109093281,1.01230882209124,0.141016977145846,7.17863084700974,7.04129822944075e-13,1.47420840452124e-11
"FBgn0036660",67.8005397393917,0.256955085733266,0.19918626086693,1.29002414431048,0.197042275216941,0.354598000854861
"FBgn0036661",554.102970724208,-0.178252549747786,0.0780168267342766,-2.28479620627111,0.0223247802227456,0.0668547107659716
"FBgn0036662",87.1168495822082,-0.163732748968789,0.178718867930191,-0.916146967944897,0.359589816139846,0.544310746771591
"FBgn0025582",1214.84793794017,-0.139983319118135,0.0551618346089005,-2.53768425416997,0.0111588610373271,0.0380427618189496
"FBgn0036663",1774.31977615039,-0.479740401596024,0.0466306981206999,-10.2880810481167,7.97498436252253e-25,3.99574216508456e-23
"FBgn0021768",236.715909875076,0.33039424623898,0.116259105886747,2.84187843798517,0.00448485886848164,0.0176026470445808
"FBgn0036666",554.822635747415,-0.295282614017395,0.0748639780529012,-3.94425492335899,8.004847006095e-05,0.000515560403362413
"FBgn0036667",94.4620721095436,0.225497962293059,0.169325173108411,1.33174505688344,0.182943977947513,0.335967644031517
"FBgn0036668",526.756512359485,-0.146042671393285,0.0763902450695929,-1.91179739324357,0.055902186273499,0.137298642081464
"FBgn0003410",264.074322166233,0.18878589323288,0.104112177416347,1.81329310286078,0.0697866265194385,0.162970055179595
"FBgn0036671",138.385709585738,-0.0740660736803301,0.140235355257261,-0.528155496482725,0.597391415028675,0.749216126915552
"FBgn0261565",158.293263645579,-0.102733803405354,0.131895898506469,-0.778900667637631,0.436038230635683,0.615708016631338
"FBgn0052170",14.1466762004963,-0.483224089468956,0.450263240137694,-1.07320350939859,0.283179816463106,0.459014138019738
"FBgn0010352",870.477171152015,-0.0356036776024279,0.0609471650205894,-0.584172825600667,0.559104042259326,0.718872609020286
"FBgn0261547",165.508223942983,-0.593875109750677,0.133745313414566,-4.44034332560023,8.98154737196481e-06,7.20356015961682e-05
"FBgn0036684",251.07915048043,-0.95958895292802,0.109942114698021,-8.72812893915791,2.58920368654667e-18,8.21422042915353e-17
"FBgn0036685",415.723288699438,-0.00269494524878112,0.0868098187756618,-0.0310442446118397,0.975234254564038,0.987604803374371
"FBgn0036686",411.268002250819,-0.120252997846405,0.0839115314406824,-1.43309263675414,0.151831365424138,0.293209694260064
"FBgn0036688",91.2348665714084,0.696262098560762,0.177141710431635,3.93053729053539,8.47562462798331e-05,0.000542037085583616
"FBgn0036689",30.7600275838119,0.51443043122062,0.297359933483094,1.72999242095226,0.0836316293485036,0.187294632310998
"FBgn0036691",61.9288483771368,-0.240591705134784,0.214107036312552,-1.12369826456133,0.261141052898477,0.4336118544219
"FBgn0053522",303.667719202796,-0.296739769309443,0.0970798929439799,-3.05665530019359,0.00223821501998519,0.00970204780441073
"FBgn0036695",96.739140693392,-0.000264381547532602,0.166934100204959,-0.00158374800120526,0.998736352449895,0.998873843687842
"FBgn0036696",43.1420607498034,0.382613075880043,0.255548484976879,1.49722302566051,0.134335235951223,0.26907788508013
"FBgn0036697",161.384606820356,0.295703077253714,0.137808680428084,2.14575073453393,0.0318928710721995,0.0885371449520556
"FBgn0036702",865.943885152038,0.221513496840515,0.0609792599741943,3.63260388752269,0.000280575556995727,0.00155246109792381
"FBgn0036710",220.584691532057,0.00437712461921151,0.112839067885754,0.0387908611904099,0.969057131065694,0.983792017111857
"FBgn0036714",122.952836426455,0.0192892533650575,0.149547726287822,0.128983929370702,0.897370365102149,0.944976910054662
"FBgn0027660",23.696203453598,0.283664449114779,0.347009429959141,0.817454583721771,0.413668693399088,0.596049714936649
"FBgn0026197",22.2094265031072,0.0232911627003788,0.34965588685821,0.0666116704330611,0.946890854720929,0.972899606291106
"FBgn0086475",232.17653206404,0.24412110983834,0.115326764849547,2.11677757679942,0.0342787292717024,0.0933764410044686
"FBgn0040793",360.415658193441,0.294336950086195,0.0897375866538692,3.27997398928828,0.00103816657567125,0.00495590979699731
"FBgn0053051",40.5110769794849,0.418582060303199,0.267956976462513,1.5621241358564,0.118258748021478,0.245752232373009
"FBgn0052176",119.144686518076,-0.181928017821297,0.152864960324401,-1.19012242854883,0.233998276112445,0.40160582942521
"FBgn0036723",11.328674737138,0.358905872286236,0.502951691316577,0.713599096061746,0.475475116679781,0.649896029577436
"FBgn0036726",144.599608291465,0.0852015145991121,0.140582141843178,0.606062146173273,0.544473486301017,0.707243271196703
"FBgn0036728",437.524784044813,0.152970633266945,0.0844243400525576,1.81192572155985,0.0699976744180326,0.163253003096953
"FBgn0085279",23.3732381492276,0.388608516325197,0.342692157040109,1.13398719037423,0.256799921267681,0.427999868779468
"FBgn0036732",679.711175854456,-0.658351054219968,0.0705226856785351,-9.33530888515707,1.00697203534628e-20,3.93314614881222e-19
"FBgn0052185",9.2404013682361,1.23276220625971,0.567118994615363,2.17372759150098,0.0297255992476196,0.0838991758096179
"FBgn0036733",118.557102074608,0.0281626619957502,0.150905086509703,0.186625001496814,0.851954662774144,0.920501282726674
"FBgn0036734",237.364052722685,-0.420982019977712,0.114558358670934,-3.67482586920586,0.00023801168733042,0.00134043016159341
"FBgn0036735",287.308982457801,-0.131997066566219,0.100317581225618,-1.31579195743718,0.188243879408548,0.343098791746889
"FBgn0259174",809.313466853134,-0.207669781444447,0.0630223949929456,-3.29517438154632,0.000983606217967251,0.00472925160392593
"FBgn0025455",813.517684036907,-0.330149527435794,0.0645824769692153,-5.11206046793726,3.18663783031232e-07,3.23789144576489e-06
"FBgn0000567",54.6746284641705,-1.10273887696693,0.235489374110911,-4.68275429042313,2.8304572193392e-06,2.48348692010861e-05
"FBgn0036740",267.464784044126,0.255490385834443,0.104073245881161,2.45490936379733,0.0140920113712359,0.0460334813903007
"FBgn0036741",278.598892815783,0.105552756188727,0.102472261044111,1.03006174659589,0.302981020946553,0.48207558413857
"FBgn0004401",1833.46108523689,0.0521371411215696,0.0473512120053393,1.10107300137725,0.270864886404082,0.44535695385641
"FBgn0052177",122.307722220592,0.0125704013516039,0.152879854702829,0.082224053496378,0.934468546281404,0.966118398852199
"FBgn0052179",26.1059476307075,-0.388899954816363,0.343947504013882,-1.13069567383942,0.258183202839224,0.429812320950266
"FBgn0036745",299.511610135438,0.402711091765406,0.0985365535755476,4.08692081417937,4.37136235202175e-05,0.000299603278183378
"FBgn0036746",218.121043354868,-0.686528819676335,0.118783125908402,-5.7796830519997,7.48414842267491e-09,9.67090452178893e-08
"FBgn0065088",12.1619132855217,-0.0916631117421077,0.468784088787984,-0.195533751964786,0.844975117348088,0.916504065024464
"FBgn0036749",12.1643047006489,0.207085230014001,0.478883620335691,0.432433312020229,0.66542651128888,0.800119762415378
"FBgn0036752",1723.04553590656,0.669129655327145,0.047663866823896,14.0385096702159,9.0597853730796e-45,1.01260524208343e-42
"FBgn0043025",15.5982595051777,0.00581450979250098,0.413630644400362,0.0140572510069467,0.988784305837425,0.99274709534396
"FBgn0052181",17.130690710299,0.597453088394552,0.407040759125359,1.46779671322928,0.142159450544098,0.279282965982387
"FBgn0052190",977.684492297708,-0.287443660785581,0.0588742166313084,-4.8823352094119,1.04836841786614e-06,9.80231216962353e-06
"FBgn0036754",55.0560358669703,0.065305553535557,0.22058146571836,0.296060928432399,0.767183551661441,0.86704778579977
"FBgn0036759",10.8772981653985,-0.0234275459121174,0.493610669094605,-0.0474615873986047,0.962145344630528,0.979361048073535
"FBgn0036760",68.8216906732155,0.00301461050547423,0.208132001046601,0.0144841278146327,0.988443742105899,0.992542333987472
"FBgn0036761",256.195044672431,-0.110807903935456,0.108215548602391,-1.02395547928691,0.30585630381467,0.485162892404712
"FBgn0036762",663.848791913907,-0.292233783628415,0.0762163121776904,-3.83426821999865,0.000125938660768958,0.000773546563636012
"FBgn0036763",120.156486916865,0.177517752379209,0.149639009409563,1.18630665278826,0.23550122031915,0.403539628098729
"FBgn0036764",977.207664122598,0.684885031957103,0.0589072338715779,11.626501313068,3.02232781596886e-31,2.03307514657535e-29
"FBgn0036765",76.4775864522196,0.395023904884409,0.191497106765848,2.06281918069614,0.0391298109788633,0.103864843537246
"FBgn0036770",447.932831763987,-0.262349871003066,0.0847010985750708,-3.0973609010578,0.00195252005040995,0.00864942571111481
"FBgn0036771",53.988725951754,0.364621739257032,0.225181505149116,1.61923484353468,0.105396743709675,0.224481777499499
"FBgn0036772",254.438080297454,-0.121218397659795,0.107681003522481,-1.12571757036502,0.260285084196498,0.432716507251158
"FBgn0000568",978.996270318176,-0.440794087182285,0.0681968987113293,-6.4635503301715,1.0227449683313e-10,1.64385889268294e-09
"FBgn0259739",10.7263991347061,1.09757037929653,0.517777273436446,2.11977318357765,0.0340251778257303,0.0928249781839768
"FBgn0036774",123.181263245628,-0.218135294754265,0.147977164304421,-1.47411457558083,0.140450744739945,0.276524298248157
"FBgn0036775",102.774449575207,-0.563359559088747,0.173252417995659,-3.25166924425183,0.00114729447561701,0.0053844278845979
"FBgn0002901",56.6898951955532,0.344219570781865,0.227554924415257,1.51268785620175,0.130358965685665,0.262852591092522
"FBgn0036777",20.3350597311519,-0.406026628722634,0.367755324516953,-1.104067301421,0.269563944225742,0.444178284146069
"FBgn0052195",19.5155280609382,0.390335869284681,0.378624803297168,1.03093053039719,0.30257339832155,0.481637979580644
"FBgn0003997",43.9959961537515,-0.673760606434882,0.254560087689647,-2.64676451265335,0.00812659218353531,0.0291410129384916
"FBgn0011706",13.5804075337005,0.497613946673329,0.445674836504461,1.11654036960273,0.264190900084182,0.437485063396065
"FBgn0013717",92.6566839180802,0.127711438788626,0.173882953527342,0.734467848618321,0.462663648433018,0.638899715998075
"FBgn0259791",75.8328333484731,-0.00347342292397756,0.189560617503685,-0.018323547209958,0.985380742661689,0.991062952140316
"FBgn0042134",1201.16538586607,-0.150020896580265,0.0546320744011003,-2.74602233623484,0.00603226565317509,0.0225899020465552
"FBgn0040322",192.022592808296,-0.236733540148808,0.123740456525157,-1.91314584410539,0.0557293842259826,0.137013189983676
"FBgn0040323",108.4328880116,0.396964580314283,0.15808680545413,2.51105447525452,0.012037112021227,0.0404462552497612
"FBgn0036804",57.3197008236934,0.476235495590892,0.221992957495219,2.14527298957737,0.0319310267712885,0.0885896969458792
"FBgn0052202",28.4814081504032,-0.731430160940274,0.314923927597124,-2.32256140878561,0.0202027258959317,0.0612063401309189
"FBgn0036805",196.911742481146,-0.00616482550698324,0.119630445719034,-0.0515322455745257,0.958901407724543,0.978444363714638
"FBgn0036806",121.516419491699,-0.209156204399586,0.156175608297226,-1.33923732828707,0.180493423933999,0.332475843022441
"FBgn0036811",32.7919010766027,0.805168611849189,0.308646724471041,2.60870616148313,0.00908852468835039,0.032083640359993
"FBgn0036812",29.6876387489665,-0.0534872966524488,0.301554661142112,-0.177371811962284,0.859216347040735,0.924908395503176
"FBgn0036813",127.113079964516,-0.150588200758363,0.152502507583293,-0.987447374766054,0.323423369444073,0.504796407967471
"FBgn0001078",261.477168262393,-0.0511879409106611,0.104355782839705,-0.490513697638473,0.623770439437829,0.7708270526477
"FBgn0036814",558.913130247853,-0.382840723346715,0.0747564026403174,-5.12117637854663,3.03635474631872e-07,3.10254813389669e-06
"FBgn0036815",137.090288191356,-0.0626360555909533,0.142179377161418,-0.440542481205568,0.659544251492862,0.795919615965657
"FBgn0000261",483.981348929304,-0.266895886199537,0.0779188803998908,-3.42530442980943,0.000614110882499046,0.00313308677061487
"FBgn0036816",1077.44431659426,0.0907743496711132,0.0586820054688888,1.54688560736457,0.121890832225378,0.25107368758644
"FBgn0052027",39.1173116294486,0.200742408921415,0.26092225260785,0.769357181746852,0.441681300088466,0.62069424312394
"FBgn0036817",10.891009492435,-0.314832709472284,0.506355346061999,-0.62176238864818,0.53409812107499,0.700148475209275
"FBgn0036818",18.4999358944461,-0.000794561631349358,0.38403441201982,-0.00206898550359167,0.99834918958793,0.998732303708403
"FBgn0036819",12.1135934671159,0.304165282207478,0.47074965064537,0.646129597314594,0.518195428958717,0.687942371957369
"FBgn0036820",24.2090065390293,-0.0840935398103438,0.335417804611542,-0.250712808485927,0.802036157164245,0.890896739065304
"FBgn0025807",40.2646433292067,-0.27055738553648,0.26547301943884,-1.01915210106243,0.30813076249929,0.487705880077852
"FBgn0085284",15.9847870290883,-0.218789598902148,0.412589399346582,-0.530284101454485,0.595914968013779,0.748111671439452
"FBgn0014075",765.664016932314,0.144060681394723,0.068922454011507,2.0901850269387,0.0366011820310456,0.0984113943210756
"FBgn0036821",137.179341427474,-1.81956946635591,0.157588654056535,-11.5463227809734,7.70469177383917e-31,5.04275547179654e-29
"FBgn0036824",680.874799319802,-0.596885016734859,0.0687139949426663,-8.68651309289889,3.73733890677044e-18,1.17033479127962e-16
"FBgn0036825",6665.38741254503,-0.524019067439739,0.0352444574954205,-14.8681269248598,5.30776476683553e-50,6.88587696983217e-48
"FBgn0036826",57.6686349106758,-0.277350034048731,0.218847360101412,-1.26732181699706,0.205040242594762,0.365660094041168
"FBgn0036827",86.2839097601702,0.102199807631041,0.179992585309966,0.567800098293174,0.570170713082598,0.72742221026437
"FBgn0027057",154.673402190501,0.0628958972296632,0.135081245495589,0.465615319128197,0.641490875701567,0.782608096049015
"FBgn0036828",145.921832535924,0.0202014563529733,0.137798247593138,0.146601692734294,0.883446417512203,0.938435445122388
"FBgn0036837",20.4267001536641,-0.532589681298165,0.366082247583967,-1.4548361326262,0.145714632481524,0.284013392515383
"FBgn0036838",39.4356711006467,0.565390146350145,0.262901857465167,2.15057494002322,0.0315097650774818,0.0879097042758523
"FBgn0002945",14.4203831095614,-1.20481592495761,0.447092435602465,-2.69478038324246,0.00704350385529445,0.0257788692739114
"FBgn0036842",334.166928680001,0.0535514041062262,0.0920830611058324,0.58155542901293,0.56086617228364,0.720626990197661
"FBgn0036843",51.1134294747211,0.913410244556594,0.234008206090052,3.90332569877952,9.4879886018429e-05,0.000599393366890336
"FBgn0036844",440.366101585814,0.143282641026044,0.082307724625479,1.74081645043666,0.0817157574768768,0.184082163742484
"FBgn0036846",121.663182148448,-0.250566362767403,0.155360926289892,-1.61280167897471,0.106787601244693,0.226845591532952
"FBgn0036847",282.466712235082,0.302618970056543,0.105996718139313,2.8549843369566,0.0043038951458827,0.0169933686058901
"FBgn0036848",95.9112085323277,0.428920850067905,0.168648759089174,2.54327901601169,0.010981749737935,0.0375623407938314
"FBgn0036849",10.5008237901871,0.86462078341661,0.516841980439742,1.6728919401651,0.0943485707610404,0.206272153650002
"FBgn0036850",45.7582512002752,0.112465277333792,0.252638262448484,0.445163279084557,0.656201761665014,0.794056357610778
"FBgn0016797",18.503639441206,0.0974080548328282,0.388561633477655,0.250688813409134,0.802054710171178,0.890896739065304
"FBgn0036853",41.4058134654803,-0.00633329520113913,0.270988853570016,-0.0233710542618417,0.981354294050202,0.98952657130808
"FBgn0040075",225.736030399127,-0.100889454273594,0.114842823774005,-0.87850029247044,0.379672279062025,0.56372759194474
"FBgn0026630",347.305255811252,0.169311652869837,0.0945808641288796,1.79012588253715,0.0734336767731938,0.169309952953746
"FBgn0260857",70.7748080951453,0.351731485476752,0.196998262020672,1.78545476426509,0.0741875824811729,0.170669026828917
"FBgn0017578",64.5946326239986,-0.0700890071197819,0.205348102859933,-0.34131801630322,0.73286418634257,0.844450168719869
"FBgn0036857",121.18616957459,-0.467674649096709,0.154107127750274,-3.03473730205757,0.00240745280400831,0.0103247606972375
"FBgn0036862",84.9043089796481,1.10479047483257,0.189488107538318,5.83039478933611,5.52963943967416e-09,7.29089483289161e-08
"FBgn0028380",159.286330283052,0.0756103375919167,0.131399895947333,0.575421594110107,0.565006203282854,0.723937790349758
"FBgn0052206",41.8769563503195,0.498871370228442,0.268675702490115,1.8567788810259,0.0633426195402584,0.150929528028854
"FBgn0023395",115.93701885183,-0.029442529209644,0.15602858765441,-0.18869958161037,0.85032827952359,0.919154136399179
"FBgn0052207",13.5684448006274,0.281524610953612,0.442183457829088,0.636669251119808,0.524340306531349,0.692354112495502
"FBgn0062928",12.1445301444453,0.836159995988783,0.482636590225538,1.73248363866909,0.0831874877093354,0.186634773861606
"FBgn0036882",8.67497996097545,-0.768009390308813,0.565519555346721,-1.35805982843148,0.174444700716768,0.324303007026163
"FBgn0052210",363.106781611401,0.131952436313791,0.0951245441443095,1.38715446681785,0.165394666444733,0.312426482506757
"FBgn0036886",84.9464144460566,0.0555216632993575,0.179731238339025,0.308914932164588,0.757386237762061,0.860289402336049
"FBgn0036887",60.9038454042419,-0.0232349060184455,0.209155532794241,-0.111089129262017,0.911545668976842,0.954370843798351
"FBgn0036888",450.908743679234,0.0178215395739059,0.083944760861144,0.212300796274649,0.831872374252692,0.909351910765243
"FBgn0036889",37.8537737403553,0.0419622154860881,0.267824627010608,0.156677957342683,0.875498659997074,0.933995409243866
"FBgn0005386",248.631668536789,-0.259068079375572,0.106424143426674,-2.43429799887532,0.0149207054352829,0.0480668409280183
"FBgn0010417",136.328088612446,-0.106947769992476,0.14070695149801,-0.760074529750494,0.44721003636526,0.625285010429872
"FBgn0036891",783.543127754918,-0.0320758491135919,0.0635400954911112,-0.504812730696621,0.613690373366067,0.762390657063009
"FBgn0036892",304.625106256308,0.143879337069458,0.0965583916449066,1.49007594905448,0.136204267257474,0.271101646756531
"FBgn0036893",48.4504769570322,0.509769958356352,0.23768528751683,2.14472659911799,0.0319747128934294,0.0886288779743473
"FBgn0260655",250.48518818125,-0.052042078872669,0.106295959618534,-0.489596020953508,0.624419792690519,0.771104843429649
"FBgn0029094",187.15390410144,-0.144373394518208,0.120919643925384,-1.1939614592919,0.232493044424379,0.399967314170758
"FBgn0036896",192.191184697079,-0.869233551563876,0.124833618733038,-6.96313669655584,3.32778628369685e-12,6.36220193448885e-11
"FBgn0036897",73.8080814615918,0.22356991317298,0.192020617877148,1.16430160284151,0.244301807236543,0.413622146253433
"FBgn0022774",212.457168316228,0.449393183909763,0.117375978746901,3.82866399673475,0.000128840764871728,0.000789231160871085
"FBgn0036900",105.561165604369,-0.252385900233356,0.16248802336489,-1.55325848026711,0.120361395179864,0.249048314534274
"FBgn0261283",3861.91844549111,-0.269383871294527,0.0383292465078394,-7.02815462963589,2.09282896690299e-12,4.13163109906257e-11
"FBgn0036906",13.5618653495703,0.276637803348753,0.43995915380443,0.628780651468667,0.52949266876464,0.69642172328318
"FBgn0260874",49.810072347637,0.516598323896036,0.246809295891377,2.09310723905389,0.0363395826489668,0.0977441939817638
"FBgn0036908",143.322323417057,0.0390496856049485,0.140170909200268,0.278586233247276,0.780562378883073,0.876770811395002
"FBgn0036909",34.9562847883673,0.445229188033224,0.277511149917193,1.60436504322827,0.108633611629419,0.229782299378141
"FBgn0040786",7.86658348650074,-0.334383886580684,0.592590878971161,-0.564274440337711,0.572567373494111,0.729388386539491
"FBgn0024889",189.741711322067,-0.166530410996276,0.120309392173747,-1.38418462588339,0.166301929660276,0.313732412096054
"FBgn0023094",64.2985382631215,-0.0454100639239028,0.207479431999666,-0.218865376130276,0.826754918410172,0.906896343386667
"FBgn0036911",58.4741913604767,0.124330530327312,0.218400781655598,0.569276947567762,0.569168208441396,0.727225999705723
"FBgn0013799",208.076388665692,-0.29196485746149,0.12062455076597,-2.42044306575654,0.0155016065563151,0.0496338350073288
"FBgn0003744",243.661362791791,-0.392021624722457,0.110043595115085,-3.56242109604357,0.000367450366183623,0.00197532733386032
"FBgn0052221",44.8508484312875,0.067950584633766,0.247449593247732,0.274603743501562,0.783620689970058,0.878956972770183
"FBgn0001324",591.301581738812,-0.0997383370399595,0.0734433031073932,-1.35803174448889,0.174453611502679,0.324303007026163
"FBgn0020389",117.390327401753,-0.123648029307663,0.154149351329332,-0.802131363131693,0.422476974499689,0.603780280911186
"FBgn0015796",336.38786513863,-0.178430503484604,0.0928975104170795,-1.92072427650116,0.0547664773699588,0.135286792959113
"FBgn0036913",464.02131189886,-0.242949097288932,0.0802662179870665,-3.02679138723191,0.00247164471090281,0.0105564366988295
"FBgn0013591",1426.06250466372,0.0313154980044768,0.0510711770669585,0.613173609909551,0.539761552310941,0.704015741030339
"FBgn0014037",1176.36834749912,-0.23233202008297,0.0559097754807348,-4.15548118527191,3.24603657567469e-05,0.00023120054629683
"FBgn0036915",172.471440353581,-0.262135352854498,0.128559601656547,-2.0390180855943,0.0414482225796388,0.108983473413346
"FBgn0036916",60.7219756893693,-0.150109109555867,0.213153026933779,-0.704231657955777,0.481288518827528,0.655523263832395
"FBgn0028695",676.561459827618,0.0883578904452868,0.0677111293937571,1.30492418656117,0.191918664478059,0.34761632945228
"FBgn0020887",291.123369534983,-0.214797716533215,0.0991818470809403,-2.16569586930482,0.0303344349024621,0.0852202898555247
"FBgn0036918",186.227400138333,-0.0942027202807194,0.123631570414277,-0.761963307309415,0.446081903975264,0.624428715294855
"FBgn0036919",185.672796713891,-0.498153938256858,0.131603847744204,-3.78525359855063,0.000153551911255765,0.000919665816383459
"FBgn0036920",60.761825393646,0.179233019249692,0.210111426685856,0.85303794313704,0.393638263125878,0.577733733658485
"FBgn0036921",778.883505575817,0.00278100413927729,0.0676220335034498,0.0411257099971034,0.967195678324688,0.982751972451588
"FBgn0004852",30.0268169335565,-0.0247069858303912,0.300132295413018,-0.0823203174333221,0.934391998276981,0.966118398852199
"FBgn0036922",14.9145686184091,0.124703575283142,0.428912127511611,0.290743878021417,0.771247210669519,0.870243754062015
"FBgn0036926",19.638155851168,1.18330432186235,0.394662779458647,2.99826683297947,0.00271519832992546,0.0114618918459666
"FBgn0013303",52.3570499225079,0.711564845880415,0.230179736985663,3.09134442153235,0.00199252367061522,0.00877846238145515
"FBgn0036927",25.7176282377205,-0.0506081352291794,0.322239356780296,-0.157051378623761,0.875204356186862,0.933995409243866
"FBgn0036928",324.434053980015,0.333239493542501,0.0950133374022576,3.50729174086019,0.000452692544119374,0.0023814709145744
"FBgn0036929",202.9159145992,0.368362455642697,0.118033395098587,3.1208325011326,0.00180340578637474,0.00808749570247682
"FBgn0261574",1702.01107706581,0.372960565089816,0.0539323411114995,6.91534165592328,4.66737115918026e-12,8.83032590402203e-11
"FBgn0036931",20.7536983172081,0.623929716852851,0.368445025368868,1.6934133287,0.090376819584095,0.19938888377724
"FBgn0036932",65.1404757933149,-0.274093197315221,0.207332101899757,-1.32200076497436,0.186167896185602,0.340657768154104
"FBgn0005198",231.652054181818,-0.0936257481934489,0.114455786698674,-0.818007991504492,0.413352624082927,0.59571648759422
"FBgn0261556",674.835763922828,0.0336807640394151,0.0717580643931785,0.469365559456435,0.638808361581023,0.780515093657271
"FBgn0036945",19.097215728562,0.458635124912007,0.398103124936197,1.15205105457414,0.249300094319306,0.41954254927722
"FBgn0260397",151.67026097778,-0.355059924474017,0.141796394109346,-2.50401236719895,0.012279374191526,0.0411104394015835
"FBgn0036958",320.534369695351,-0.381892814813424,0.0971104239150703,-3.9325625346607,8.40451061011751e-05,0.000537962727599152
"FBgn0024814",512.485217142052,-0.000173421963132921,0.0758700613186492,-0.0022857759716914,0.998176216230876,0.998732303708403
"FBgn0036964",62.6188447533975,0.0893564911999891,0.213523390447857,0.418485726610875,0.675592020212042,0.807265793888238
"FBgn0052226",125.447493388021,0.0485338110677415,0.147198354391498,0.329717076446778,0.741613749515419,0.850111935584601
"FBgn0036967",169.149358891851,-0.179684306305224,0.12666904673418,-1.41853365867905,0.156035019045663,0.299259348829657
"FBgn0003124",709.473747875845,0.253538763097516,0.0671418092088235,3.7761681742737,0.000159259482867076,0.000951730527631274
"FBgn0250791",477.052694299739,-0.0431160753847026,0.0791169121777566,-0.544966609513668,0.585776482725227,0.740516579170237
"FBgn0036968",213.985445818991,-1.05698338913384,0.126858104706734,-8.332013091141,7.9479157408764e-17,2.25553155693231e-15
"FBgn0036973",56.1562374588705,-0.298055976338159,0.226410597379539,-1.31644004206446,0.188026390189166,0.342788387634703
"FBgn0036974",672.015379457612,-0.26174433823035,0.0689995702726005,-3.79341983140275,0.000148586617884725,0.000895349764327634
"FBgn0036975",42.2167017091507,-0.194338003431601,0.251366641994365,-0.773125669697884,0.439448010643047,0.618838882985411
"FBgn0024887",74.3258506508164,0.0918925167382251,0.195675821199173,0.469616103691679,0.638629317270938,0.78042758452033
"FBgn0259676",91.0600492486753,-0.350817955580443,0.173599454022428,-2.02084711358089,0.0432955940017028,0.112739243878986
"FBgn0001247",406.635007097133,0.131737020619248,0.084492943609644,1.55914819618394,0.11896130863505,0.247000259283693
"FBgn0036980",211.797735766674,-0.126073607294812,0.120637843433043,-1.04505852978701,0.295995919134177,0.473985400639569
"FBgn0027565",118.31913960335,0.057975430666983,0.156481946371468,0.370492775756744,0.711015358323852,0.830073417373885
"FBgn0011205",86.3301048823404,-0.392885535870065,0.179697785490771,-2.18636826712727,0.0287886732869303,0.0817649337456396
"FBgn0053969",94.470520802394,0.677742165854808,0.173517259082168,3.90590636020747,9.38728610139366e-05,0.000594064751974085
"FBgn0028978",133.298722913895,-0.0890932904725762,0.149889863316277,-0.594391698687347,0.552250159429279,0.713156382427825
"FBgn0036984",29.8104757664363,0.720451512317445,0.307188020872889,2.34531122102434,0.0190112031853473,0.0583508200851492
"FBgn0036985",598.154871297416,-1.69245890366572,0.079391323491515,-21.3179328575698,7.74025998745017e-101,2.44491255690546e-98
"FBgn0036987",45.0447515229238,0.149445570717058,0.24519505358056,0.609496678398357,0.54219527374738,0.706049231721584
"FBgn0036988",57.3349431302462,0.58834936263673,0.219554933548888,2.67973647017011,0.00736801410719927,0.0267911023467481
"FBgn0029158",53.718752402414,-0.207796543955309,0.232196512600128,-0.894916730782952,0.370831602359638,0.555711961869384
"FBgn0019947",376.450330363002,0.0580615035757254,0.0895413542686337,0.648432269647549,0.516705404480838,0.686882897399653
"FBgn0036990",70.2622160793765,-0.156015642656749,0.198091294521732,-0.787594644345327,0.430933848371926,0.612205428167785
"FBgn0036991",45.8699280231646,-0.33649961082486,0.249780081267345,-1.34718352687498,0.177921132047714,0.329072562201283
"FBgn0036994",57.1160687546097,-0.0803333787194204,0.218322315007561,-0.36795770838468,0.712904769039584,0.830674121423027
"FBgn0083120",9.88235526371335,-0.0111801036022692,0.521936266252191,-0.0214204383277462,0.982910269877549,0.990270851568491
"FBgn0036997",14.9233758120637,-0.0913725939719692,0.424664180969643,-0.215164353544809,0.829639181772393,0.908277374258053
"FBgn0052428",84.4775268451901,-0.41235935892005,0.180533985474643,-2.28410932066842,0.0223651069427717,0.0669203055762918
"FBgn0036998",57.4561692689107,0.502766356959175,0.216785384504133,2.31918935914054,0.0203847711843125,0.0617321228236892
"FBgn0036999",65.083866145423,0.109638269935182,0.203598795121493,0.538501565639219,0.590230824520141,0.74361784513475
"FBgn0037000",18.5432921775691,-0.00436252950200573,0.385483894718382,-0.0113170214418239,0.990970516059526,0.994243147641081
"FBgn0037001",381.978870786254,-0.159852359907338,0.0905390325787471,-1.7655629329627,0.0774692033166342,0.176874218131787
"FBgn0052425",266.047093694413,-0.083867250508386,0.102765046257281,-0.816106775239679,0.414439069230686,0.596580700232673
"FBgn0037007",312.311812840902,-0.279845207158258,0.0975253865851275,-2.86946011656143,0.00411173183937172,0.0163501542490616
"FBgn0037008",33.578136523934,0.444465905715409,0.291960110232108,1.52235147932387,0.127921035516102,0.259666477514524
"FBgn0037009",137.382026747907,0.00228260027015918,0.143701259567002,0.0158843442085134,0.987326659939912,0.992059202114016
"FBgn0037010",223.995579227749,-0.105073091256391,0.113707761666302,-0.924062612055884,0.355453717842943,0.539906180248585
"FBgn0037011",92.6169328156575,0.471232557939598,0.175677740911469,2.68236918060707,0.00731027368495466,0.0265944608518756
"FBgn0037012",56.4444254425907,-0.0337474015918783,0.219618494008008,-0.153663751062093,0.877874867711515,0.934834333189314
"FBgn0037016",99.1736149499854,0.233603594065435,0.167321114648261,1.39613936087212,0.162672532910593,0.308889564141599
"FBgn0037017",10.1057968056512,0.358325516603646,0.514725419709846,0.696148864778499,0.486335607425479,0.66091062251143
"FBgn0037018",56.6949027414527,0.0499016531376743,0.21949778307258,0.22734467947302,0.820155733338386,0.901699667479325
"FBgn0016696",328.844810756434,-0.0910152060597702,0.0936303147465693,-0.972069850519274,0.331015799926517,0.512647577588179
"FBgn0037019",50.4051605897906,0.448823255562676,0.231165829909412,1.94156400943236,0.0521899034320936,0.130071920560604
"FBgn0037020",98.8217115983445,0.0275293911213618,0.176167415282157,0.156268348929736,0.875821503704974,0.933995409243866
"FBgn0037021",167.240540490269,-0.192322442170788,0.131566817127469,-1.46178532224015,0.143800047506433,0.281460337658619
"FBgn0037022",36.3952175332294,-0.324130868958977,0.271352991554182,-1.19449897015142,0.232282843319834,0.399700345030457
"FBgn0037024",63.2693817508962,-0.391168057403756,0.207844174175666,-1.88202560382158,0.0598325393522316,0.144509108508631
"FBgn0037025",309.427205044939,0.170773039460884,0.0980777531066958,1.74120056844191,0.0816484276618298,0.183987539380643
"FBgn0037026",254.138661561793,-0.0115614952561414,0.105138049803404,-0.109964901172887,0.912437210863729,0.955029006904623
"FBgn0037027",298.296158363476,0.0823207211058603,0.100294511093303,0.820789893768742,0.411765956131627,0.594491190639163
"FBgn0037028",101.980326997881,0.513887519751298,0.167481802698262,3.06831853653454,0.00215267023365699,0.00937037102907013
"FBgn0259243",209.380452779965,-0.218053332310891,0.116856829887285,-1.86598705887551,0.0620431760861182,0.148515213926079
"FBgn0040636",16.9990680636211,0.285563518154461,0.392786971552627,0.727018813851367,0.467214430606145,0.643227750303893
"FBgn0027055",222.695932787176,-0.13141613263645,0.121199668742473,-1.08429448694027,0.278234248920256,0.453492458843536
"FBgn0037031",20.4380153808977,0.120966885969463,0.364000130204412,0.332326490931561,0.739642738641857,0.84876077969248
"FBgn0011591",22.0719788814888,0.721388455825958,0.353017121316958,2.04349424508013,0.0410035364863523,0.108045137461669
"FBgn0003415",616.682220384092,-0.157251340805998,0.0733035269923925,-2.14520838570725,0.0319361894427058,0.0885896969458792
"FBgn0037044",88.7993463174655,0.0589934314387199,0.185395408873902,0.318203302859806,0.750330727558077,0.855351127523839
"FBgn0037045",23.6011172409751,0.553590111905167,0.338906090701333,1.63346167889626,0.102371934004251,0.219584322568905
"FBgn0028402",92.1122674433322,-0.155484647022707,0.174247167003858,-0.892322381455211,0.372220161166607,0.556644600838905
"FBgn0037046",10.0658448643593,1.78148378567052,0.596941853669165,2.98435061090196,0.00284180932299482,0.0119064271808289
"FBgn0026179",119.07679824836,0.42017090990741,0.152328584099675,2.75831953924337,0.00580993743416293,0.0218474096579678
"FBgn0037050",45.726899443025,-0.409676664258324,0.247826308954743,-1.65307979603222,0.0983146246297369,0.213210671025385
"FBgn0037051",747.895013664681,-0.161925139166893,0.0648310143950816,-2.49764932228452,0.0125019799607698,0.041740296146596
"FBgn0024150",522.715592456965,-0.483196441415301,0.0782226732284566,-6.17719161813968,6.525186046029e-10,9.38722309394073e-09
"FBgn0021760",787.984160340834,-0.0894412193124929,0.0631740986703194,-1.41578940095768,0.156837173735354,0.300242968955823
"FBgn0041607",216.136443689441,-0.352233078501053,0.117154388216584,-3.00657178841544,0.00264211659457417,0.0111858840673551
"FBgn0041100",35.7182981306272,0.0467732271664043,0.273339051592458,0.171117982936965,0.864130996081475,0.928273205165151
"FBgn0085290",10.6135538646878,0.138828463406872,0.499897543071701,0.277713834226546,0.781232040013723,0.877225775996863
"FBgn0053054",14.8304681765028,-0.212079423099126,0.443617316533857,-0.478068405345805,0.632601518563472,0.776194904976123
"FBgn0053056",79.115829840525,-0.15593485246574,0.184639748483366,-0.844535663347634,0.398370143306357,0.582176144848652
"FBgn0037057",76.9764067061522,0.0664599434605712,0.188113614538636,0.353296828746658,0.723865922733842,0.83793593509582
"FBgn0037061",55.6364947004916,-0.0972027203548939,0.220742432913272,-0.440344518595951,0.659687601835175,0.795919615965657
"FBgn0028427",271.24640376659,0.0873224715492336,0.106268271871255,0.821717244588543,0.41123784229317,0.593991072713173
"FBgn0037063",136.245859590384,0.298154808928884,0.146747340942426,2.03175612596524,0.0421783508347769,0.110503324491401
"FBgn0012034",453.451979502213,-0.255665932212573,0.0805713287249406,-3.17316266541143,0.00150788015991833,0.00688544900176409
"FBgn0027945",71.7289110427873,0.342238319329185,0.197718181286945,1.73094005367418,0.0834624568279693,0.186974097408288
"FBgn0259785",596.679483672602,-0.253323874156341,0.074102003811862,-3.41858331927847,0.000629480421173739,0.00320699527337112
"FBgn0037070",64.9731864365251,-0.103034381906823,0.209047098617405,-0.492876402438837,0.622099921827872,0.769417080708119
"FBgn0037071",60.7530900708743,0.460338072485327,0.213732589935531,2.15380383789005,0.0312555586147071,0.0873688469934001
"FBgn0003042",55.7328965533193,0.0983389129394375,0.220938621156836,0.44509607430577,0.656250325678364,0.794056357610778
"FBgn0037073",287.983138182674,-0.299593058523501,0.0995706794246015,-3.00884818959545,0.00262240116136239,0.0111283553956178
"FBgn0037074",831.883763660308,-0.316897640925791,0.0620102556928346,-5.11040693809635,3.21465631549839e-07,3.25724939080834e-06
"FBgn0052436",115.523251385717,0.812079430166721,0.160362098718978,5.0640359327663,4.1047222742018e-07,4.08504209891453e-06
"FBgn0037076",46.2906685164086,0.042529602981685,0.248217501501685,0.171340065565024,0.863956378476775,0.928222876313779
"FBgn0261258",661.013055807827,0.41552106770872,0.0722004785397308,5.75510129728663,8.65898562923394e-09,1.10558050257266e-07
"FBgn0037081",218.037671904685,-0.14577397500335,0.113659594688061,-1.28254878440687,0.199650203129798,0.358314902603257
"FBgn0005694",211.240870582272,-0.389924524870984,0.114358672069213,-3.40966292993496,0.000650432136000382,0.0032952506750647
"FBgn0037082",103.485149765328,0.42569028754271,0.163848592865843,2.5980710611977,0.00937490907048209,0.0328793404080856
"FBgn0086377",269.976529574345,-0.392086846702721,0.102679064102657,-3.81856661948844,0.000134229337252667,0.000818100784513948
"FBgn0037087",63.0633510568147,0.105946730633319,0.212023924944384,0.499692337367633,0.617291728802405,0.765294267875336
"FBgn0015239",144.108304968415,-0.230451741045574,0.138978303323834,-1.65818502265492,0.0972801268793022,0.211662210775121
"FBgn0053214",676.284949967614,0.0112848554050101,0.0686207365874535,0.164452554230866,0.869374894389687,0.931289974600572
"FBgn0037092",45.8462699532176,0.437492316264423,0.245871297219988,1.7793549764086,0.0751815830047058,0.172573207118227
"FBgn0026371",113.475969944689,0.434511627983098,0.155906832176759,2.78699542487319,0.00531992300711565,0.0203631404882483
"FBgn0037093",378.274733470813,-0.264365989824961,0.087245602999697,-3.03013539634632,0.00244444128556622,0.0104772070440346
"FBgn0037094",335.262644355957,-0.184321871179208,0.0917234538428254,-2.00953914682559,0.0444799874432375,0.114672501339645
"FBgn0052442",21.9804775533861,0.169276783715774,0.356225919244788,0.475195022514495,0.634647974547239,0.777786358820124
"FBgn0029152",213.134668972154,0.274316572036135,0.120506714693773,2.2763592280581,0.0228245178609585,0.0680148163494109
"FBgn0015283",291.96622067821,-0.0183126690425308,0.0996203764256312,-0.18382453168305,0.854151110572774,0.92164084632574
"FBgn0037097",277.209752217472,-0.299629337871823,0.104363741234396,-2.87100993436857,0.00409162665963343,0.0162969669310509
"FBgn0028663",252.92611936528,0.305457545592459,0.10847784203109,2.81585197375989,0.00486480757023736,0.0188898059849142
"FBgn0037098",417.251255929318,-0.369442386452194,0.0858777284522123,-4.30195806422354,1.69295357798971e-05,0.000127984471842823
"FBgn0037102",95.3936206499907,-0.00199797524811125,0.17285237776241,-0.0115588531322231,0.990777574909225,0.994198768192752
"FBgn0052438",310.839648396502,0.225363865854686,0.10076947582479,2.23642987134846,0.0253236262619569,0.0737674999170477
"FBgn0052441",211.427952991702,0.265647286082564,0.114005187973531,2.33013331063706,0.0197991063492734,0.0602347184369644
"FBgn0037105",104.424534742228,-0.0042064967144144,0.164010987374994,-0.0256476519149092,0.979538377823669,0.988871192305978
"FBgn0037106",37.4575448353784,0.0578137634298194,0.272205828666832,0.212389880528903,0.831802879866535,0.909351910765243
"FBgn0037108",315.583709815296,-0.0294101206353479,0.0959761413196836,-0.306431580088084,0.759276066650457,0.861896972533683
"FBgn0037109",298.152976085789,-0.0628717923517942,0.098537678304245,-0.63804824138104,0.523442277559725,0.691627651340307
"FBgn0037110",67.8633896250329,-0.554889057297854,0.202060185497924,-2.74615731907044,0.00602978418197981,0.0225899020465552
"FBgn0052446",32.3817886472571,0.625142210174727,0.291255054653396,2.14637377167125,0.0318431701625342,0.0885234273097869
"FBgn0037116",224.669853353145,-0.221414973918785,0.111908617802288,-1.97853372034284,0.0478685284205391,0.121511131717406
"FBgn0037117",57.6972905457019,0.114024437122097,0.214593764400529,0.531350188299396,0.595176132540334,0.747571681000264
"FBgn0037120",179.887535967785,0.0772863087073707,0.124964466138106,0.618466281622463,0.536268017763297,0.700717113138553
"FBgn0037121",72.6848139719286,-0.142037012360315,0.194790744557561,-0.729177418993554,0.465893142144063,0.642017010181452
"FBgn0037126",10.8724475205513,0.726961581302294,0.50131158678581,1.45011924811723,0.147025268429086,0.286134094598797
"FBgn0037130",116.868693461752,0.212620725481288,0.156445555593157,1.35907168903038,0.174123872985846,0.324015722899138
"FBgn0037133",11.5059196236935,0.215604410983103,0.479985042754116,0.449189853387894,0.653294706401605,0.792021262500548
"FBgn0022936",84.3332653784506,0.159724689136815,0.184066957102558,0.867753189660327,0.385529460841418,0.569746040075854
"FBgn0037134",33.5382625159868,0.131906091952399,0.279397374680389,0.472109274839431,0.636848792629565,0.779295400930307
"FBgn0037135",1054.40617484776,0.0912037672424696,0.0572209863670632,1.59388666698984,0.110961421250948,0.233594530683321
"FBgn0052448",23.7636037471574,-0.269366929032946,0.34169140840137,-0.788333924734015,0.430501409038407,0.611933620947765
"FBgn0046301",55.2322658339329,0.127370225523167,0.223153935471093,0.570772929701105,0.568153575101649,0.726546263843321
"FBgn0037137",676.183457715108,-0.178303096622275,0.0695299842609839,-2.56440582458651,0.0103352622474751,0.0357210657601838
"FBgn0037138",298.242457750841,0.0827020506144198,0.100212896486609,0.825263549043022,0.409221981444389,0.592186241721988
"FBgn0014362",326.225746900105,0.088996927413573,0.0930381292708662,0.956564024997453,0.338787354050425,0.522123489006436
"FBgn0037141",119.248964982361,-0.0101232702066975,0.150895370800415,-0.0670880104074713,0.946511638700064,0.972899606291106
"FBgn0037142",127.078192207936,0.038214333619015,0.153341551123844,0.249210558644681,0.803197912423668,0.891364996140733
"FBgn0037144",10.4511663118766,-0.179109092660403,0.505790855184359,-0.354116905880236,0.723251272887562,0.837624820265924
"FBgn0037149",60.8944455783345,0.180775699654914,0.223282480457173,0.809627783087928,0.418154135117487,0.600362076787759
"FBgn0027532",280.120200759287,-0.279943116481588,0.0997623122576407,-2.80610092274748,0.00501449840233684,0.0193881484262784
"FBgn0037150",74.1413949628468,0.0691094084934705,0.192799518122548,0.35845218476917,0.720004944705744,0.83605851031301
"FBgn0037151",39.0884437218889,0.26097910836944,0.280963856456142,0.928870751068219,0.352956072651886,0.537348253942991
"FBgn0000100",6463.27889566772,-0.276463988409875,0.0405263459841163,-6.82183359235573,8.98857534643227e-12,1.6203970196484e-10
"FBgn0037153",28.7050033535216,1.73760131422896,0.337670396757949,5.14585030524461,2.66311730476544e-07,2.7443329388824e-06
"FBgn0028500",336.259041190916,-0.266175497110748,0.0920963990652927,-2.8901835447664,0.00385016956492411,0.0154538573973335
"FBgn0015075",126.374931701481,0.13840193812875,0.148367832089234,0.932829820183054,0.350907841928671,0.535239443966364
"FBgn0037156",40.9534520749852,-0.375236571247666,0.261547023892138,-1.43468109735561,0.151377993127117,0.292567470090051
"FBgn0004179",369.481301962309,0.109207502044364,0.0883865352936472,1.23556717866067,0.216619491036064,0.379580463670286
"FBgn0025702",34.7021682608802,0.656230656321042,0.290103120057336,2.26205997436823,0.0236936981014373,0.0701101319400873
"FBgn0011771",513.830867820134,0.204444052323554,0.0786933466737317,2.59798395881158,0.00937728745017941,0.0328793404080856
"FBgn0027086",913.540426772628,0.0531660831325755,0.0601865679114582,0.88335462508494,0.377044698557817,0.561547711156733
"FBgn0004449",633.330196617513,-0.238277005439703,0.0719800065344962,-3.31032208680767,0.000931886724813807,0.00449844322642678
"FBgn0037182",410.827433694266,-0.144762644858599,0.0850605040589716,-1.70187852117872,0.0887781429602498,0.196878268805316
"FBgn0052452",79.6959194269518,-0.217028905863935,0.185858342999128,-1.16771139977802,0.242923196911282,0.412537874137556
"FBgn0037183",18.9033739886517,-0.274281110581686,0.378620256360669,-0.724422705795245,0.468806264312045,0.644590680553326
"FBgn0016034",131.062423196646,-0.131644272961822,0.152829700840307,-0.861378856583499,0.389029417152366,0.572610175837596
"FBgn0037184",38.8998626522487,0.326013472740264,0.274333242649847,1.18838486211596,0.23468181762833,0.402397534181947
"FBgn0037185",42.3460238609587,0.0216924100419843,0.250410454634233,0.08662741367436,0.930967674845279,0.964602479382691
"FBgn0010830",131.634164718829,-0.180438642545341,0.148808248275427,-1.21255807145428,0.225298827551845,0.390923329869633
"FBgn0037188",95.15215056228,-0.112205510396532,0.172827945677901,-0.649232448817329,0.516188140895137,0.686778032083899
"FBgn0052451",362.917012874299,-0.138837212681949,0.089327947647013,-1.55424160454885,0.120126796889115,0.248717473867027
"FBgn0027339",411.309946382106,-0.404385486372149,0.0851930059995317,-4.74669817818581,2.06764131597152e-06,1.85220889772295e-05
"FBgn0053169",16.1138549152903,0.2348179632035,0.410283033535814,0.572331644279419,0.567097315421647,0.725728729353226
"FBgn0053170",101.37548286275,0.29149716793555,0.166019514586083,1.75580062778948,0.0791224571706,0.179801267233159
"FBgn0037199",82.2523572562163,-0.36843701302132,0.185520750039653,-1.98596120888133,0.0470376313379609,0.119988901569623
"FBgn0010348",1313.4399027049,0.230557641496123,0.0558025265476438,4.13167029810513,3.60136730875924e-05,0.000251576283635922
"FBgn0037200",64.7939923617284,0.126761409064594,0.209031857839473,0.606421482231388,0.544234906912471,0.707184152874102
"FBgn0044324",469.257845827711,-0.29258518629996,0.0798212280180296,-3.66550595079635,0.000246850071100233,0.00138163772460955
"FBgn0037202",89.25589662708,0.126010223398573,0.176100693658281,0.715557791288955,0.474264444235636,0.649224919456079
"FBgn0037203",12.1143488515342,0.333347758929572,0.482781764536071,0.690472970224762,0.489896802265084,0.664204815833026
"FBgn0037205",155.197967527355,-0.0810485757017381,0.138797971061681,-0.583931991813631,0.559266068297682,0.718872609020286
"FBgn0037206",146.238512054961,-0.0775493766934056,0.137131714398243,-0.565510152291942,0.571726820909033,0.728828803983878
"FBgn0037207",1017.89638370613,-0.107248176872509,0.059180213903744,-1.81223030127851,0.0699506188994428,0.163195647496613
"FBgn0005629",43.1784330164302,0.220324655752466,0.258957706933022,0.850813278978611,0.39487308401636,0.578844421989276
"FBgn0084015",17.1135245475434,-0.0915264581907073,0.395571245011165,-0.231377935947099,0.817021204699946,0.900433715434634
"FBgn0052458",42.5464422755598,-0.286548414945971,0.252568049417823,-1.13453944632535,0.256568337042346,0.427810183294157
"FBgn0024733",5220.51479263889,1.03080665145559,0.0368438974958516,27.9776766714665,3.03729784592307e-172,2.75824610632889e-169
"FBgn0000258",438.948642798161,0.497219379784877,0.0831942276911879,5.97660911800908,2.27829969689703e-09,3.1171087190126e-08
"FBgn0053217",32.5095265632793,1.82737713265974,0.327838019602975,5.57402443704599,2.4892079449997e-08,2.99405558285146e-07
"FBgn0052350",93.928884534597,0.562479531342068,0.174018709735461,3.23229342521351,0.00122800887956457,0.00574098102318958
"FBgn0037212",14.4269990137792,0.445786222296848,0.45612197688746,0.977339932925088,0.328400889676308,0.509863246122724
"FBgn0010215",649.584173705283,0.622758960973137,0.080659518016271,7.72083662646622,1.15568605611943e-14,2.85580244819989e-13
"FBgn0052230",247.041546254184,0.142394105515438,0.11002136794437,1.29424045688503,0.195582376369439,0.352582125142426
"FBgn0250816",86.9562448050373,0.988810613715904,0.185304903828695,5.3361276106865,9.49525871437693e-08,1.04204009909288e-06
"FBgn0039977",166.573920498785,0.158847419927361,0.130349311149313,1.21862876394801,0.222985126601551,0.38820679241799
"FBgn0040056",198.981584520516,0.485263901838335,0.190473634119754,2.54766967659808,0.0108445101528307,0.0371278823092907
"FBgn0058470",16.5357977332088,0.628760877737252,0.418693230232604,1.50172210185473,0.133168893431401,0.267129597661803
"FBgn0058045",585.082606416098,0.0636819115229004,0.0777391684640256,0.819174076352125,0.412687103130792,0.595347856283797
"FBgn0011288",13.1039374486684,0.456793461310402,0.462818258735384,0.986982368756487,0.323651282078895,0.505010000924221
"FBgn0044510",88.4976241581742,0.42762616369831,0.175813964655445,2.43226506231379,0.0150047222202526,0.0482555586233446
"FBgn0039958",295.196463712028,0.693284934236432,0.103554770504064,6.69486235024997,2.15874736696339e-11,3.69889142004458e-10
"FBgn0058042",621.618089176027,0.330207100495795,0.0797539041691256,4.14032521587357,3.46813778985012e-05,0.000244753653673185
"FBgn0260435",14.4010372256328,0.441446265671874,0.436684397240422,1.01090459943507,0.312062092450887,0.492319457471377
"FBgn0058196",63.3676863556372,1.12426622934303,0.21381701913148,5.25807643334365,1.4557001911534e-07,1.54614939893706e-06
"FBgn0039993",557.806927152549,0.629892002230464,0.0780524082994831,8.07011616878752,7.02313133131433e-16,1.85538360443631e-14
"FBgn0087011",26.737918178427,0.696101932699392,0.320609930605318,2.17118019827127,0.0299175535898348,0.0843753986141886
"FBgn0085734",32.5971587184065,-0.0482682759298928,0.301973216181598,-0.159842904414628,0.873004825733525,0.933202749121799
"FBgn0085814",20.7692300850542,1.4219710986623,0.412218983370362,3.44955267958806,0.000561516159560327,0.0028975698745528
"FBgn0039941",18.8848451261984,0.228159507185651,0.375898770714278,0.606970612731999,0.543870414872975,0.707184152874102
"FBgn0039942",19.9915642216556,0.808665305992503,0.376383585054662,2.14851374529275,0.0316729656429922,0.0881962803358905
"FBgn0039943",136.477109382119,-0.232731788017051,0.148513343322622,-1.56707661958345,0.117096783448578,0.24367231278193
"FBgn0039944",13.3967802182309,-0.126567004228613,0.452655209058232,-0.279610179438653,0.779776596443706,0.876404234709704
"FBgn0003559",475.107888393413,0.146723543667657,0.0794508310287236,1.8467213214499,0.0647875399127531,0.153666822548531
"FBgn0039946",32.945474934252,0.00758239934300315,0.289444301163884,0.0261964022525701,0.979100685485719,0.988763758695266
"FBgn0003256",167.606308978794,0.468069874825511,0.145026007842009,3.22748920549081,0.00124881752785054,0.00581580726912446
"FBgn0085732",73.2560602024434,0.223077662841074,0.19462662796508,1.14618264300966,0.25171958809825,0.422440010980316
"FBgn0058191",437.923307895048,0.266986720556065,0.0856955751289295,3.11552516164786,0.0018361768271746,0.00819399548490385
"FBgn0043842",698.691688517929,0.148086371908893,0.0715130198203529,2.07076099262623,0.0383811372010429,0.102251177765155
"FBgn0085586",46.9195429298586,1.17231760017977,0.422903854338516,2.7720664830862,0.0055701658835011,0.0210766953873102
"FBgn0058263",162.961293591992,0.49197390463848,0.130931944064485,3.75747804062377,0.00017163442326688,0.00100802270415027
"FBgn0085638",136.296801529396,0.137457629306592,0.153576153284095,0.895045398437044,0.370762820100572,0.555711961869384
"FBgn0085786",14.0294242585252,-0.223393935024066,0.451754070221516,-0.494503425092608,0.620950688038455,0.768519037240098
"FBgn0039959",734.628964318685,0.262975442738792,0.122329097286808,2.14973745880125,0.0315759876748207,0.0880274560466509
"FBgn0020660",524.050392644169,0.293104444688339,0.080073419284718,3.6604462168169,0.000251776400590177,0.00140488137502891
"FBgn0260994",612.207581226931,0.474311409256729,0.0734806713719596,6.45491393043705,1.08280424810992e-10,1.73655030077673e-09
"FBgn0046706",93.9300647341972,1.07984929419573,0.191522002560061,5.63825189670876,1.71785097413456e-08,2.11446758262929e-07
"FBgn0013680",19.2110546052326,3.70479242413559,0.596528325488101,6.21058928107763,5.27862750994417e-10,7.66984577194887e-09
"FBgn0013674",1807.61417961444,1.76441159366359,0.0936317690522703,18.8441552639959,3.28162212992247e-79,7.4503077418396e-77
"FBgn0013675",276.319727233329,2.65386802380321,0.129100860064321,20.5565479771474,6.72507360887753e-94,1.80954295438871e-91
"FBgn0013672",21.7955834875275,4.61081995843365,0.702694332978004,6.56162963331879,5.32228765239172e-11,8.74805877706467e-10
"FBgn0013676",538.621141502916,2.87056564727752,0.104614779952694,27.4393890478532,9.29982056826398e-166,6.14210876622162e-163
"FBgn0013684",30.936178101324,0.590632893680589,0.302146042215144,1.95479275303572,0.0506075368938272,0.126955716689798
"FBgn0013682",81.0049833857614,5.27346002896233,0.441298585876471,11.9498684059651,6.50281214070936e-33,4.67751784180728e-31
"FBgn0013678",85.9186533217611,1.95577129639801,0.211049103426653,9.26690170507031,1.91631492399857e-20,7.2134859703884e-19
"FBgn0013679",60.3891890376053,0.931321816709517,0.224782662148783,4.14321019159866,3.42477783376135e-05,0.000242268850655075
"FBgn0013686",105.74976908584,2.06887505731912,0.583475887258689,3.54577644508876,0.000391458148859354,0.0020895984213543
"FBgn0040002",128.48589868168,0.283362487267982,0.14725456251338,1.92430361702534,0.054316537478135,0.134266636535778
"FBgn0058127",205.514391079815,0.781341385121204,0.124425583956547,6.27958784902362,3.39471737682325e-10,5.10613286596706e-09
"FBgn0039997",338.676851242449,0.275376052051283,0.0953514659991035,2.8880106788696,0.00387686710146739,0.0155524237946773
"FBgn0260798",133.972104456147,0.143736557404027,0.149034186925813,0.964453595305465,0.33481856297861,0.517544012774384
"FBgn0040007",1579.06344754451,1.44513514281972,0.0594722958074195,24.2992997529352,1.99401953239134e-130,8.5215011193077e-128
"FBgn0046692",95.3420835940038,0.817923688601577,0.171833630135673,4.75997444711944,1.93617470769932e-06,1.75609353950506e-05
"FBgn0260799",441.984740088219,0.616329564453172,0.0865160936362137,7.12387185492608,1.0493661381655e-12,2.15967280276838e-11
"FBgn0032997",151.597511318531,0.188015906371933,0.138235534812782,1.36011269914476,0.17379426303009,0.323581578911738
"FBgn0040005",197.867644563393,0.598918921778149,0.124078684012266,4.82692838456395,1.38654953411757e-06,1.27671512869001e-05
"FBgn0026401",1198.63171074935,0.787007676970201,0.0636874700967769,12.3573392972636,4.44631099874744e-35,3.40025783220002e-33
"FBgn0039979",8.7654739968674,-0.164574893129439,0.564857641613454,-0.291356407358408,0.770778750829029,0.870243754062015
"FBgn0084049",13.89417718344,-0.185235536253728,0.442242843401291,-0.418854796674788,0.675322254796558,0.807129344034757
"FBgn0039994",264.583019960803,0.707885316424847,0.110267996114155,6.4196806087961,1.36560552525785e-10,2.13357508408566e-09
"FBgn0250830",50.1913241371746,0.224803071868578,0.240268931434895,0.935631046952451,0.3494631836512,0.533708225609832
"FBgn0261387",362.091323404205,0.416856051752882,0.0921375620438227,4.52427915940098,6.06016931735402e-06,4.99886201017834e-05
"FBgn0033000",89.9894012584062,1.22202092281835,0.195985131234783,6.23527364101116,4.50989044728285e-10,6.64591361044826e-09
"FBgn0033005",473.370587478939,0.75615408662753,0.0830372785896157,9.10620024488726,8.53177780813915e-20,3.11474199880055e-18
"FBgn0026238",252.579221329993,0.629504073693668,0.108595781284155,5.7967636150293,6.76068786028389e-09,8.81802465080116e-08
"FBgn0033010",149.951472300089,0.770152002711095,0.143440880710518,5.36912488891755,7.91196174431961e-08,8.78905230466085e-07
"FBgn0053554",1275.32840303046,0.588867574239901,0.0598544626936841,9.83832362264341,7.69828360702792e-23,3.45234755586777e-21
"FBgn0033015",232.990902947259,0.277484194473376,0.112014864317463,2.47720868265264,0.0132414455629033,0.0438469560777018
"FBgn0261403",711.900463575746,0.613469412382742,0.0767133974923906,7.99690057324854,1.27590185617415e-15,3.31050963753758e-14
"FBgn0033017",252.051002104455,0.612586633648238,0.105985560751523,5.77990652032697,7.47421430483168e-09,9.67090452178893e-08
"FBgn0033019",54.9397918781139,0.602221005636203,0.232562784858217,2.58949859928513,0.00961158138703486,0.0335712205657732
"FBgn0033021",512.262510197264,0.675516507723673,0.0786129508801982,8.59294175018468,8.47705178005332e-18,2.55542660506587e-16
"FBgn0259247",282.572152809761,0.102200838064589,0.100212144869345,1.01984483215919,0.307802057075076,0.487291772641192
"FBgn0050440",72.9272989257098,0.400839006979565,0.197956117797475,2.02488819966481,0.0428788455774363,0.111894688620717
"FBgn0050438",70.3289831830316,0.429073016753705,0.20036475224025,2.14145957288545,0.0322369952705572,0.0892197221487992
"FBgn0033027",9.0181697256236,0.290639857637488,0.544103528634553,0.534162787671785,0.593228912426411,0.745899627687414
"FBgn0039969",196.716271046698,1.04174116102325,0.205261170301116,5.07519838990993,3.87091911537914e-07,3.86294332049855e-06
"FBgn0039970",278.975457807773,0.110236516895388,0.105157554536171,1.04829859710622,0.294501055798091,0.472202641883277
"FBgn0033028",508.5916586202,0.160707424533243,0.0810569712440121,1.98264778546256,0.047406785751624,0.120591841206425
"FBgn0027507",258.561529169047,0.173241964025434,0.104596138252119,1.65629407471862,0.0976622798527909,0.212112545031547
"FBgn0033029",827.164470498953,-0.0213614106393682,0.0635168950064721,-0.336310687686977,0.736636591242448,0.84694635610597
"FBgn0033032",107.300079905418,0.648318744185767,0.162513509534067,3.98932215570586,6.62623778784962e-05,0.000433690248006554
"FBgn0033033",540.747846280179,-0.418354318595088,0.0802209957254447,-5.21502276071093,1.83794666043304e-07,1.92679400981905e-06
"FBgn0259979",388.756650669854,-0.0316116206478684,0.0899241390308999,-0.351536539449167,0.725185864928591,0.838776039124572
"FBgn0259978",335.076193261821,0.177269336435375,0.0966192980971547,1.83471977054856,0.0665472213645816,0.156929216532893
"FBgn0022288",156.392197360283,-0.355334448983533,0.138978696653075,-2.55675479437351,0.0105653663959178,0.0363779084674609
"FBgn0085229",82.7742477506967,0.361817171260049,0.184371262424717,1.9624379987515,0.049711512428387,0.12509668783936
"FBgn0033038",187.626453540656,0.188488138693257,0.121889378521937,1.54638690408396,0.122011155021487,0.251179099243725
"FBgn0033039",1267.6516279209,0.0159403156531405,0.052901252509878,0.301322084012359,0.763168902411723,0.864559812259655
"FBgn0025693",272.576204861429,-0.08689274554377,0.102875189462011,-0.844642386547993,0.398310535776452,0.582176144848652
"FBgn0025458",406.826322369053,0.0303071684053397,0.087684912515995,0.345637208679557,0.729615378987031,0.841908470193898
"FBgn0002774",275.964124934474,0.150014404022911,0.101465448661939,1.4784777084338,0.139279959373444,0.274815020328101
"FBgn0004603",594.703379721183,0.119459878370945,0.0717775545972015,1.66430688592451,0.0960511170345274,0.20951132468705
"FBgn0033049",83.3543732165186,-0.51247091551977,0.191030914034353,-2.68265960046452,0.00730392914494723,0.0265846920030269
"FBgn0033050",370.41154898758,-0.108191467355801,0.0922260086263952,-1.17311232446458,0.24075076483908,0.409710542646034
"FBgn0000043",8169.23621057477,0.582821964627216,0.0311846370118831,18.6893938962679,6.03952211740393e-78,1.32960994493756e-75
"FBgn0033051",220.789815833295,-0.132526906981346,0.112359084871633,-1.1794943607164,0.238201380919594,0.406705765541916
"FBgn0033052",1145.88548339655,-0.219744839514155,0.0555480031706154,-3.95594489399034,7.62327335829419e-05,0.00049361034713019
"FBgn0033055",284.238447712223,0.0658852819783506,0.101242495724373,0.650767066802855,0.515196862411312,0.685764969845765
"FBgn0033059",135.264194253988,-0.142800804475437,0.14288378293343,-0.999419259090922,0.317591634067012,0.498552986494564
"FBgn0033060",30.2861869616877,-0.623003679001627,0.305975442570698,-2.03612314036502,0.0417379916269834,0.109626359063642
"FBgn0033062",709.59320104194,0.00756322420242013,0.0729909441163805,0.103618665219084,0.917471974696058,0.958227989673212
"FBgn0000546",251.745889191719,-0.0605466295732282,0.106141364919141,-0.570433870144341,0.568383462657033,0.726546263843321
"FBgn0033065",8.87604760537767,2.24476754898483,0.649138233265048,3.45807323302166,0.00054405347466321,0.00282123375690808
"FBgn0021847",122.504241116863,0.128468192291524,0.157022180165344,0.818153156173524,0.413269739466178,0.59571648759422
"FBgn0033073",777.808406289518,-0.11955439474124,0.0681337450846804,-1.75470164736507,0.0793103541096838,0.180171895749485
"FBgn0033075",201.651942607668,-0.0686013898598212,0.118558974017632,-0.578626716604506,0.562841073656364,0.722062581690533
"FBgn0086655",121.362936352202,-0.055060575990204,0.149314335390639,-0.368756126772111,0.712309509226956,0.830530156072678
"FBgn0004145",5448.26838795133,0.0625046083930689,0.034851871280557,1.7934362229766,0.0729031999327421,0.168407550878019
"FBgn0026761",331.733086317691,-0.348624355155423,0.0984170790692839,-3.54231560672511,0.000396630614252417,0.00211255235523739
"FBgn0042085",718.24320807442,-0.418756422920186,0.0662834481551059,-6.31766201933671,2.65549980555826e-10,4.0700856724432e-09
"FBgn0033079",106.521128661883,-0.86541606738708,0.164033562038555,-5.27584755602435,1.32143906053835e-07,1.41596678094559e-06
"FBgn0029131",300.706469836832,-0.339281328584626,0.101901750547036,-3.32949460400113,0.000870037500366834,0.00424501171266961
"FBgn0050443",64.623300923464,0.0110688698906604,0.205402859295358,0.0538885871824401,0.957023929563222,0.978223750079548
"FBgn0033081",308.013399918171,-0.282024427855832,0.0964055154008207,-2.92539723150976,0.0034401678164343,0.0139546729125601
"FBgn0013732",48.9167888905305,0.32851832471744,0.234475193235417,1.40107923650415,0.161190379867506,0.306637368352299
"FBgn0033083",231.849007486257,-0.045601187176178,0.110158765345863,-0.413958771533112,0.678904300981472,0.809359984678437
"FBgn0000054",176.203806798925,0.0811313626224293,0.126528448171439,0.641210445515785,0.521385963994742,0.690335161002697
"FBgn0033087",83.3147107243498,0.146545316653791,0.186234786696105,0.786884766555032,0.431349325801346,0.612539650497806
"FBgn0033088",78.7724806154687,0.56707816508538,0.187212127198127,3.02906747320509,0.00245309888654523,0.0105081152186032
"FBgn0033089",50.8049855159491,0.257814072428497,0.236857044067592,1.08847965000747,0.276383415536266,0.451523614542607
"FBgn0033092",37.5852926896141,-0.56964842135362,0.273365035589051,-2.08383789875004,0.0371749147221074,0.0996221893973109
"FBgn0259977",13.4143457700612,0.311559914253835,0.451280232444893,0.690391228895407,0.489948191059764,0.664204815833026
"FBgn0259483",353.302646650377,0.0806272659354651,0.0901265364441262,0.894600737103104,0.371000557673248,0.555808574522516
"FBgn0014009",551.616249345581,-0.277893822583694,0.0752968563967557,-3.69064308766637,0.000223687817268272,0.00127258574193735
"FBgn0033095",461.691335069439,0.753026928975118,0.0867272608269406,8.68270163031831,3.86477255856551e-18,1.20231059577263e-16
"FBgn0028579",172.996902145522,-0.0142850228006002,0.126849155467938,-0.112614252321221,0.910336385214198,0.953929588717893
"FBgn0042083",185.263213042608,0.105933783324187,0.122390570361598,0.865538766681203,0.386743147841724,0.570611082264444
"FBgn0027066",1265.85238394424,0.260654101539785,0.053902991379834,4.83561477512545,1.32734758883891e-06,1.22530879706667e-05
"FBgn0033100",60.5123633025831,0.0329417813021808,0.210549586656821,0.156456167049491,0.875673467316073,0.933995409243866
"FBgn0033101",181.284721116064,0.0837402120436414,0.123251411045302,0.679425990610865,0.496867986432486,0.670209045939846
"FBgn0085421",11.1211335947533,-0.22144883443674,0.494359576945321,-0.44795093442932,0.654188607702929,0.792382698001279
"FBgn0014028",563.247135225251,-0.484521997657226,0.0785442871578233,-6.1687745244113,6.88212819337944e-10,9.86166890037508e-09
"FBgn0033104",54.9943910771321,-0.105255931743016,0.223255150364017,-0.47146026226672,0.637312090543015,0.779604704124433
"FBgn0022224",55.1731069390712,0.317048521728022,0.228489208017111,1.38758641810461,0.165263019575854,0.312258995375443
"FBgn0028954",565.216249481626,0.384566762803574,0.073497130840176,5.2324051076203,1.67318553102069e-07,1.76681582599786e-06
"FBgn0033107",168.975363311598,0.0515684156029888,0.127156104683471,0.405552023879291,0.685071785933768,0.813811997400541
"FBgn0033109",590.896078251139,0.0460867774816218,0.0721453378728223,0.638804652392973,0.52295002133435,0.691397980890637
"FBgn0028985",247.149329615171,0.214014825126967,0.107857896403936,1.98422954890075,0.0472302558839949,0.120353493159321
"FBgn0033113",103.178926449225,0.854007823339677,0.168863857836117,5.05737482421191,4.25067258892163e-07,4.22450565779968e-06
"FBgn0033115",48.5954494271497,0.620915611237323,0.238713042242797,2.60109630124769,0.00929263640598584,0.032661346632553
"FBgn0033117",63.4605351965713,0.0560194659761791,0.209236645959361,0.267732574852397,0.788905173761867,0.883362381383126
"FBgn0053558",748.355880143893,0.267019388122146,0.0646880059600283,4.1278036655998,3.66244607728938e-05,0.000255107102123752
"FBgn0033121",111.092408693242,-0.0557190388382023,0.158095706511911,-0.352438659262417,0.724509313595934,0.838280006891934
"FBgn0050157",11.9202533668238,0.350077516185084,0.479197217153879,0.730549977448362,0.465054075728109,0.641103958285525
"FBgn0022960",374.680141917458,1.99889522705093e-05,0.0912718444996745,0.000219004583287243,0.999825259625647,0.999825259625647
"FBgn0050156",43.3421731738014,-0.0632918846211544,0.249893241503272,-0.253275695814789,0.800055175869659,0.889971038538214
"FBgn0033122",139.393139290924,-0.232178175326685,0.147375182450796,-1.57542247931874,0.115158959024963,0.240687525119781
"FBgn0029508",18.9732610588788,0.499541100069346,0.385004265838093,1.29749497445678,0.19446093316398,0.350908762900227
"FBgn0050159",167.460084455867,-0.208745104562062,0.128149882325632,-1.62891374360872,0.103331280222659,0.220989623437626
"FBgn0029507",399.11604905477,0.165648157510146,0.0870386822764587,1.90315562204862,0.0570202418732848,0.139338061624425
"FBgn0029506",3858.90632446595,0.835032184952651,0.0435302937968926,19.1827831176333,5.15460100225436e-82,1.2482725427126e-79
"FBgn0033127",273.109984092058,0.271230699216646,0.103620279509313,2.61754456271534,0.00885649233356044,0.031325422007457
"FBgn0033128",135.810350351269,-0.294152215753321,0.142425195249142,-2.06531025103224,0.038893654255736,0.103356563453282
"FBgn0033134",34.448664209006,-0.229900539130524,0.289705265097456,-0.793567003530936,0.427447548053414,0.608664530891425
"FBgn0016032",107.168395733793,0.859746771850315,0.163009298910492,5.27421918624654,1.33322489224069e-07,1.42649172932674e-06
"FBgn0027558",293.136620740239,-0.0107948742386385,0.106010028656466,-0.101828802193991,0.918892563629053,0.959160125684636
"FBgn0026602",53.3889750699825,-0.110928015506195,0.228861576213124,-0.484694798234262,0.627892856919697,0.773552926152552
"FBgn0033153",73.3878536235194,0.485774451326453,0.19669559187291,2.46967634963739,0.0135235343609065,0.0445773489709555
"FBgn0033155",352.398584973414,-0.255108370221464,0.0929869509071868,-2.7434857013012,0.00607906956285792,0.0227534468697387
"FBgn0260991",587.091246196551,-0.283926454595149,0.0755233606909099,-3.75945206883945,0.000170285896775726,0.0010017222996564
"FBgn0033159",1053.81681030935,-0.12454868238149,0.0569557653957434,-2.18676163011933,0.0287599298815182,0.0817452623588536
"FBgn0000352",232.722928844239,0.126485366796291,0.110458694379454,1.14509199576252,0.252171050832935,0.423099927090364
"FBgn0033160",407.959141885799,-0.312526923564893,0.0856282394202729,-3.64981139027017,0.000262432932457526,0.00145943898794224
"FBgn0033162",289.826680968027,-0.000307536488420586,0.10043025653154,-0.00306218961338614,0.997556730003655,0.99865642048733
"FBgn0033166",253.491534898186,-0.274315558148192,0.108561347679664,-2.52682528368775,0.0115098746205921,0.0389833282604203
"FBgn0033169",255.513285640869,-0.0418439147675571,0.108361373772521,-0.386151571457543,0.699384417677601,0.82310960065196
"FBgn0033170",9.78922815729805,0.385356762557852,0.544681358325721,0.707490272372066,0.479261855714969,0.653636145147173
"FBgn0050502",18.4501523405432,0.227863815183015,0.380271590222446,0.59921335445996,0.54903061848279,0.710619533810345
"FBgn0033174",119.172712880977,-0.520577613490768,0.152614676740125,-3.41105865183082,0.000647111699677999,0.00328300733111778
"FBgn0025885",4122.94083035181,0.287337690051032,0.0373651130058479,7.68999922484006,1.47135918389373e-14,3.5870551916067e-13
"FBgn0033177",311.910953272983,-0.239842329599277,0.0954167210305894,-2.51362996976585,0.0119495738245247,0.0402101222024882
"FBgn0033178",258.405046469354,0.0654489938414227,0.105691993249458,0.619242686500835,0.535756494875798,0.700558668957552
"FBgn0033179",583.350052652097,-0.131413834758186,0.0746025343952036,-1.76151971006812,0.0781504799822501,0.177926429668144
"FBgn0010548",564.659265406649,-0.441657856972207,0.0728824668871815,-6.05986426963116,1.36236461095372e-09,1.89246250450837e-08
"FBgn0259745",481.32268803688,0.0798096561219195,0.0790051844074249,1.0101825180275,0.31240785331474,0.492440999573276
"FBgn0033182",74.8419991630513,-0.555779270195986,0.193024171754175,-2.87932472469715,0.00398527755010494,0.0159170101162795
"FBgn0033183",282.185962485303,-0.0390295440180476,0.102038672972484,-0.382497565688377,0.702092334185744,0.824155890751241
"FBgn0015929",479.791448054672,-0.0993230421646725,0.0794939625509521,-1.24944132834001,0.211503700334316,0.373317391382119
"FBgn0261397",522.749267908793,0.201748378438266,0.0778399330217723,2.59183648554574,0.00954651336060321,0.0334242985854373
"FBgn0033184",95.7679680821381,0.123571379823322,0.168235229398929,0.734515477316004,0.462634630758284,0.638899715998075
"FBgn0025185",82.0671382031115,0.0616769802372597,0.188295688343909,0.327553863711478,0.743249010363013,0.850947947836346
"FBgn0033185",84.899448608587,0.0964158625164874,0.178086456553345,0.541399185443428,0.588232468528594,0.742444211928463
"FBgn0033186",23.5674517939422,0.20136152085341,0.347919401694454,0.578759103035731,0.562751729926873,0.722062581690533
"FBgn0033187",174.1410874803,-0.027803744762097,0.1288845649752,-0.215725946450198,0.82920137504634,0.908071750031905
"FBgn0022772",109.475278046049,0.16996095827519,0.161936899619914,1.04955052661937,0.293924813322697,0.47179933026721
"FBgn0033188",338.460191178079,-0.500034312756301,0.101144907757404,-4.94374184368859,7.66371737884016e-07,7.29710442428227e-06
"FBgn0033189",457.006568200231,-0.232935634470678,0.0816685305782717,-2.85220797804647,0.0043416683902152,0.0171238984011474
"FBgn0033190",12.9955799646359,-0.0808789576194067,0.458069053542166,-0.176564989479172,0.859850096300174,0.925453474017891
"FBgn0033191",159.593935016444,0.132498119538749,0.134937078327972,0.981925214185421,0.326136692904608,0.507253922918428
"FBgn0033192",90.4131567448908,-0.774034341404111,0.185299156921,-4.17721458783598,2.95100598677565e-05,0.000212900282958541
"FBgn0050499",190.055260393649,0.356900560775656,0.12119751363706,2.94478450972546,0.00323179662652141,0.0132649731591402
"FBgn0004132",174.273604634835,-0.273943100719384,0.128757545214701,-2.1275887192676,0.0333711983450504,0.0914529445404719
"FBgn0033194",1015.51382355534,0.146751724588957,0.0607395481792687,2.41608192665228,0.0156885309650335,0.0500502801118147
"FBgn0004133",314.075039219807,-0.364805303749697,0.0983934286043503,-3.70761857701509,0.000209217459663279,0.00119588107352771
"FBgn0033195",28.2528298234455,-0.333478469314868,0.311347465521439,-1.07108136806691,0.284132845041429,0.459943208383685
"FBgn0261385",1098.64635694106,0.00331732293941096,0.0572339576575393,0.0579607469967434,0.953779895294277,0.976270294960715
"FBgn0033196",437.771070146724,0.159270222832825,0.0834513173078249,1.90854054760249,0.0563213876771437,0.138234757254881
"FBgn0050492",394.447615442473,-0.0989107342989859,0.0871707998341158,-1.1346773746164,0.2565105205283,0.427810183294157
"FBgn0027604",98.3242499831615,-0.250640701530452,0.171776249934557,-1.45911149897579,0.144534421822621,0.282421348720102
"FBgn0033199",64.2620604277942,-0.162971934737203,0.208440763553293,-0.781862107771135,0.434295616032411,0.614681015093603
"FBgn0028687",749.112484613331,0.00906364999794705,0.0677735831342288,0.133734260146701,0.893612712817034,0.942787347440948
"FBgn0050491",15.1045697899669,0.100321410141899,0.437283724309113,0.229419492574076,0.818542887263766,0.901153822696054
"FBgn0033204",87.7859615359124,-0.218386026842872,0.176215175765008,-1.23931452495386,0.215229041695265,0.377690576791328
"FBgn0033205",499.637782883198,0.481775919531965,0.077545447243768,6.21282018037084,5.20419935363822e-10,7.59206994059873e-09
"FBgn0033206",112.77652662035,-0.131354208725222,0.156265998509278,-0.840580868380162,0.400582780271527,0.583330105967658
"FBgn0033208",75.5661619989873,0.274759203356373,0.187822071839459,1.46286962264597,0.143503057599292,0.281238120706463
"FBgn0033209",108.587134056872,-0.161247690980726,0.157349032892108,-1.02477713410092,0.305468357930478,0.484759200603959
"FBgn0033210",120.764868552627,-0.232816392148184,0.152726884165174,-1.52439692213189,0.12740958850908,0.258990112064485
"FBgn0033212",654.422797094505,0.365018212633378,0.0684504729050817,5.33258861687542,9.68224923589261e-08,1.05936055269217e-06
"FBgn0050493",27.6769790968931,0.427157831762452,0.316926288837463,1.34781445026014,0.177718069035506,0.328864434931979
"FBgn0050496",81.9396830902677,0.0981725869373324,0.180390621537153,0.544222233399828,0.586288553847266,0.740634036463291
"FBgn0042135",422.307299728817,0.0792919709299182,0.0841371209602781,0.942413646021388,0.345980903451174,0.530061422094639
"FBgn0050497",1676.22387238544,-0.153676718994342,0.0501470970682312,-3.064518745427,0.00218020511006539,0.00947319983530208
"FBgn0015614",284.524078141656,-0.0857558608785375,0.10216740366809,-0.83936615593298,0.40126386964592,0.58397075580481
"FBgn0001091",978.613707776327,0.561362838612923,0.0650636270105949,8.6279057040812,6.24855610083917e-18,1.89940418713793e-16
"FBgn0002891",292.309583644395,0.308531958838547,0.0984147987900021,3.13501589833958,0.00171844798136367,0.00774474229814333
"FBgn0033224",408.875908919683,-0.43755304418903,0.0876702697830386,-4.99089423668778,6.01004006241583e-07,5.81397350911465e-06
"FBgn0003317",395.208628949136,0.720490659415495,0.0865505531519032,8.32450669784832,8.4680642554691e-17,2.3937932613223e-15
"FBgn0033225",172.565946965874,0.111078640640411,0.128442904647636,0.864809472700247,0.387143371057085,0.570737944547428
"FBgn0033226",328.956099288711,0.075438078398731,0.0965424492074675,0.781398017328277,0.434568436873419,0.614947349802374
"FBgn0029093",2963.39001216134,-0.0722804382595703,0.0400689106344653,-1.80390325354636,0.071246474855555,0.165422064501632
"FBgn0050383",22.7692300060619,1.10335535780704,0.363175657435733,3.03807630059096,0.00238093661281381,0.0102291570030115
"FBgn0003082",145.787798463711,0.265787715294442,0.137074966435897,1.93899529728309,0.0525019107941564,0.130536064996422
"FBgn0026781",13.8766997256447,-0.352276746352839,0.440653399449781,-0.79944179891204,0.424034281652226,0.605162932388538
"FBgn0040780",12.6600433767645,0.135976219658311,0.478273226453145,0.284306568165451,0.77617545307839,0.873943324727459
"FBgn0085390",11.0889810280142,0.0525750878172157,0.485514402735249,0.108287390695359,0.91376772456524,0.955784646232284
"FBgn0033232",122.591440502808,-0.132960454617683,0.158914868952645,-0.836677244199878,0.402774013515786,0.585113618914654
"FBgn0015509",899.218740773472,0.012210686868988,0.0602768145505336,0.202576844181954,0.839465790394864,0.913255311054011
"FBgn0026393",40.602457107332,0.135865265620867,0.260323997716535,0.521908340424341,0.601734150929185,0.752556138147793
"FBgn0033233",51.8676127872252,-0.0735391327582287,0.227701408705868,-0.322963011850411,0.746723254476028,0.853247002794643
"FBgn0050381",31.0753220849653,0.102996812165623,0.291048963577783,0.353881391294137,0.7234277734027,0.837643312290788
"FBgn0023171",127.33527681553,0.32830599638021,0.148621390843878,2.20900904315372,0.0271740119109529,0.0780313029774991
"FBgn0026722",163.658462908738,0.150956414201666,0.130521510224415,1.15656349625526,0.247450743468465,0.417494113167301
"FBgn0033235",350.805516944055,-0.213450290781231,0.0917825315357465,-2.32560910240418,0.0200394135489949,0.0607876156298322
"FBgn0033236",234.066128532918,-0.04977524168886,0.1130483454013,-0.440300488363339,0.659719487074848,0.795919615965657
"FBgn0085459",64.3556306610568,0.751313828994835,0.214682590392989,3.49964954130426,0.000465870211834225,0.00244019256595216
"FBgn0085460",47.0825863867376,1.42629257792958,0.260032218344012,5.48506099364445,4.13326781853981e-08,4.80451051227067e-07
"FBgn0033240",40.9712378222925,0.172863886764304,0.25907824454719,0.667226563413037,0.504627426067676,0.676530402358676
"FBgn0033241",582.501743456067,-0.0628730438122882,0.0719796166134566,-0.873484005200078,0.382399320648179,0.566618614013669
"FBgn0026361",74.8316801220018,0.260580099918115,0.192127074617426,1.35629036374492,0.175006800272324,0.325006238235796
"FBgn0027548",346.982521991942,-0.194841434470742,0.0907168373717866,-2.14779791839766,0.0317298124672399,0.0882868968113741
"FBgn0033244",231.620120852114,0.129008792698293,0.110543705350288,1.16703879510365,0.243194702872061,0.412709534306359
"FBgn0027054",154.530383497643,-0.143003220506015,0.137928307548093,-1.03679384636945,0.29983194403025,0.478427206979962
"FBgn0033246",1752.75329939702,-0.188064182697291,0.0480997084305702,-3.90988196880141,9.23412306485462e-05,0.000585391833038122
"FBgn0033247",165.951182124922,-0.0737085297507093,0.131201671227108,-0.561795662062268,0.574255247995657,0.730276249375784
"FBgn0040778",10.5119895748694,0.729316164686724,0.522844584814671,1.39490048452016,0.163045851006643,0.30927626829328
"FBgn0020279",2357.3199808103,-0.305490246906249,0.0490187631680293,-6.23210842466736,4.60198767508978e-10,6.7542303958641e-09
"FBgn0021814",168.111243769558,-0.287464200031021,0.128464741257678,-2.2376894797493,0.0252413117785924,0.0735572122228134
"FBgn0025469",60.5769447312247,0.413502057115395,0.214009401069788,1.93216772276538,0.0533388076721101,0.132303891121724
"FBgn0028563",266.485304783823,-0.400736103454956,0.105524505231029,-3.79756439111092,0.000146124825002553,0.000883192057939726
"FBgn0033258",16.9243424143367,-0.0926546385446024,0.407185718595689,-0.227548841506897,0.81999699509247,0.901699667479325
"FBgn0033259",273.696992918983,-0.0797863422618497,0.100700320644671,-0.792314679348265,0.428177214483098,0.609584060987597
"FBgn0033260",413.585376799381,0.0566281735442664,0.0857382347797814,0.660477483467158,0.508947463307786,0.679938087703396
"FBgn0033261",78.4072787821229,-0.262334581376608,0.186030070755726,-1.41017299144651,0.158488608739488,0.302925478161637
"FBgn0050372",425.441628839495,0.141498187800945,0.0833232991014087,1.69818273312408,0.0894732784271787,0.198149519862597
"FBgn0033264",249.796486352455,-0.105335938936971,0.105635037443097,-0.997168567235211,0.318682695417449,0.49994165022841
"FBgn0033265",109.262864758545,0.181794999558132,0.159490781582587,1.13984643973919,0.254350282322552,0.4255768772624
"FBgn0033266",174.728547202682,-0.316013874312939,0.130997122888898,-2.4123726334124,0.0158490738931496,0.0504572838885766
"FBgn0005648",459.271340559591,-0.0852575859383796,0.0807584109048752,-1.05571153497317,0.291100025562437,0.468196078306642
"FBgn0033268",22.7784667071574,0.655920191820418,0.358375499907579,1.83025957965757,0.0672111324559526,0.158124636428917
"FBgn0033269",523.788440320858,-0.532984596027431,0.0771107238569225,-6.91193869501698,4.78074469719126e-12,9.02132733119337e-11
"FBgn0010504",190.994425124173,-0.0714890614371876,0.121020206601995,-0.590720041259695,0.55470801740398,0.715545764637769
"FBgn0033272",209.751320255352,-0.146890150264849,0.118045098827969,-1.24435619710833,0.213368496624977,0.375350115051077
"FBgn0050373",59.6482456765431,-0.144214097748896,0.229375833491855,-0.628724027084648,0.529529745274093,0.69642172328318
"FBgn0021995",335.479283628955,-0.215926497453503,0.0955280193783426,-2.26034726626455,0.0237997066064596,0.0702865319089142
"FBgn0033273",31.7137232085547,0.460064724978243,0.307523329892081,1.49603194378681,0.134645331079956,0.26940190864662
"FBgn0011659",155.792304905008,-0.309675108054371,0.132591431361957,-2.3355589789886,0.019514238639125,0.059492632695444
"FBgn0033274",12.0130673054267,-0.240925516407489,0.480597728216218,-0.501303901917526,0.616157259621381,0.764376259172152
"FBgn0053087",1355.9865569014,0.0252069403212575,0.0512025823248683,0.492298223580314,0.622508535756699,0.769791406344241
"FBgn0013726",645.135265325144,0.0503229992483492,0.0715320430977056,0.703502892817042,0.481742404605729,0.656018476000117
"FBgn0028836",146.987610987747,0.0496253064931729,0.140799848131432,0.352452841048872,0.724498679577577,0.838280006891934
"FBgn0033292",24.3526674059034,-0.389373876626851,0.331196366523869,-1.17565866049074,0.239731304323845,0.408454016396044
"FBgn0014469",267.719605232045,-0.173915719018043,0.104947369955743,-1.6571708189675,0.0974849444567469,0.211917451070696
"FBgn0033302",223.946858172152,-0.224876645063534,0.111702503700212,-2.01317461663222,0.0440962626165318,0.114250837342762
"FBgn0033304",192.65069581549,0.228394312026257,0.121657423099344,1.87735615474736,0.0604692965517021,0.145701384373882
"FBgn0033308",11.9631513062686,0.125726455234617,0.478124279839009,0.262957688065853,0.792583191720524,0.885578831322711
"FBgn0033309",163.028613792163,-0.0284599582143159,0.131068263907588,-0.21713843890068,0.828100458606209,0.907139600689703
"FBgn0033310",319.124880847857,0.291217424842275,0.100153948404819,2.90769789389813,0.00364099891982871,0.0146710244883836
"FBgn0033313",768.572451594244,0.173039617161329,0.0653724220391865,2.64698188874818,0.00812137024448664,0.029136669049973
"FBgn0022027",92.7002638315539,-0.226186328990079,0.17163125370977,-1.31786212651317,0.187549806083001,0.342091222995983
"FBgn0033315",38.2069242581141,0.151018579551479,0.27317109719785,0.552835131903065,0.580376309377725,0.735600369585678
"FBgn0033316",131.961750769073,-0.0564959484152784,0.154837224307312,-0.364873167082538,0.715206085026292,0.832421052181353
"FBgn0033317",277.470888447542,-0.157711598392288,0.103567121282626,-1.52279600358792,0.127809750135331,0.259585640126692
"FBgn0003892",225.614529139793,-0.249484027360923,0.112780473765582,-2.21212076019014,0.0269583220433701,0.0775652315426074
"FBgn0010609",1310.52766815483,0.112186933818041,0.0513472993361116,2.18486532434126,0.0288987226407696,0.0819473926562025
"FBgn0040777",1330.20800091694,0.00913654091797479,0.0527174902469587,0.173311378731689,0.86240668010098,0.926969156818112
"FBgn0050357",14.4413434725735,0.00478878767073447,0.44076947153282,0.0108646083270717,0.991331467295515,0.994243147641081
"FBgn0005695",75.0387979381137,0.0052810521197956,0.191209377884908,0.0276192108264394,0.977965859485773,0.988361214348143
"FBgn0086784",230.35020950122,-0.0798303276205769,0.11140022851322,-0.716608293232572,0.473615825854157,0.64908865776843
"FBgn0027585",13.1643007597144,-1.1586673072401,0.467606737263134,-2.47786700855015,0.0132170399792195,0.0438455686981872
"FBgn0033337",40.1982466747602,-0.0408594296017315,0.25706757321059,-0.158944316046658,0.873712745317305,0.933733906256285
"FBgn0021825",405.844233712085,-0.0683275507608536,0.0886862206446743,-0.770441566504579,0.441038004599643,0.620236373096478
"FBgn0033339",1213.34019451483,-0.130368625574471,0.0531769026556858,-2.45160246392297,0.0142221688484084,0.0463544444520802
"FBgn0027513",80.3939061790185,-0.241256698204409,0.186643839880449,-1.29260466543628,0.196147825193267,0.353338445333271
"FBgn0033340",198.937078063466,-0.343356044106018,0.121818343200968,-2.81859065789109,0.00482349876479973,0.0187695332224264
"FBgn0033341",107.656576048559,-0.377250488559392,0.159251003454923,-2.36890493858757,0.0178408383375927,0.0553195435435814
"FBgn0004921",652.195579810986,-0.154983586143799,0.0702556633422926,-2.2059942041783,0.0273844055199321,0.0784184888065851
"FBgn0033342",1558.57421596374,0.192016617642468,0.0480423781224548,3.99681750043761,6.41997564572339e-05,0.000422473940816852
"FBgn0050349",361.017899149596,-0.443555211284812,0.0913269779870502,-4.8567818738917,1.19308897869401e-06,1.10841322636982e-05
"FBgn0003074",564.71954027248,0.4638239393608,0.0756167204841999,6.13388066013411,8.57608626547419e-10,1.21452761634834e-08
"FBgn0002552",235.622870186712,-0.135492397943559,0.109398204564294,-1.23852487783682,0.215521503421133,0.377929935398149
"FBgn0033348",55.5157320051515,0.118682294013663,0.219087232227589,0.541712507876202,0.588016571823982,0.74230067668136
"FBgn0033349",306.676178571568,-0.0999231679817722,0.0966223474132091,-1.03416208213662,0.301060397201027,0.47996571991781
"FBgn0033350",140.148149789032,0.0179824249384253,0.141375845127624,0.127195879339869,0.898785366702859,0.945918541083047
"FBgn0033351",143.429826876869,0.0904141731067156,0.146730104185889,0.6161937497991,0.537766653058339,0.702170153570963
"FBgn0033352",573.740017743986,-0.0624984539695272,0.0778203525212493,-0.803111935948395,0.421910039428264,0.603618833486873
"FBgn0033353",10.690784347924,0.0445015627979153,0.499497899227053,0.0890925925149618,0.929008324302011,0.963352194697989
"FBgn0033354",211.282709731799,0.039314853626617,0.115697161855738,0.339808280480021,0.734000911680651,0.845250523309313
"FBgn0027607",569.313067424223,-0.258911925896329,0.0729346672267014,-3.54991577724703,0.000385354415288221,0.00206156099195061
"FBgn0033356",283.470785471911,-0.477561991569068,0.102315966458567,-4.66752167915509,3.04854591899438e-06,2.65878584651791e-05
"FBgn0033357",165.87414067851,0.658853865996041,0.133157003578185,4.94794752278417,7.50001212941392e-07,7.15999843892143e-06
"FBgn0011300",393.2028647036,-0.155274132536386,0.0898328586366121,-1.72847814143924,0.083902536607478,0.187843429415509
"FBgn0033359",98.6876131496035,-1.3428069007261,0.189485031531724,-7.08661201294567,1.37434984284869e-12,2.7735143356377e-11
"FBgn0033362",27.4434816822868,-0.633417811491987,0.319909950508591,-1.97998783871831,0.0477048952174994,0.121204226256907
"FBgn0033363",16.3144775277455,-0.548821269369149,0.403796650554543,-1.35915260469704,0.174098236330068,0.324015722899138
"FBgn0033364",25.981243925157,-0.659494481456438,0.330188343921934,-1.99732817222755,0.0457895449008834,0.117465057805409
"FBgn0033366",13.9747770409579,0.628710966183947,0.45000528336038,1.39711907711193,0.162377765951132,0.308411626048359
"FBgn0033367",4032.85404970176,0.8557629423352,0.0407808235786373,20.9844448257657,9.09791995771785e-98,2.64385553971281e-95
"FBgn0033368",21.6032404302595,1.20932654650237,0.370171624894079,3.26693475451664,0.00108718733464118,0.00514890220741081
"FBgn0033372",10.1605846556362,0.757414161740001,0.526229626886738,1.43932253723719,0.150059160292501,0.290783664516549
"FBgn0010220",188.576816584792,-0.162972736807337,0.12472301871227,-1.30667729573887,0.1913223327438,0.346622630270252
"FBgn0033373",108.256931021327,-0.327932251695769,0.159363949085246,-2.05775681123686,0.0396134838171882,0.104956951105716
"FBgn0083124",26.3367899831664,1.47397560949991,0.340715278423568,4.32612125972086,1.51757901989934e-05,0.000115932824180534
"FBgn0033375",43.0558076054597,-0.302884058267863,0.256323733086295,-1.18164656319941,0.237345969604969,0.405817479213956
"FBgn0033376",117.953348266517,0.278702059306597,0.154559106061251,1.8032069828105,0.0713557142478656,0.1655698703324
"FBgn0015838",495.061179005689,-0.0060689858886396,0.0776530222771153,-0.078155179420855,0.937704614551177,0.967721336535846
"FBgn0033377",533.851267496877,0.0504349481645246,0.0757863384839259,0.665488651034668,0.505738000021718,0.676770412628067
"FBgn0033378",240.913181833731,-0.0223955088907696,0.116310823732855,-0.192548794445889,0.847312350456515,0.917395562752099
"FBgn0033379",217.457690102255,-0.0634313500787778,0.115561535979327,-0.548896737493392,0.583076317248745,0.738116299845292
"FBgn0033380",111.850565656978,-0.421479031081237,0.160543792903359,-2.62532125010245,0.00865672488294891,0.0307477435217368
"FBgn0003612",488.436276016027,-0.119449208373503,0.0791393613182697,-1.50935269610178,0.131208674796007,0.263760659212227
"FBgn0033381",57.3408601663452,0.268321104519307,0.227890274000618,1.17741358509482,0.239030470188966,0.407585760782428
"FBgn0027561",494.754341481814,-0.431829073621291,0.0823640261864515,-5.24293303296925,1.58043911980201e-07,1.67618835114768e-06
"FBgn0033382",93.4369450287447,0.367349396553533,0.175121373782256,2.09768452941839,0.035933022400759,0.0967939961963345
"FBgn0260972",201.432627191195,-0.309369403909671,0.116664909749252,-2.65177768169194,0.00800692435447066,0.0287943528177895
"FBgn0028955",14.7814501228946,-0.695694840576253,0.430004031655554,-1.6178798089352,0.105688502421055,0.224839522720049
"FBgn0086656",648.13474525203,-0.169862446589736,0.068745671933264,-2.47088204701284,0.0134780266077311,0.0444676945073415
"FBgn0050342",128.101205559857,-0.304810142314208,0.145982055727793,-2.08799732812762,0.0367980757023395,0.0989041879310013
"FBgn0050344",179.757798210575,-0.232135636242323,0.126968749437871,-1.82828953793794,0.0675061091411611,0.158715819712147
"FBgn0050345",14.953678766569,-0.315037666890438,0.428227191958345,-0.735678800427702,0.461926194094998,0.638429153071061
"FBgn0033387",24.9735852110626,-0.242540270738723,0.336122653413917,-0.721582637395307,0.470551117103251,0.646428717083361
"FBgn0033388",45.4345008545471,-0.178380548275398,0.24304054881089,-0.733953857280813,0.462976861055885,0.639210736520525
"FBgn0259728",21.9307559422754,0.491596278528017,0.366051774183323,1.34296925516831,0.179281929361073,0.330959845838899
"FBgn0015477",1071.77299128576,-0.17751535940315,0.0570120123348133,-3.11364837221776,0.00184789572111412,0.00822607991047431
"FBgn0002567",12.1793046166362,0.650333806436095,0.494638983020527,1.31476456316648,0.188589040510412,0.343469385637539
"FBgn0033391",415.176177701435,0.00559882163743428,0.0839029894719115,0.0667297038243032,0.946796886775543,0.972899606291106
"FBgn0033392",41.7882594563706,-0.036315814910963,0.260563027260603,-0.139374397406896,0.889154302789599,0.940688220440722
"FBgn0033393",781.906721393661,-0.0352806480139945,0.0632872119402722,-0.557468830311104,0.577207149566927,0.732725031853049
"FBgn0015037",46.0541221985154,0.0124442619556878,0.250622533580251,0.0496534041768557,0.960398588703731,0.978444363714638
"FBgn0033397",20.9042485749144,0.188768877119833,0.357883982143377,0.527458300841771,0.597875366498637,0.749407270119496
"FBgn0020621",477.968912917406,0.188983209421956,0.0811388740902522,2.32913275591853,0.019852033880411,0.0603451992222536
"FBgn0083977",73.9667691136706,-0.169787877921299,0.193571725382372,-0.877131603729358,0.380415160639157,0.564639636488443
"FBgn0033400",145.941839923968,-0.0798431722482236,0.139067448759155,-0.574132717329852,0.565877995067848,0.724678941330499
"FBgn0033401",108.148320780668,0.182946583644458,0.161133774442687,1.13537080774788,0.256219985652738,0.427537589204101
"FBgn0026326",158.46188249264,-0.0765966185039469,0.135414507358329,-0.565645587006862,0.57163473156846,0.728828803983878
"FBgn0028408",12.4813199093459,-0.243179609395232,0.460727474255725,-0.527816600883358,0.597626633818979,0.749224761811024
"FBgn0033402",301.320434838501,-0.575952114468821,0.099165341483157,-5.80799809544996,6.32242356755889e-09,8.27610940870546e-08
"FBgn0010549",106.33072775848,-0.25304454641885,0.158540948471897,-1.59608321293539,0.110470216101979,0.232897887400139
"FBgn0028473",5496.20633446894,-0.694467682633393,0.0339681179037536,-20.4446912425681,6.69807892147007e-93,1.73791226301715e-90
"FBgn0016970",31.2366590886887,0.544423570942787,0.299930817618628,1.81516382766322,0.0694987367249023,0.162611375944095
"FBgn0053774",25.9304857002231,0.676217310032123,0.332517055321824,2.03363195724698,0.0419887172396614,0.110165413776143
"FBgn0016078",97.7579469667447,0.334171260866447,0.165673790234576,2.0170436156093,0.0436909619120889,0.113524620275868
"FBgn0041087",360.393572146228,0.989387071334114,0.0932034748996383,10.6153453226877,2.52857725603218e-26,1.3507436591966e-24
"FBgn0033413",242.6593418739,0.00326592859259985,0.108666608034668,0.030054573816806,0.976023529191786,0.987741912689918
"FBgn0017558",200.48139396998,-0.180277264522287,0.116975121828714,-1.54115902342265,0.123278087629108,0.253147290091342
"FBgn0029092",2341.05876975732,-0.562067688570568,0.0423035543852899,-13.2865357707629,2.77113829045197e-40,2.68430929068447e-38
"FBgn0259234",182.779845734399,-0.0552462474673917,0.12483181182768,-0.442565453937772,0.658080076943485,0.794995274106002
"FBgn0259246",81.8639503446716,0.707149470437319,0.185988416000603,3.80211566743505,0.000143465715999178,0.00086856535561169
"FBgn0033421",152.766052238651,0.458432008013184,0.137729720561511,3.32849007566559,0.000873181159543675,0.00425749068730523
"FBgn0033422",9.67926369028191,-0.492307127091187,0.526637657656106,-0.934811857705518,0.349885267584907,0.53401606491688
"FBgn0085436",4201.94406027565,-0.271622836356832,0.0376932310752748,-7.20614361274549,5.75586976343911e-13,1.21913684639607e-11
"FBgn0033426",100.322769425934,-1.07698326904023,0.180664977467666,-5.96121774201078,2.50365084419557e-09,3.39347451176881e-08
"FBgn0033427",54.478847723237,0.444223557310556,0.2286164102327,1.94309567217156,0.0520045998443187,0.129699079254712
"FBgn0033428",220.092172807742,0.203048528224118,0.114258066539411,1.77710453514528,0.0755510421491501,0.173147735398604
"FBgn0033429",22.267858822257,0.889638771177488,0.352189624715234,2.52602208794996,0.0115362227930014,0.0389998411312959
"FBgn0025286",5203.94109069261,-0.130856631414768,0.0351561324929854,-3.72215662348177,0.000197528429435913,0.00113802065016012
"FBgn0261016",15.0143673316216,-0.126769848631857,0.441306976684094,-0.287260014750694,0.77391323656428,0.872513914282975
"FBgn0033431",86.4179137064332,0.0412477631482146,0.178242678707931,0.231413505717131,0.816993573853369,0.900433715434634
"FBgn0010342",258.048724091094,-0.0246974846963231,0.110114040047131,-0.224290060429642,0.822531609837301,0.903608542067118
"FBgn0050338",18.2810666002581,0.162250583468354,0.384350865457415,0.422141844991709,0.672921486398851,0.80524248335475
"FBgn0033434",284.798504580065,0.120378466963874,0.0992763896869377,1.21255887067892,0.225298521822051,0.390923329869633
"FBgn0050340",47.7794192754454,0.138783380218523,0.23562804255148,0.588993477668099,0.555865648939192,0.716190493785588
"FBgn0050339",127.232285459856,0.309371272003155,0.156819262363663,1.97278872085067,0.0485196387550521,0.122735088981704
"FBgn0050000",207.357042664322,0.53228998303564,0.118262996457083,4.5009005266394,6.76661693424024e-06,5.54221781592507e-05
"FBgn0050005",59.1694535465139,0.291376411981776,0.222508637877857,1.3095060702395,0.190362982892218,0.34563367892581
"FBgn0033437",13.5224039577932,0.173977401744083,0.4487338783059,0.387707303047629,0.698232650685709,0.822149142176933
"FBgn0033438",390.349476959661,0.477145157058461,0.0866719797643142,5.50518354785427,3.68783839153328e-08,4.30741895731339e-07
"FBgn0023143",2372.59356915084,-0.00236544870582048,0.0428514988746201,-0.055201072726571,0.955978274328304,0.977368725442601
"FBgn0010316",156.003687891138,-0.674488388503914,0.136022479664174,-4.95865382081814,7.09833239241673e-07,6.80334892228332e-06
"FBgn0005614",21.8447547788599,-0.508276422803286,0.351037347619854,-1.447926912192,0.147637492173444,0.28694160801905
"FBgn0033446",23.3777734696571,-1.10795025631858,0.36378599013658,-3.04561001896366,0.00232208805858095,0.0100180753272596
"FBgn0050001",28.9707435527385,1.36875291569055,0.336150445778994,4.07184620124068,4.66419736991632e-05,0.00031817271260509
"FBgn0033448",178.777295843617,-0.327240375055171,0.126316193516873,-2.59064468255577,0.00957963436517856,0.0334918400688269
"FBgn0033449",28.8298833634858,-0.457573343918948,0.313580512917433,-1.45918934713723,0.144513000025721,0.282421348720102
"FBgn0033450",18.0440265507519,0.359792382051044,0.396190813531145,0.90812903722908,0.363810050670768,0.548778015606439
"FBgn0033451",92.8666499394001,0.411012638546763,0.17511415685666,2.34711256887813,0.018919537821188,0.0581185802414085
"FBgn0033452",235.302403865833,0.407956855966234,0.112182904009134,3.6365332094899,0.000276332031545245,0.00153131366069886
"FBgn0033453",263.310513972526,0.328699765378649,0.106431027656189,3.08838289563893,0.00201248991317714,0.0088449723044355
"FBgn0023180",55.9899559921499,-0.013729146712082,0.223470606104188,-0.0614360293347981,0.951011959280111,0.974760423838884
"FBgn0023175",355.053342442349,0.233815476458976,0.091315789363573,2.56051530724924,0.0104517059016915,0.0360549113845152
"FBgn0033454",201.574110944381,-0.0965098020711129,0.117447931169366,-0.821724155634049,0.411233908055539,0.593991072713173
"FBgn0027580",280.102359068565,-0.777692737733284,0.109628635972678,-7.09388318876016,1.30400209322228e-12,2.63887888781612e-11
"FBgn0011241",42.5986123484261,0.337191067459846,0.270724760899069,1.24551247673114,0.212943432162181,0.374765996767986
"FBgn0033457",66.1963001468996,0.51552145434479,0.212797334637763,2.42259356876975,0.0154101566676365,0.0494281625564589
"FBgn0033458",13.217173579661,0.900261215167726,0.465558371602265,1.93372361035929,0.0531471193156006,0.131914527443744
"FBgn0033459",28.4462147852168,0.399103098075072,0.308349750951469,1.29431950842693,0.195555080691304,0.352582125142426
"FBgn0033460",714.924176800715,-0.157538406401389,0.0681544980755652,-2.3114894959203,0.0208058326960455,0.0627196574841372
"FBgn0033463",495.246863439831,-0.0353490477458644,0.084112606581057,-0.420258617378591,0.674296537408987,0.806646524662652
"FBgn0050007",231.9713395314,0.0622188831750113,0.114555499987131,0.54313309428182,0.587038168122566,0.741452067352303
"FBgn0033465",151.301012060097,-0.31428316366799,0.140589955629344,-2.23545958358915,0.0253871921565947,0.0738934098628447
"FBgn0011656",232.726935487286,-0.121162524106481,0.112035575539006,-1.08146473585345,0.279490438921097,0.454962589908531
"FBgn0033467",10.0806696126888,0.712005106050442,0.555943559689713,1.28071473019281,0.200293883941796,0.359115268222395
"FBgn0033466",172.869326251203,-0.426367678761228,0.128351634192762,-3.32187183624711,0.000894157548529544,0.004348095441812
"FBgn0033468",164.662166141084,0.00288648006280207,0.129268892386539,0.0223292704804103,0.982185300232615,0.98981498213205
"FBgn0033469",34.1914887194603,0.313838849443102,0.28604235641381,1.09717614334389,0.272564399782668,0.447296219656897
"FBgn0027619",723.178595589354,-0.0569191863654276,0.0676624304768503,-0.841222905596063,0.400223070713971,0.583330105967658
"FBgn0033471",106.69617095087,-0.116500712954336,0.161955852994517,-0.719336231449941,0.471933777171396,0.647516315609101
"FBgn0261014",2058.09037395548,0.280229628924304,0.0443804767793616,6.31425458355193,2.71466738801419e-10,4.14328961637039e-09
"FBgn0022382",166.918281930542,-0.576544610525368,0.132899069107203,-4.33821406273582,1.43645212508369e-05,0.000110548990346748
"FBgn0033473",105.061518489702,-0.099332384917199,0.168405149679787,-0.589841730529465,0.55529676249197,0.715872073556688
"FBgn0033474",276.467132919359,0.105002112094262,0.103273355730133,1.01673961644712,0.309277314235444,0.489307423327635
"FBgn0033475",86.557941271154,0.655577868546466,0.180703076988045,3.62792864113673,0.000285704195921679,0.00157843420788669
"FBgn0033476",1371.24056173949,0.133417338988759,0.0508422087801449,2.62414521693365,0.00868667397611938,0.0308147882990758
"FBgn0085249",24.7970568033697,-0.826434911148275,0.335998741327092,-2.45963692567451,0.0139077633899858,0.0455956232076928
"FBgn0040773",353.146508814994,0.41240570518041,0.0943497219272236,4.37103254526302,1.23660357223107e-05,9.64975827310285e-05
"FBgn0033477",411.965290131078,0.0469798726798544,0.0836029980429736,0.561940047361768,0.574156867130935,0.730276249375784
"FBgn0033478",16.4859835165196,0.0262633149875824,0.405116512196517,0.0648290410212714,0.948310118689013,0.972957142878038
"FBgn0033479",68.443796945487,0.593995151776654,0.201016221858426,2.95496127767738,0.00312708296547838,0.0128861359865005
"FBgn0033480",60.401131928588,-0.336142814552411,0.216047898463458,-1.55587171614754,0.119738600273385,0.248188568041694
"FBgn0013435",31.2709955751942,-0.00786511885019068,0.289959143479474,-0.0271249209657961,0.978360098014799,0.988384512108529
"FBgn0033482",748.382562440647,-0.0394143622837345,0.0652683447402137,-0.603881750649794,0.545922262625107,0.70835304567924
"FBgn0033483",1298.93927235342,-0.256134854760044,0.0532484068061483,-4.8101881375063,1.50788298992403e-06,1.38143378585096e-05
"FBgn0001291",338.068566701431,-0.286999516654788,0.0967366817307486,-2.96681167391711,0.00300905208187615,0.0124704868082318
"FBgn0033485",198.467579904735,-0.227018927938997,0.120499746298701,-1.88397847225546,0.0595678874789297,0.143917759406194
"FBgn0004907",2654.71103844989,0.177285460082168,0.0410585533784789,4.31786912821661,1.57542792799449e-05,0.000119973625753459
"FBgn0003071",342.136216019333,-0.145633293521922,0.0913946864733613,-1.593454708818,0.111058220988952,0.233730583860006
"FBgn0033486",225.671159456707,-0.3487730515095,0.111834027952592,-3.11866663389204,0.00181671381894391,0.00813713063787144
"FBgn0010531",50.6236719675047,0.204116442388477,0.232028000714006,0.879706077543924,0.379018556152657,0.56372759194474
"FBgn0050011",1458.92402784339,-0.431195676875743,0.0528509113909448,-8.1587179014972,3.3859942490532e-16,9.24783767645544e-15
"FBgn0033491",76.6472170893341,0.0360323760317352,0.194858873558537,0.184915243394912,0.853295514676773,0.921216601115141
"FBgn0033494",31.5807283426955,0.172019207122039,0.301992459027006,0.569614246912887,0.568939363353954,0.727061473133945
"FBgn0033495",22.4326410824641,-1.85676032424712,0.382130592419784,-4.85896801009694,1.17999195605027e-06,1.09764936756789e-05
"FBgn0003660",832.385305455135,-0.246012988949909,0.0621471969302445,-3.95855325906395,7.54051278684392e-05,0.000488687113259778
"FBgn0033502",16.4284211862394,-0.865031349451007,0.420931455357809,-2.05504088240613,0.0398750561403632,0.10553452927495
"FBgn0033504",583.611369976365,-0.794987645021762,0.073972275011263,-10.7471028152199,6.11522981176915e-27,3.41747266019253e-25
"FBgn0028426",193.774077912373,-0.228123029867778,0.120301374627853,-1.89626286959285,0.0579252934857015,0.140886259515775
"FBgn0033507",118.855927699768,-0.109502420903042,0.159498640983533,-0.686541403912948,0.492371764492845,0.666182585875972
"FBgn0250861",681.855071244795,-0.263458135136046,0.0714302583225737,-3.68832678647597,0.000225733617029505,0.001282216362564
"FBgn0033523",36.930592528597,0.494896137567335,0.269267790936697,1.83793292114793,0.0660722902966028,0.156102500489372
"FBgn0001122",364.612314245205,0.746556620941567,0.0945793785292126,7.89343969638137,2.9396964223878e-15,7.57336684703809e-14
"FBgn0033526",128.271706041119,-0.371394902843557,0.146716673843298,-2.53137488135962,0.0113616344441839,0.0385711561855121
"FBgn0033527",33.738488230737,0.0703235710469373,0.28229295983803,0.249115568051313,0.803271387437492,0.891364996140733
"FBgn0027842",272.744787322542,-0.178930254482456,0.103867591941556,-1.72267644929263,0.0849470514835484,0.189714211198272
"FBgn0033528",137.801839309788,0.86512995012791,0.153445517621633,5.63802686150242,1.72009682220772e-08,2.11446758262929e-07
"FBgn0033529",421.156818626665,0.399228462231295,0.0874790605854005,4.56370312575033,5.02591358753534e-06,4.18250426270839e-05
"FBgn0005630",3318.00136444811,-0.050482810369319,0.0385538919325132,-1.30940892965324,0.190395868280948,0.34563367892581
"FBgn0004399",879.550160349218,-0.16460264423181,0.0610124213311826,-2.69785464402941,0.0069787905513043,0.02558068282302
"FBgn0033538",137.012972870728,-0.228215970925415,0.154247440871084,-1.47954461763908,0.138994815792069,0.274401450198202
"FBgn0033539",221.422516487574,0.105941867849692,0.112466255792345,0.94198803990862,0.34619876325036,0.530283368124365
"FBgn0033540",115.324673820108,0.536689954252037,0.157583796972395,3.40574325890911,0.000659841997719691,0.00333362455732514
"FBgn0033543",20.8403170351441,0.374682292641337,0.365860101853168,1.02411356347271,0.305781638697588,0.485150383301589
"FBgn0033544",210.221071668343,-0.002932395643942,0.117907750098176,-0.0248702535796022,0.980158454096954,0.988871192305978
"FBgn0024956",133.809011299771,-0.270970264655281,0.148267996397336,-1.82757082606769,0.0676139875623439,0.158866629896646
"FBgn0053144",292.070446499408,0.247819723506708,0.0992960676376521,2.49576573778373,0.0125685574862666,0.041943302773416
"FBgn0027499",279.986919356762,-0.0663358420223576,0.103923432663203,-0.638314577592334,0.523268924494755,0.691567898208913
"FBgn0033547",37.4787637658845,0.0518842622255509,0.272879356975787,0.190136266812424,0.849202351611473,0.91889900839348
"FBgn0033548",66.3106290365826,-0.170119288416228,0.205178219700501,-0.82912937184342,0.407031205041193,0.589529845419511
"FBgn0033549",11.913275832435,-0.0500187345363682,0.476846645507355,-0.104894802149964,0.916459283499027,0.957721043529981
"FBgn0033550",38.1698010570992,0.294328588065487,0.268604746826791,1.09576837916153,0.273180149755439,0.447899014387241
"FBgn0033551",274.954994567722,-0.103518921016083,0.103708115742422,-0.998175699895959,0.318194167594017,0.499283072909403
"FBgn0029134",431.773702277311,0.0432752461701551,0.0887526208491531,0.487594008561248,0.625837440246046,0.771937012459682
"FBgn0033555",218.315245193097,-0.202915723373204,0.268317414821368,-0.756252528402957,0.449497804248055,0.627397031289552
"FBgn0033556",58.6691547615742,0.217698246628337,0.216020163875179,1.00776817646582,0.313565766759294,0.49381281481088
"FBgn0033557",136.456778867979,-0.0718802255750185,0.141099837885949,-0.509428123036677,0.610452167916391,0.759791481991513
"FBgn0027525",778.336738164093,-0.458459470689739,0.0651856582945752,-7.03313401573629,2.01945225491951e-12,3.99763504958863e-11
"FBgn0050015",885.742382097856,-0.0653979173351828,0.0623260206420334,-1.04928754734387,0.294045795557952,0.471849892728793
"FBgn0033562",317.60429016699,-0.291918474599721,0.10325062206487,-2.82728054089898,0.00469451808416583,0.0183300338986551
"FBgn0010356",124.832916376836,0.0763819979898066,0.152400505111859,0.501192551387831,0.616235615963014,0.764376259172152
"FBgn0033566",80.0190791408153,-0.259360059521121,0.183112082662333,-1.41640057690455,0.156658255120416,0.300058587780075
"FBgn0050020",334.879796163298,-0.0196445966823435,0.0929254011675138,-0.21140179580103,0.832573755562714,0.909493464361441
"FBgn0017414",32.3810018885856,0.237670600972022,0.29619445648597,0.802414075508802,0.422313473691462,0.603780280911186
"FBgn0033569",55.8958991150517,0.1652967977721,0.218993154841552,0.754803490966179,0.450366898953451,0.62788630222545
"FBgn0033570",162.541300374977,0.0433279957961711,0.143931390007742,0.301032289022156,0.763389872763572,0.864675308017984
"FBgn0033571",171.143081293575,-0.115845432438061,0.127055833877011,-0.91176791260288,0.361890905027336,0.547394841770476
"FBgn0040765",347.689437258371,0.404863192211516,0.0924777479426368,4.37795254770531,1.19799424437943e-05,9.35852493055543e-05
"FBgn0050489",11.3315727342709,0.186672555513137,0.487626039920798,0.382819087232209,0.701853908064523,0.824155890751241
"FBgn0033581",270.334380199811,-0.352165968712607,0.104269321446112,-3.37746485570648,0.000731573009542454,0.00364430261972023
"FBgn0003396",976.897238914746,-0.426243012184309,0.0581303396966413,-7.33253950361719,2.25831871757853e-13,4.92693257753994e-12
"FBgn0037084",41.795976768823,-0.0694035780520859,0.251553317453138,-0.275900070628228,0.782624819664222,0.878246727658414
"FBgn0033584",89.842992099849,0.0283114687590502,0.177045347363234,0.159910831776703,0.872951315802133,0.933202749121799
"FBgn0033605",22.6580543343118,0.215841001684793,0.342014305071933,0.631087643072115,0.527983220285912,0.695394868632551
"FBgn0041174",21.6122035150128,-0.272024359755111,0.364924885290315,-0.745425622422824,0.456014459124496,0.632845280905341
"FBgn0033607",152.821393304702,-0.0277202805662278,0.135605992622357,-0.204417813919365,0.838027010593067,0.912099810031255
"FBgn0033608",147.595492639392,0.0135100204495737,0.138755864821118,0.0973654012173873,0.922436219975804,0.960512990988135
"FBgn0033609",186.648278306178,-0.075983005317385,0.132586681418289,-0.573081734187697,0.566589354137327,0.725462047551582
"FBgn0015582",71.0774269507472,0.264183113798993,0.208426627836267,1.26751133740228,0.204972512341253,0.365660094041168
"FBgn0259238",128.820405195363,0.209145138975431,0.149302052834111,1.40081891042591,0.161268232249043,0.306705158976255
"FBgn0033615",94.5156627107979,0.269198276691296,0.178968184096016,1.50416834171415,0.132538026998579,0.266064870446166
"FBgn0025373",213.195380288922,0.0597725043911812,0.124042251688167,0.481872132903913,0.629896783468085,0.774678632742549
"FBgn0033616",44.0690780711021,-0.403654937975684,0.248996047595088,-1.62112990095369,0.104989782510096,0.223802139004004
"FBgn0033624",152.553939847995,-0.564624942622042,0.135828063769606,-4.15690930837215,3.22581971192334e-05,0.000230211986317515
"FBgn0001276",51.8279443011114,-0.128077545806389,0.231676345743236,-0.5528296183864,0.580380085129402,0.735600369585678
"FBgn0024188",184.226134302436,0.00528198157838148,0.122511764730484,0.0431140763501483,0.965610598428599,0.981577870010876
"FBgn0033627",21.0054504604176,-0.430754677200956,0.357258717801424,-1.2057219480936,0.22792471936372,0.39430565690307
"FBgn0021795",583.093057537225,0.398551883189033,0.0727519309155262,5.4782309991442,4.2959906455281e-08,4.97773078784077e-07
"FBgn0082585",54.8015428751119,-0.0151798785845685,0.228419117770955,-0.0664562525794795,0.947014586058378,0.972899606291106
"FBgn0050022",132.662149327233,-0.0540570622292474,0.149483148488212,-0.361626462754832,0.717631186772981,0.834441512789006
"FBgn0033635",695.863100763634,1.53455342484932,0.0719647994918312,21.3236670661955,6.84767777293094e-101,2.26128995547015e-98
"FBgn0000581",932.687370247038,-0.22979518870364,0.0635488211033297,-3.61604172530589,0.000299142178592501,0.00164516875660448
"FBgn0033636",1910.23847084726,-0.142497012398807,0.0447397447415444,-3.1850206840024,0.00144743662302458,0.00663028188289632
"FBgn0086712",204.327332523846,-0.0121059412363447,0.120925062541475,-0.100111101717997,0.920256121716128,0.959618304043012
"FBgn0033638",263.395191326704,0.138050629948551,0.105036776463748,1.31430756537162,0.188742722380515,0.343663127341965
"FBgn0033639",197.661071958029,-0.137400752240312,0.121419095987539,-1.13162391074311,0.257792583158168,0.429358807116939
"FBgn0085257",24.4265306158566,0.570436487309131,0.354092931598675,1.61097959435027,0.107184170098031,0.22728925737367
"FBgn0044020",51.2690333786209,0.970162945282883,0.235242677205804,4.12409413464602,3.72196662409222e-05,0.000258262536046132
"FBgn0050035",349.673204484461,0.583375028086905,0.0921956961236967,6.32757333166838,2.49046626475813e-10,3.84145168014179e-09
"FBgn0033645",16.7271493451379,0.132619871246696,0.411878058096864,0.321988191989355,0.74746163997976,0.8537777201297
"FBgn0010516",475.305558954474,-0.264554518800872,0.0786381711786863,-3.36419978790879,0.00076765950569477,0.00379907786707936
"FBgn0062449",72.647790881217,-0.0563413839830433,0.196828697037765,-0.286245780371311,0.774689882291375,0.873118522315675
"FBgn0033649",174.520465321499,-0.546899920843701,0.130780927053825,-4.18180183581827,2.89207987117564e-05,0.000209272512590548
"FBgn0033653",83.295245051037,-0.120143582568466,0.183013290574593,-0.65647463193116,0.511518784632891,0.682870997860704
"FBgn0259832",15.750115048862,-0.248053053373723,0.413793735888155,-0.599460629439711,0.548865756735658,0.710532737470519
"FBgn0033656",190.890013875636,0.357179491102658,0.130374019114803,2.7396523749731,0.00615041978374856,0.0229968089186481
"FBgn0013756",1552.06438032488,-0.00343025337358693,0.0529174484051172,-0.0648227281732507,0.948315145040522,0.972957142878038
"FBgn0033661",845.23393994622,-0.15776010735329,0.0611693316575057,-2.57907194795928,0.00990661509573699,0.0343867934402911
"FBgn0033663",5120.35764153313,0.24010284048499,0.0346430789819598,6.93075926103517,4.18587862360917e-12,7.94005436044924e-11
"FBgn0000556",43493.2689958987,-0.297176896821113,0.0286647325260303,-10.3673354199711,3.49124095752538e-25,1.81170468260157e-23
"FBgn0260959",434.554222571631,-0.23080830581619,0.0839996947465565,-2.74772791154283,0.00600097855779294,0.0225075421901733
"FBgn0033665",67.9591736885724,-0.250781151943933,0.202042563622604,-1.24122931053463,0.214521049944835,0.376993900251475
"FBgn0033669",294.396846214803,0.0987980713153646,0.101404809872562,0.974293738527064,0.329910712718911,0.511410206421511
"FBgn0026573",342.295611014527,-0.144274646415676,0.0935643063571277,-1.54198381875446,0.123077525767449,0.252872801103088
"FBgn0053145",135.485511862954,0.0471977871981854,0.144471571496906,0.326692557637169,0.743900429812602,0.851256182523815
"FBgn0011704",735.69000809041,0.207325276546337,0.0670462908761213,3.0922706362594,0.0019863166677449,0.00877041616677092
"FBgn0033672",121.524258604807,0.200368038304424,0.151151606953592,1.32560971294167,0.184969007288918,0.338744602458783
"FBgn0033673",66.4921610099844,-0.308521222957858,0.208841331941773,-1.4772996326411,0.139595336439131,0.275362508615338
"FBgn0259985",47.577347344923,0.299752935100332,0.240055066379237,1.24868406079289,0.211780652962745,0.373443311595714
"FBgn0260012",608.482844920546,-0.108912927832168,0.0706835712463677,-1.54085208078341,0.123352790646459,0.253223516260674
"FBgn0033677",45.9661616840015,0.682968051074859,0.245747277859505,2.77914798089978,0.00545016901796297,0.0207462355404653
"FBgn0010339",196.025615287055,0.175185163129614,0.120487513618024,1.45396944354745,0.145954778042212,0.284279212460233
"FBgn0004463",170.927334273772,0.232147431826927,0.129229148314378,1.79640146867003,0.0724306904564726,0.167716450631012
"FBgn0024732",156.440884328664,0.440954148605012,0.135519624531114,3.25380290958358,0.00113871252644079,0.00535871624186085
"FBgn0033683",115.57352161536,-0.0888218164275503,0.157843449119602,-0.562720954990331,0.573624912767171,0.729881590976146
"FBgn0027495",237.00326555035,-0.158315278693451,0.110738654535982,-1.42962978335637,0.15282330274847,0.294499017100169
"FBgn0033686",29.6793110838584,-0.0492425775410286,0.298094451062876,-0.165191191467841,0.868793498210056,0.930941705677885
"FBgn0027504",459.38040651406,-0.195886984884072,0.0818861177922783,-2.39218795768267,0.0167482629366681,0.0528104451696152
"FBgn0033688",1587.18949924537,-0.0510531253691622,0.0482918076575102,-1.05717983744231,0.290429519902916,0.46729635939364
"FBgn0085261",41.9892134365274,-0.785586842971829,0.255416353454306,-3.07571082410105,0.00210001407132457,0.00917966439721599
"FBgn0014184",1754.99356037238,0.140715249651219,0.0478473453800616,2.94092072472335,0.00327238270858533,0.0133861826451985
"FBgn0023167",234.579575321472,-0.13536019718229,0.119043277487311,-1.13706712415338,0.255510226087799,0.426853044464629
"FBgn0010621",2053.58413565992,0.0201057876919047,0.0467731126953788,0.429857807900204,0.667299078753879,0.800913234288275
"FBgn0033690",47.800067048556,0.179015556077194,0.246406812048196,0.726504087241626,0.467529802779459,0.643539980521556
"FBgn0033691",213.302084259821,0.00673881903473009,0.116005616141744,0.05809045509052,0.953676577289734,0.976270294960715
"FBgn0033692",108.217939792662,-0.17362358214406,0.161994915830039,-1.071784143684,0.283816996677645,0.459766145913929
"FBgn0000426",214.468264920999,0.049607273289773,0.119035568004523,0.416743282040609,0.676866192342769,0.808173197712578
"FBgn0033698",326.700272800869,0.339522285767514,0.0940443728281617,3.61023499394154,0.000305919719133183,0.00167863048300798
"FBgn0033699",7656.13684419027,-0.387097033774562,0.0315966230303738,-12.2512153720493,1.65496943402647e-34,1.23952092146415e-32
"FBgn0000253",3729.36810179697,0.149223724908748,0.0379687017193984,3.93017717623221,8.48832900283056e-05,0.000542372121420967
"FBgn0050046",298.275641656173,-0.459891918469529,0.099072179476263,-4.64198850677062,3.45072059746721e-06,2.96329611591008e-05
"FBgn0033712",32.7296659828722,-0.0971913008472963,0.291713686426312,-0.333173606072293,0.739003240351083,0.848279569536241
"FBgn0033713",114.998445843033,-0.0590104749018395,0.153342699829441,-0.38482741576531,0.700365285617061,0.823459103416079
"FBgn0033714",576.792730815936,-0.0382495893645527,0.0729269234434691,-0.524492019661336,0.599936368943193,0.750824758031403
"FBgn0033715",81.3641223610691,0.128055923493961,0.184816142238812,0.692882785793094,0.488383113451572,0.662825204413538
"FBgn0033716",65.9100724178715,-0.287240499579205,0.204824085194552,-1.40237657747315,0.16080282393021,0.306140596397529
"FBgn0033717",1454.68356557999,-0.267127686940564,0.0496878188751597,-5.37612020386165,7.61079914261976e-08,8.48043800170745e-07
"FBgn0033718",223.229940099384,0.437460273507789,0.113974190500573,3.83823979434702,0.000123919437100523,0.000763591781624512
"FBgn0033724",39.8367075747511,1.81610033512142,0.292190499673316,6.21546674909661,5.11723093612658e-10,7.48021785733593e-09
"FBgn0033734",107.07984628365,0.284383583712981,0.165683987813794,1.71642164982526,0.0860848968608194,0.191979758838347
"FBgn0033735",70.7535919253091,-0.0334687192651838,0.196345614664357,-0.170458195984652,0.864649807949128,0.928494944027202
"FBgn0033737",168.292805903088,-0.346201008769376,0.130560906801412,-2.65164372131667,0.00801010145144565,0.0287943528177895
"FBgn0033738",372.400820711604,0.221296962303655,0.092121071244614,2.40224043548119,0.0162949942345662,0.0516731266320922
"FBgn0050051",26.008836368981,1.25559812175819,0.345927077565797,3.62966128755669,0.00028379336351151,0.00156907061332658
"FBgn0033739",171.808739731288,0.0704252743910299,0.125880505597769,0.559461324504545,0.57584691912273,0.731513877850434
"FBgn0010238",582.620266342351,0.0103104312028385,0.0733439303068844,0.140576475240661,0.888204533698085,0.940420677308309
"FBgn0033740",155.928114470189,0.362551887805685,0.134095372576145,2.70368679276992,0.00685748930279972,0.0252123784336235
"FBgn0033741",621.213308819993,-0.00073170037112953,0.0697799571281797,-0.0104858243146447,0.991633675988724,0.994371105045974
"FBgn0033744",35.1688736424678,0.708394320946667,0.285928444124907,2.47752308489185,0.0132297850170947,0.0438469560777018
"FBgn0045063",747.520523011396,-0.0428514901773285,0.0643249055763695,-0.666172609090786,0.50530077848449,0.676660934611322
"FBgn0050044",9.76689972747435,-0.326369973590432,0.521968408646344,-0.625267675560729,0.531795391451648,0.698712363542117
"FBgn0033749",32.8239434382352,0.0572673253958754,0.28619036773632,0.20010221115701,0.841400644086598,0.914139240556269
"FBgn0033750",55.8943501787042,0.189039519279881,0.218843823978207,0.863810163080981,0.387692183948325,0.571315155453262
"FBgn0033751",303.514040242051,0.205139131989033,0.10220255793819,2.00718197398834,0.044730290274271,0.115195164424877
"FBgn0033752",65.4845901998826,-0.0404682066998323,0.213206375396118,-0.189807676363552,0.849459840381364,0.91889900839348
"FBgn0011592",164.031487149873,0.642530085605992,0.135231692099359,4.75132770751627,2.02085308513662e-06,1.81477103380933e-05
"FBgn0033754",16.8747802524186,-0.00317033968313571,0.415321937962641,-0.00763345104929393,0.993909446411176,0.995965810783061
"FBgn0033755",547.398365886759,0.502359842349436,0.0747254917240548,6.7227371912726,1.78342086304965e-11,3.08489346906088e-10
"FBgn0022764",1497.25717079052,-0.374586722067158,0.0500230113406831,-7.48828813035715,6.97777126045944e-14,1.61960090118971e-12
"FBgn0050055",58.9944234364702,-0.0593590459412304,0.214819519461866,-0.276320541494217,0.782301880040337,0.878019953420832
"FBgn0027356",205.079575201885,0.0596595755702918,0.123902097609322,0.481505775296926,0.630157076083859,0.774678632742549
"FBgn0004435",362.095405054946,0.758819762611047,0.09315322003721,8.14593164152497,3.76372724038647e-16,1.02410031465946e-14
"FBgn0033756",305.562740172671,0.168558460245042,0.100500859544712,1.67718426497687,0.093506454998203,0.204739118614209
"FBgn0033757",65.7706903583737,0.406826203499978,0.201814141553116,2.01584586872424,0.0438160954670513,0.113687119131474
"FBgn0028683",61.8819459502074,0.396327285552381,0.211233912340109,1.87624837868956,0.0606211817764284,0.145832081326408
"FBgn0011604",1019.15619921603,0.155087185242939,0.0580334926278186,2.67237380037674,0.00753166982014365,0.0272769597424445
"FBgn0033761",149.741401878078,0.371253335344286,0.141766714693177,2.61876235298098,0.00882494028610513,0.0312290263899434
"FBgn0033762",157.362027728893,-0.0803464781058795,0.136300185496478,-0.589481795737949,0.555538120423981,0.715980919794256
"FBgn0033763",22.5072190102835,-0.120486609021188,0.342870884619496,-0.35140519194244,0.725284387856925,0.838776039124572
"FBgn0033764",20.6782495086211,3.64381122145309,0.557779971962396,6.53270358315902,6.45929052949021e-11,1.05453361116284e-09
"FBgn0033765",390.700648195395,0.186695566406879,0.0880867506771947,2.11945116571559,0.034052356640287,0.0928642533752572
"FBgn0033766",336.883794502624,0.0629328203627194,0.0994106524672306,0.633059121943339,0.526695035445732,0.69432760524646
"FBgn0033769",35.1539870925738,0.772526797399881,0.287048168397932,2.69127931284667,0.00711785737321754,0.0259855446313696
"FBgn0261545",491.90242229987,-0.434265468532809,0.0793410938352481,-5.47339906145688,4.41484395384351e-08,5.10729957399253e-07
"FBgn0026619",82.8154449387758,0.0885230481558619,0.178771986956278,0.495172927610363,0.620478058838488,0.768185354865521
"FBgn0026741",62.9218444770888,-0.230493751626277,0.212170659673655,-1.08636015922657,0.277319680762932,0.452455508083393
"FBgn0011227",201.075996069825,-0.0818073879158022,0.119363980993103,-0.685360753178375,0.493116303475017,0.667006133819772
"FBgn0020930",148.901031641835,0.103725907247856,0.136792133598293,0.758273919116288,0.448287017290709,0.626308688580192
"FBgn0086904",2097.59121737691,-0.0284751144344367,0.0450613321696845,-0.631919054838633,0.527439771446974,0.694805066103765
"FBgn0033775",17.9990105767127,2.17740429029635,0.45596598351964,4.77536563909611,1.79381026615752e-06,1.63308666461583e-05
"FBgn0033777",313.391372677625,0.703920112810501,0.100234791692797,7.02271238282111,2.1760186597917e-12,4.27264204415856e-11
"FBgn0000181",3822.29008807032,-0.361779717247682,0.0445028850926998,-8.12935423162099,4.31583401671026e-16,1.16127904190371e-14
"FBgn0033778",20.6069532485442,-0.507441839100647,0.374260839405667,-1.35585074812121,0.175146660806328,0.325059350990657
"FBgn0025692",21.4081479599642,0.250468001989148,0.372782525807901,0.671887721792564,0.501655177497004,0.674517320397312
"FBgn0013305",999.955860331334,0.0293110281040757,0.0614620975612329,0.476895993907042,0.633436184812475,0.777085645555686
"FBgn0002069",1034.06098075854,0.115573576576182,0.0564621102406665,2.04692272540925,0.0406656723938546,0.107314242623085
"FBgn0010488",3683.39743195674,-0.294889484432334,0.0369433292425501,-7.98221195757012,1.43733933184462e-15,3.71611040777621e-14
"FBgn0033781",48.819536938417,-0.421026678398978,0.237548727634221,-1.77238027158486,0.0763314544062993,0.174605798571084
"FBgn0033782",38.018705376063,-1.67657342412063,0.300333129847984,-5.58237922326198,2.37250360522048e-08,2.85841437677062e-07
"FBgn0033783",273.703830668607,0.0786506351107728,0.103094724670851,0.762896795756324,0.445524947315258,0.624009782580557
"FBgn0033784",116.554999304178,-0.357623285284859,0.160531070550019,-2.22775120143131,0.0258971105983874,0.0751668032350317
"FBgn0033785",39.3693458192213,0.306028426507366,0.265697630119569,1.15179208173459,0.249406522477682,0.419624452478083
"FBgn0004512",123.92664518337,0.325095898998345,0.148398520358146,2.19069501645809,0.0284738699750748,0.0810590381539649
"FBgn0033786",563.958612985279,0.124932489758222,0.0730986361081973,1.70909467549166,0.0874334137159585,0.194411831232308
"FBgn0005624",296.70559445274,-0.0960822071818672,0.0984119282445765,-0.976326842647373,0.328902522051507,0.510165454601389
"FBgn0008654",350.248841381932,-0.30480615728126,0.0898652804206305,-3.39181223109259,0.000694320042513595,0.00348599523763736
"FBgn0259876",440.021359342599,-0.0556302317063761,0.0812933301073888,-0.684314834106173,0.49377638179469,0.667355068441723
"FBgn0013955",590.5968822228,-0.123279137991857,0.0727662210387651,-1.69418084699192,0.090230923193236,0.199127477824684
"FBgn0053007",24.8005782665567,-0.942140561933665,0.342293622495383,-2.75243387552853,0.00591540912214138,0.0221980616076225
"FBgn0020370",628.042012705744,-0.0864630066213807,0.0714869516861677,-1.20949354507322,0.226473289478911,0.392586124567952
"FBgn0085468",51.3726669873368,0.598135435143638,0.235908217084857,2.53545824954663,0.0112300314030655,0.0382136665776446
"FBgn0020391",61.7629650961909,0.47234019397636,0.221171094537887,2.13563257424422,0.032709374153814,0.0900127284952495
"FBgn0033799",45.5916014589371,0.420228091865737,0.250290046259741,1.67896445801781,0.093158970799312,0.204162872656712
"FBgn0086532",427.46206272757,0.487905824855989,0.0932639720484689,5.23145019603526,1.68185350688709e-07,1.77339125218211e-06
"FBgn0053138",381.746236874126,0.476685381905321,0.0933096204674549,5.1086413117668,3.24483677432766e-07,3.28325058015187e-06
"FBgn0033802",186.867611781149,-0.133892832214691,0.122522293791807,-1.09280383243726,0.274479938600366,0.44922206666629
"FBgn0028991",69.0720200689444,-0.140780346103816,0.205078175520366,-0.686471613796052,0.492415758589672,0.666182585875972
"FBgn0053182",175.711671321201,0.0188866326544991,0.130564202077896,0.1446539890255,0.884984068396584,0.938599891518421
"FBgn0027079",775.614688104525,0.0785410314434715,0.0676561782514702,1.16088483673351,0.245688736086634,0.415157602336883
"FBgn0033806",107.756827825422,-0.0811206020363153,0.170482160695429,-0.475830442935547,0.634195179623929,0.777624975521999
"FBgn0033808",23.7519225703359,0.0622716372553914,0.347764816708492,0.179062499320021,0.857888627258341,0.924142064936544
"FBgn0033809",71.1824811563672,0.448656749150729,0.195874776951251,2.29052844952257,0.0219907013184171,0.0660175392885539
"FBgn0033810",69.9376504121479,0.134284724433511,0.19989830444186,0.671765199852246,0.501733186431806,0.674517320397312
"FBgn0040754",54.8399747614417,0.16145942921076,0.226060411993115,0.714231332178926,0.475084145401494,0.649752695094475
"FBgn0043010",101.752151225692,0.0898189561959001,0.164430604038121,0.54624232953056,0.584899372649463,0.73990840019125
"FBgn0011763",566.149372160502,-0.0528126453862388,0.0745817186026443,-0.708117838737578,0.478872082614627,0.653334400036669
"FBgn0033812",114.952809422698,0.0918800169622972,0.153238431067752,0.599588603994998,0.548780443874285,0.710532737470519
"FBgn0033813",32.6566877163896,-0.226322898361199,0.284711403006125,-0.794920385947202,0.426659814953091,0.608019528370774
"FBgn0033814",185.446920395719,0.202834714178065,0.122076839832828,1.66153313319566,0.0966064201908455,0.210259329744306
"FBgn0033816",142.824053125706,-0.0805716290950943,0.137277552837777,-0.586925010167591,0.557254071826632,0.717047614562608
"FBgn0033836",36.8435619834331,-0.400138024040561,0.282256561332384,-1.41763940633203,0.156296069050114,0.299680903048055
"FBgn0260475",52.042035589907,-0.337688895066173,0.228201533452524,-1.47978363667056,0.138930996925304,0.274388432295186
"FBgn0259221",93.3452135738646,0.174593688593938,0.174813657163729,0.998741696882497,0.317919836015544,0.498960382080995
"FBgn0013765",864.887374912396,0.55011403628995,0.0626506703883351,8.78065682107011,1.62522734759512e-18,5.27110566083863e-17
"FBgn0086757",179.720579485312,-0.40126312147571,0.125877008956626,-3.1877395626232,0.00143389623230183,0.006576550585652
"FBgn0000119",170.085481734489,0.0567331817481139,0.127811220787684,0.443882637208803,0.657127438292259,0.794480086402606
"FBgn0033842",76.3715713170683,-0.195582512069211,0.186886691592398,-1.0465299075216,0.295316444191238,0.473301117813665
"FBgn0040477",36.5936881317703,-0.972028962860011,0.287832149859489,-3.37706876502338,0.000732627319352076,0.00364557361307728
"FBgn0033844",1375.84347481788,-0.302549597476898,0.0510121474271786,-5.9309323903448,3.01219235841263e-09,4.03012476682648e-08
"FBgn0004638",556.365910351318,0.329797822832351,0.0814228982328737,4.05043089830961,5.11234053063769e-05,0.00034549910655891
"FBgn0033845",333.430142487046,0.000178272093178262,0.092205881056318,0.0019334134779253,0.998457360197402,0.998732303708403
"FBgn0033846",160.108164659305,-0.267883230006232,0.131835610841193,-2.03194894229997,0.0421588250791737,0.110492014502235
"FBgn0024556",441.903245324402,-0.106037299438734,0.0894177569179469,-1.18586400613961,0.235676009622065,0.403627112188662
"FBgn0033853",134.515303635132,0.0228417024180072,0.144130503432781,0.158479307807733,0.874079124583206,0.933880555330902
"FBgn0053156",42.5491607504156,0.208217480781027,0.260202604897917,0.800212898955087,0.423587457613807,0.604827609977262
"FBgn0014877",120.621603861198,0.183091194831425,0.155287933960922,1.17904327890343,0.238380942802937,0.406916717449092
"FBgn0027581",364.817655756271,0.129906930065399,0.0904033951048582,1.43696959516532,0.150726633071891,0.291386106776819
"FBgn0033859",212.445840645124,0.227079461771371,0.11382342888767,1.9950151211441,0.0460412306894001,0.117900020476962
"FBgn0261041",430.681095086019,-0.423384761254094,0.0839884893426002,-5.04098555133015,4.63140437857705e-07,4.57162402314705e-06
"FBgn0000662",328.090001711996,-0.197620720972233,0.0938927329675727,-2.10474990690158,0.0353130837173145,0.0955136087886411
"FBgn0033871",25.1829200490726,0.0170719525253496,0.331954106810477,0.051428652862236,0.958983953295101,0.978444363714638
"FBgn0033875",873.99266806811,0.440845195794141,0.0688206477420329,6.40571122559909,1.49670014449855e-10,2.33337479609055e-09
"FBgn0033876",20.8311711658094,0.492221183483237,0.389009108548844,1.26532045822632,0.205756475750557,0.366443311722716
"FBgn0050484",9.67650378467545,0.547759446935561,0.536734923586134,1.02053997767793,0.307472439348132,0.487088371536019
"FBgn0033879",450.056481975911,-0.405662721621042,0.0822222519537129,-4.93373401946483,8.06722805351913e-07,7.66123030180608e-06
"FBgn0033880",12.0739808947351,-0.262016751356027,0.47362130926906,-0.553219938014186,0.580112815926189,0.735600369585678
"FBgn0086356",505.732404428277,0.103664446649831,0.0796673514969032,1.30121617829683,0.193184469085817,0.349136134128647
"FBgn0033882",121.78150052936,-0.0209646779913279,0.149200323326856,-0.140513623052948,0.888254189633808,0.940420677308309
"FBgn0033883",78.3553496590424,0.101034424996752,0.194733643537919,0.518833947545783,0.603876542454653,0.7541167975511
"FBgn0033884",42.3152019995688,-0.191248130048351,0.251963186343931,-0.759032034891383,0.447833393781558,0.625915660989423
"FBgn0013733",8276.14912461059,-0.277193991233196,0.03067448450314,-9.03663079341466,1.61574993391249e-19,5.78247451717941e-18
"FBgn0026611",1478.54040169231,-0.338244317016591,0.0499591632399762,-6.77041597738241,1.28412643663423e-11,2.28656337307541e-10
"FBgn0033886",374.264703179981,-0.0564164783712166,0.0985714902120545,-0.572340727018016,0.567091163281285,0.725728729353226
"FBgn0013770",7865.09789482758,-0.340081061120808,0.0338484846726907,-10.0471576322939,9.45553840618647e-24,4.51937411322005e-22
"FBgn0020766",162.128023765206,-0.217681014508695,0.133702071935118,-1.62810502005032,0.103502619289434,0.221290914990506
"FBgn0033889",1835.31951940877,-0.0834714538828175,0.0468102046751414,-1.78318925247394,0.0745555013940155,0.171298455922683
"FBgn0033890",273.106265368414,-0.46369853838242,0.10338211585307,-4.48528775558669,7.28155973877902e-06,5.93720892280915e-05
"FBgn0033891",53.5924375055692,0.130069165926842,0.230098814045801,0.56527525561671,0.571886556505868,0.728904532107918
"FBgn0020620",680.765175951428,-0.177897100344352,0.0691142351354569,-2.57395744879028,0.0100542637592942,0.03483272589951
"FBgn0002643",601.154512614561,-0.144657566245965,0.071890948560884,-2.01218051982519,0.044200911195453,0.114316036842283
"FBgn0050482",12.486176347443,0.156677458802952,0.465581687072171,0.336519805553831,0.736478918901874,0.84694635610597
"FBgn0040752",1177.12129637618,-0.902240920354939,0.0567792091747953,-15.8903396765774,7.39259029890461e-57,1.11889934419879e-54
"FBgn0033897",392.943626361992,-0.0639155905802395,0.088042559732246,-0.725962429700123,0.467861802865549,0.643753029889813
"FBgn0086895",209.810325565695,-0.0635106589707368,0.117552753864545,-0.540273680393057,0.589008306527418,0.742907178285016
"FBgn0040751",14.0815935256773,0.157895587731567,0.435948034668139,0.362189011476478,0.717210790498385,0.834219723498362
"FBgn0033899",149.795993640003,-0.115771127002648,0.138713392177848,-0.834606703685936,0.403939186464921,0.585986060237151
"FBgn0033900",40.4585087321996,-0.559146459471644,0.261281292124203,-2.14001720110082,0.0323533766610991,0.0894055844210288
"FBgn0033901",298.476266929637,0.248970432723226,0.0985607824384647,2.52605982383173,0.0115349837013088,0.0389998411312959
"FBgn0033902",1733.10907714226,-0.0912509819541854,0.0482073114394437,-1.89288676819929,0.0583729292581518,0.141643063146451
"FBgn0033903",62.8387730573887,-0.0300334904312102,0.207461299158863,-0.144766713372464,0.884895064198769,0.938599891518421
"FBgn0033905",64.4503593600623,0.14083389645537,0.209918998127285,0.670896382470228,0.502286541056555,0.674886576803379
"FBgn0033906",320.771395496271,0.244257051131263,0.0975900430128849,2.50288906112086,0.0123184150072824,0.0412221487922186
"FBgn0033907",73.5038549136563,-0.0660120194755666,0.194362775698993,-0.339633035380184,0.734132896795252,0.845250523309313
"FBgn0000289",829.019215497896,-0.257589180695722,0.0624808730963735,-4.12268855939967,3.74475849598022e-05,0.000259348622243053
"FBgn0050069",422.361865249234,-0.856419211839771,0.0906176488141271,-9.45090965222943,3.35898736737547e-21,1.34823443226424e-19
"FBgn0033912",9133.54309467901,-0.124733958125899,0.0297935073695106,-4.18661544540227,2.83144947760494e-05,0.000205089535940178
"FBgn0033913",1293.6245218078,-1.27987859164168,0.0552992123874713,-23.1446079679003,1.64738735673891e-118,5.98413457335409e-116
"FBgn0261276",806.694672573579,0.143940773016292,0.0640794311944524,2.24628668409207,0.0246856509315474,0.0724904017856473
"FBgn0033915",329.407645851125,0.137525980236128,0.0936489244459989,1.46852706584399,0.141961109804744,0.278968748372048
"FBgn0033916",188.971093779352,-0.167595971505674,0.124840167596872,-1.34248435204658,0.179439000708233,0.3311212446394
"FBgn0001220",1630.89382107694,0.126632621572237,0.0482410521789729,2.62499708966616,0.00866497078954052,0.0307528152349838
"FBgn0033918",532.968922458959,0.149632007842876,0.0749992070163759,1.99511453248038,0.0460303897140249,0.117900020476962
"FBgn0027538",53.4027971232658,0.0376439291263544,0.228544762128561,0.164711406097239,0.869171138841093,0.931209013962622
"FBgn0033919",102.700261278117,-0.0759356410640145,0.170613448093534,-0.445074183263591,0.656266145058537,0.794056357610778
"FBgn0261270",504.890118399757,-0.174205558152573,0.0803047189013598,-2.16930661779109,0.0300594131477426,0.0846768656527142
"FBgn0261269",80.4739680418654,0.509872572957484,0.184603886336958,2.76198179287956,0.00574516821479242,0.0216355877297841
"FBgn0028428",25.2830399370576,0.310565375599462,0.328817524380271,0.944491557087145,0.34491851427069,0.528768306853041
"FBgn0033921",10.0619268415295,0.702077933746578,0.550666472787441,1.27496037700044,0.202323266846745,0.361860791147612
"FBgn0033924",126.550336062643,0.517776417853993,0.150821132089954,3.43304953807917,0.000596833040387807,0.00305566739846189
"FBgn0033925",62.177860017873,-0.00834742336856243,0.219311289163867,-0.0380619866874492,0.969638259562815,0.983820783578796
"FBgn0033926",1823.62494936272,0.303085692908984,0.0470224741576732,6.44554967253943,1.15182194011376e-10,1.82707126526779e-09
"FBgn0033928",203.836443162848,-0.124742183370778,0.118892696584841,-1.04919971498638,0.29408620981087,0.471849892728793
"FBgn0033929",659.819039311034,-0.107030344582261,0.0708571137236459,-1.51050951637258,0.130913462979616,0.263458811231832
"FBgn0033934",320.012584625502,-0.00874267363285816,0.0949427325726002,-0.0920836529133272,0.926631576350262,0.962123538971653
"FBgn0033935",80.4990818956218,0.117283144584767,0.184930932508426,0.634199714422697,0.525950493925215,0.693849707348227
"FBgn0001332",299.907711142557,-0.464530004056879,0.101019442595254,-4.5984217703326,4.25703505155001e-06,3.60039111170091e-05
"FBgn0024698",521.421894469621,0.0584412333357717,0.078892268825297,0.740772628369795,0.458831314036347,0.635298169711085
"FBgn0000142",428.053826720414,-0.223761907434206,0.086671038049297,-2.58173794234394,0.00983041994080685,0.0341876500095557
"FBgn0020245",510.90190243307,0.10956272669851,0.0788914800758876,1.38877768034165,0.164900364300411,0.311898241771019
"FBgn0010397",140.381148298536,0.200267561077115,0.141379945451227,1.41652028820596,0.156623228386643,0.300058587780075
"FBgn0019938",486.361852543286,0.0863289851295662,0.0787894784457258,1.09569179581553,0.27321367424063,0.447899014387241
"FBgn0050077",44.392352241397,0.0395062350893052,0.252347629651879,0.156554809505464,0.87559572004747,0.933995409243866
"FBgn0003742",110.102630202074,-0.11590793571058,0.157267196130957,-0.737012794544023,0.46111456872834,0.637608934490178
"FBgn0033945",32.6146633912932,0.440147445903618,0.294454941416554,1.49478709301386,0.134970015876181,0.269713254725039
"FBgn0026427",847.871195432199,0.105823628233348,0.0654297287037368,1.61736309059927,0.105799928010539,0.225010678277684
"FBgn0010638",403.415868977798,0.189378042386345,0.0859124461376897,2.20431440262839,0.0275022407497242,0.0787248932414288
"FBgn0033948",62.2854617142951,-0.195027583791116,0.213981749361354,-0.911421578584116,0.362073288203592,0.547476354356138
"FBgn0083123",38.7867451758242,1.07368354120959,0.276945850862168,3.87687173455416,0.00010580810111922,0.00065791888733382
"FBgn0033951",97.3375736898569,-0.292697427474306,0.168053100197033,-1.74169608969507,0.0815616371094707,0.183987539380643
"FBgn0010388",11.464663178151,0.397678455861057,0.49082874525971,0.810218349478769,0.417814693143401,0.600004693751099
"FBgn0041581",9.93458372127818,0.754345935853254,0.527763774899486,1.42932495887373,0.152910855546578,0.294589595742745
"FBgn0028689",658.592183362375,0.207779821877479,0.0696604011817633,2.98275373601889,0.00285667747537413,0.011941174832332
"FBgn0050476",36.3044135771757,0.55825219993546,0.272775634290537,2.04656182502304,0.0407011263085614,0.107368802698511
"FBgn0033961",73.6671788601512,0.221278999029893,0.191800056570249,1.15369621358191,0.248624736808579,0.418891167187923
"FBgn0033962",45.0420877652931,0.0205540722175306,0.253480897262726,0.0810872631408861,0.935372554872199,0.966708464112011
"FBgn0020767",361.046628018581,-0.189145440860011,0.0891958004328038,-2.12056442054696,0.0339584749298318,0.0927474888591083
"FBgn0259112",14.6563771884857,0.330811748291545,0.432160061531911,0.765484314119382,0.443983203405647,0.622570540965456
"FBgn0015602",141.941257635451,-0.10406329855278,0.142093256384549,-0.732359164682328,0.463949376184682,0.640310071805037
"FBgn0033971",102.453914915914,-0.104278535804212,0.16615637791034,-0.627592735925445,0.530270768535801,0.697093737919468
"FBgn0027783",500.024711248267,-0.0289046080144252,0.0774365049538234,-0.373268499548908,0.708948618698006,0.828589400714449
"FBgn0028434",24.9896440525517,0.695297235269668,0.33205618650258,2.09391441428322,0.0362676049935149,0.0976160762955397
"FBgn0033972",131.900491427663,-0.420584775897392,0.144085099111158,-2.91900257897538,0.0035115331857631,0.0142124170443281
"FBgn0033973",23.1623016221238,-0.241256058669218,0.362217122205827,-0.666053711652332,0.505376769607851,0.676660934611322
"FBgn0053506",55.4234927193608,0.112000026653113,0.23041688793461,0.486075598264732,0.626913567199394,0.772739576807533
"FBgn0053505",75.8568343268546,-0.327733920979071,0.188993121986781,-1.73410501680582,0.0828994515510415,0.186171411288506
"FBgn0022063",472.197066765078,-0.110564149199587,0.078694889721777,-1.40497241422515,0.160029481401849,0.305068009022417
"FBgn0013773",50.2912037537229,0.307105964373146,0.230307342762118,1.33346145498431,0.182380416558225,0.335356549302835
"FBgn0015714",374.316830530493,-0.299844808345929,0.0894714493522639,-3.35129038946704,0.00080435906827483,0.00396449703596787
"FBgn0033978",63.5084317976051,0.117108675632005,0.208570158980094,0.561483369455467,0.57446806438293,0.730400855397618
"FBgn0013771",22.4527529504584,0.832481606234409,0.355427252281076,2.34219970723031,0.0191704539760043,0.0586661112618667
"FBgn0033980",361.669388945506,0.361758773289594,0.093315164604993,3.87674152235528,0.000105864718416137,0.00065791888733382
"FBgn0027596",185.470477899724,-0.904728314760375,0.131726705576009,-6.86822243678089,6.50068057528325e-12,1.19261223180386e-10
"FBgn0033984",211.453141226739,0.214784108957046,0.117791614182076,1.82342444704971,0.0682391304314762,0.160120765362704
"FBgn0022131",262.008431960555,0.162693369999058,0.1060053035336,1.53476632371974,0.124841237678048,0.255053878439544
"FBgn0260478",10.5449886369452,-0.546193549774769,0.515964137941849,-1.05858820334588,0.289787361674811,0.466601325923648
"FBgn0033988",234.893818013132,0.11606801840321,0.108822466497813,1.06658139756043,0.286160904385575,0.461705579441499
"FBgn0033989",118.255461824411,0.2152985353768,0.155255082358641,1.38674065998985,0.165520857383637,0.312532940613658
"FBgn0033990",49.564245117759,-0.163974128031942,0.244831785339161,-0.669741993690859,0.503022276790679,0.675329412591672
"FBgn0015371",93.7247613476478,-0.975072020860526,0.175620761042845,-5.55214551554438,2.82184537022732e-08,3.35241729348745e-07
"FBgn0085215",115.969649288935,0.590465635672978,0.15701985051919,3.76045215761311,0.000169606511369132,0.000998534282898495
"FBgn0033993",23.5135455477367,0.538066242981968,0.362676622098497,1.48359781192579,0.137915650228515,0.273161722712694
"FBgn0033994",43.5468294762226,-0.0474847250991181,0.251489374342171,-0.188814041242599,0.850238566469971,0.919154136399179
"FBgn0033995",69.9864504800905,0.777604204375144,0.209631744990553,3.70938191832629,0.000207765826827374,0.00118907184383771
"FBgn0033996",117.603681086285,0.37740225093559,0.152432186377994,2.47586982712251,0.0132912028106464,0.0439311139305486
"FBgn0033998",521.047653100669,0.000674397468168692,0.0754298469366922,0.00894072433601396,0.992866429128869,0.995469860284465
"FBgn0050081",9.50136319922055,0.645801317480002,0.539564709592066,1.19689317332903,0.23134819535142,0.39856405957507
"FBgn0034000",35.851763622435,-0.480957039016398,0.272105899542365,-1.76753624168122,0.0771384650806693,0.176263535246975
"FBgn0034001",34.7720254353948,0.192029378791841,0.278126610321963,0.69043871267674,0.489918338803059,0.664204815833026
"FBgn0034002",70.5451155028244,-0.0848035875031594,0.195201492013189,-0.43444128745404,0.663968021466568,0.799157123832972
"FBgn0003328",203.881181021204,-0.105493499454665,0.116196843487503,-0.907886103343344,0.363938400439343,0.548778015606439
"FBgn0034005",71.6389081219417,0.596725006110046,0.196210315200382,3.04125196221531,0.00235596588206354,0.0101398650078149
"FBgn0083959",394.578538674299,-0.51503140989187,0.0892065171051423,-5.77347290988655,7.76540959957472e-09,1.00027838193103e-07
"FBgn0034008",46.505053259106,0.257086173250215,0.245849088580957,1.0457072455876,0.295696216526488,0.473700774655995
"FBgn0004698",858.884158724735,0.25774606918036,0.06327721086848,4.07328429371007,4.63547836288967e-05,0.000316510811150314
"FBgn0034009",304.947168923717,0.0199000511164823,0.096568264894168,0.206072368995046,0.836734381888362,0.911375604860412
"FBgn0013750",687.161065542179,-0.000795231749374955,0.0725396087806137,-0.0109627245410163,0.991253186545351,0.994243147641081
"FBgn0034010",127.142977613224,-1.33918641981512,0.154036827957524,-8.69393662263935,3.50093021814415e-18,1.10105013137737e-16
"FBgn0034011",11.4469732650784,-0.987323166404171,0.543803540011792,-1.81558797205101,0.0694336000488899,0.162607134604044
"FBgn0034013",404.326088179012,0.419451224632216,0.0863774548996232,4.85602666945499,1.19764578372919e-06,1.11122562181258e-05
"FBgn0011660",127.139296035797,-0.0140664935037703,0.14702254643118,-0.0956757575298478,0.923778095243733,0.961232557300283
"FBgn0000996",364.323697054716,-0.440274955982039,0.0927409347702345,-4.74736379434625,2.06085080698259e-06,1.84840507564549e-05
"FBgn0026370",844.729851781797,-0.146044564300602,0.0609218000566181,-2.39724637428433,0.0165188124340399,0.0522005969261851
"FBgn0034025",218.140025185455,-0.176981503337745,0.11453205731149,-1.54525734970788,0.122284027390667,0.251527026895016
"FBgn0019968",548.967933938809,0.0972402198703882,0.0753958267503183,1.28972947259283,0.197144602821356,0.354652463584399
"FBgn0050467",52.9722452721973,0.391386363409217,0.234469565498982,1.66924164582425,0.0950694997291404,0.207598411641781
"FBgn0034027",39.4331944846693,0.517267051635298,0.272454326041504,1.89854592933313,0.0576242034631918,0.14038894639842
"FBgn0022097",295.457026032216,0.402702889988782,0.100045582414504,4.02519411921982,5.69283349498404e-05,0.000381535381375083
"FBgn0034029",145.77038828062,0.587012674754294,0.142029588279927,4.13303088365888,3.58010598129101e-05,0.000250572928266659
"FBgn0034032",69.1353927657396,0.472518145033979,0.20761052933481,2.27598352813771,0.0228469955077933,0.0680538837081257
"FBgn0024754",438.023966716449,0.0585156845621235,0.0854421428769042,0.68485740867275,0.493433904594082,0.667311488621743
"FBgn0013762",91.0603165193418,0.0089732648733052,0.175465090263345,0.0511398869133328,0.959214052398469,0.978444363714638
"FBgn0050466",25.360746496772,0.468255414215211,0.349756588329432,1.33880369902901,0.180634586278925,0.332567224864771
"FBgn0034033",31.6681567641264,0.138125415508154,0.310574811124477,0.44474120424658,0.656506788584161,0.794126177000321
"FBgn0260429",23.9703379216888,-1.54078088967955,0.372869172339072,-4.13222922134852,3.59261876912702e-05,0.000251206692566967
"FBgn0023441",10.6690017826988,-0.628829621030721,0.500537084921283,-1.25630975201291,0.20900368757229,0.369893249747304
"FBgn0034035",131.982993399097,0.117037195889791,0.14496389953516,0.807354081016598,0.419462514358529,0.601182711938196
"FBgn0010426",148.885039494074,0.0582392642277611,0.140483784238376,0.414562182699602,0.678462437222987,0.809227386837817
"FBgn0053139",291.066131829041,-0.172337182094914,0.111033165252894,-1.55212347321983,0.120632682431164,0.249259510199774
"FBgn0034037",12.2338901942712,0.436759319565649,0.483492463009488,0.903342560599705,0.366344114776791,0.551424813361602
"FBgn0050090",125.671863080873,0.205930977569253,0.149517021887261,1.37730791430911,0.16841706937874,0.316244509960338
"FBgn0053460",561.707060838278,-0.0522262316337006,0.0730785458109773,-0.714658879074952,0.474819852828694,0.649635825009503
"FBgn0053461",11.779184621888,1.08002512034271,0.497972563936056,2.16884462831851,0.0300944817516713,0.0847427945449195
"FBgn0050089",101.078019543056,-0.0596524779401699,0.169331368651293,-0.35228250037365,0.724626410714537,0.838281986280431
"FBgn0083919",796.779642194977,-0.277475661362604,0.0644339298619886,-4.30635942828461,1.65963312178629e-05,0.000125858399058219
"FBgn0053465",87.4291392711643,0.0334443960462903,0.18550409670502,0.180289258514177,0.856925487965906,0.923872887640441
"FBgn0034046",279.547751327188,-0.113564531978626,0.101743956745442,-1.11617962984042,0.264345252074017,0.437563968174467
"FBgn0022160",311.351113030108,-1.14736207272163,0.0998080648986761,-11.4956849818341,1.38676549821234e-30,8.9157976500112e-29
"FBgn0050085",634.792652632146,-0.355815002343887,0.0703895779221907,-5.05493871176793,4.30529002912534e-07,4.27294153846934e-06
"FBgn0053464",287.050105331638,-0.541709722142306,0.100543449837742,-5.38781713792917,7.13185585883159e-08,7.95897585474831e-07
"FBgn0003425",989.370237685728,-0.0909233073307014,0.0588867053469181,-1.54403794192673,0.12257914122262,0.252062683550053
"FBgn0034049",832.262279683901,-0.0820772620826389,0.065717288086047,-1.24894475218105,0.211685281707543,0.373443311595714
"FBgn0015247",441.549291047535,0.0287597946045437,0.0815449082015933,0.352686577725301,0.724323422990372,0.838280006891934
"FBgn0034050",211.950223102214,0.254423616923321,0.11503131618496,2.21177697831633,0.0269820785661212,0.0775721411883144
"FBgn0034051",660.569007538434,0.0540439483834347,0.0683095642701579,0.791162247349375,0.428849318758041,0.610301723952432
"FBgn0013988",556.365970425772,-0.369660772795831,0.0794676901817967,-4.65171155661081,3.29191321258075e-06,2.84372764439942e-05
"FBgn0034054",27.8019341984789,0.490581661348718,0.309339727249503,1.58589931435813,0.112762151393241,0.236631146698988
"FBgn0034057",216.871492382308,0.0989958588046676,0.118208646849564,0.837467151879784,0.402330033396538,0.584819466311694
"FBgn0034058",73.6477117309071,0.288618208344514,0.193973837193987,1.48792338451229,0.136771099901156,0.271858287491628
"FBgn0020236",1296.87410674325,-0.0850564198087033,0.0534051882597919,-1.59266210981118,0.111236011964849,0.233969202931277
"FBgn0034060",437.070131598017,-0.0699402874643114,0.0817013815311353,-0.856047794463037,0.391971343358927,0.575985398362177
"FBgn0034061",60.3582176681117,-0.0109703062498684,0.211825463167479,-0.0517893651019413,0.958696529599737,0.978444363714638
"FBgn0034063",83.9631640736831,0.458905579401216,0.181267727473384,2.53164523987645,0.0113528789099121,0.0385711561855121
"FBgn0034062",30.5834388975364,-0.452966206000723,0.306095943336034,-1.47981773643911,0.138921894014705,0.274388432295186
"FBgn0010590",244.037865987651,-0.107374419773301,0.10800462815442,-0.994164987261304,0.320142550803704,0.501388790679799
"FBgn0034065",37.9608557219235,0.106110576893106,0.26697146727992,0.39746036523764,0.691028008488734,0.81649412530987
"FBgn0034066",501.214790851768,-0.165926327116741,0.0787905381748978,-2.10591691540958,0.0352115700564915,0.095409164243996
"FBgn0034067",36.9944080559199,1.01507924070249,0.280991586681955,3.61248979974415,0.000303271039809633,0.00166661429971028
"FBgn0034068",398.717621928973,-0.085524575729194,0.0868645687201987,-0.984573767984494,0.324833480089774,0.506261568991141
"FBgn0034071",443.291553353876,-0.237436946564492,0.0838353768365251,-2.83218082298935,0.00462316961815629,0.0181357058725191
"FBgn0034072",1368.67486837093,0.197297642432843,0.0511368095782826,3.85823136132126,0.000114210509167451,0.000706161148171515
"FBgn0083983",28.5827801797506,0.975733758241152,0.323421071600555,3.0169146166402,0.00255361729000805,0.0108809557841106
"FBgn0034073",170.265548008723,0.10920715011261,0.136159293391864,0.80205432469684,0.422521534501372,0.603780280911186
"FBgn0014020",3599.90166079163,0.0343598920948893,0.0407917794257435,0.842323933365969,0.399606657989395,0.582916638165681
"FBgn0017549",253.14689540457,0.39432219747328,0.110947844976705,3.55412218737619,0.000379242973920364,0.00203036124210129
"FBgn0034075",35.9503073062499,-0.0916914308426406,0.275319354820684,-0.333036632685556,0.739106631130682,0.848279569536241
"FBgn0086676",1258.22020597605,0.185539572294016,0.0523366814984437,3.54511533750059,0.000392441324168664,0.00209330853163388
"FBgn0001124",337.122897361516,0.771784081792248,0.0948319001905493,8.13844371188886,4.00391115350554e-16,1.0853886018738e-14
"FBgn0050094",22.9028876546777,-0.105659114049383,0.354592365480721,-0.297973460049375,0.765723419840602,0.866372939595386
"FBgn0027091",278.299354189312,-0.641066399887337,0.101827689214521,-6.29559999674348,3.06213080681011e-10,4.64433826961909e-09
"FBgn0034083",406.324288447482,-0.0785173074770661,0.0863903105112039,-0.908867059424254,0.36342030352277,0.548680071715071
"FBgn0034084",60.0279318496163,0.208100695499276,0.211439172723028,0.98421069671832,0.325011927467334,0.506263218921566
"FBgn0015754",504.070769530262,0.214195387673276,0.0773271944031307,2.76998783321439,0.00560583866432121,0.0211675768691755
"FBgn0034086",73.6069775410218,-0.00248222459407623,0.203501111316708,-0.0121975972416836,0.990267966806786,0.993961975525187
"FBgn0034087",875.609669645407,0.102887063481288,0.0619123955581086,1.66181687130361,0.0965494983903761,0.210259329744306
"FBgn0034088",70.6470015304058,0.0765465052304698,0.205448387625481,0.37258265258333,0.709459085910066,0.829052639397881
"FBgn0034089",436.396630596103,-0.14702011652602,0.0866113765773606,-1.69746888152393,0.089608049495552,0.198154145835168
"FBgn0015295",225.318919800215,0.0848389502459606,0.11066453416422,0.766631792983143,0.443300467117851,0.621733184094824
"FBgn0034091",218.770011490052,0.00591679980873738,0.116392649334056,0.0508348236988377,0.959457141440433,0.978444363714638
"FBgn0034093",42.9833750056996,0.567186267010183,0.252459825984844,2.24663969721754,0.0246630630064957,0.0724533573563247
"FBgn0034094",45.2912748170797,-0.154138903742092,0.242799571292533,-0.634840098446388,0.52553270810276,0.693424468646304
"FBgn0034098",214.999866328655,0.0390097608606045,0.115004065476955,0.339203320324546,0.734456568135349,0.845406271774364
"FBgn0025519",145.275524828675,0.251140950163808,0.139951874918878,1.79448078355064,0.0727364630920758,0.168075828360029
"FBgn0015925",201.418827747742,0.105979975023656,0.118529173149808,0.894125658749928,0.371254662179683,0.555972403717055
"FBgn0001308",974.007884441707,-0.204777822609372,0.0593008882809331,-3.4531999190173,0.000553978276695356,0.00286860454753511
"FBgn0028424",320.387589651412,0.0521675258354522,0.0949837563400458,0.549225760757348,0.58285052778789,0.738087691193833
"FBgn0034109",61.0366551954641,0.0754003805896299,0.21181800375141,0.355967761258481,0.721864708682702,0.837353841382697
"FBgn0034110",315.25985064904,-0.235097150588754,0.099017395991369,-2.37430148748051,0.0175821876917977,0.054704322732724
"FBgn0034113",138.099779549645,0.179513300326055,0.142210939518396,1.2623030333249,0.206839765629953,0.367136793867971
"FBgn0050096",14.6319296544682,0.0108481097655312,0.434170709607276,0.0249858166971782,0.980066276713975,0.988871192305978
"FBgn0034114",117.047901900507,0.0226597353570187,0.162977395827566,0.139036062283099,0.889421652208937,0.940697088848148
"FBgn0020611",345.491170943361,0.0813510174911414,0.0915034039025465,0.889049084750796,0.373976700632662,0.558414799936303
"FBgn0010611",556.735471161532,0.16528887090127,0.0732390318571392,2.25684128681117,0.024017993866045,0.0709023671015105
"FBgn0034117",254.864501897038,0.329941206113464,0.106785741699845,3.08974963193934,0.00200325284040949,0.0088097045312197
"FBgn0034118",194.51178642278,0.119201484019651,0.12540294720362,0.950547707830987,0.341834024751731,0.525370042272335
"FBgn0022070",110.908939259927,-0.146299942523214,0.156724339127338,-0.933485783623857,0.350569207223568,0.53483521429635
"FBgn0034126",136.1140163644,0.323557920098773,0.142837928855456,2.26521010694712,0.02349978921846,0.0696272302904209
"FBgn0011260",76.616401917433,2.2381502767354,0.227139653664368,9.85363075371506,6.61116316109524e-23,3.00188127283481e-21
"FBgn0034138",4993.20897861624,-0.148343219685337,0.034942289699753,-4.24537776316317,2.18225450743413e-05,0.000161611406692242
"FBgn0034139",7.63298585175505,2.01215856083601,0.683427792268145,2.94421529765142,0.00323774680959523,0.0132818919094914
"FBgn0016131",116.350015208887,0.244948112744813,0.159355693261988,1.53711554153329,0.12426501775881,0.254377389128699
"FBgn0003274",6410.43857992905,0.40264260506508,0.0401235983377445,10.0350572168477,1.06897410893896e-23,5.04292006587113e-22
"FBgn0034141",133.829376281589,0.454975398455468,0.144226867544575,3.1545814327199,0.00160728516286767,0.00728038674479722
"FBgn0034142",227.546490914107,0.10565881160398,0.115031981415172,0.918516835962665,0.358348348865333,0.542827513450093
"FBgn0040505",8.77695504041507,-1.04339521638322,0.569653873141125,-1.83163016276856,0.0670065398267443,0.157796600272706
"FBgn0024315",19.1626325030579,-2.39959407719671,0.44831667955271,-5.3524532693961,8.6769715622335e-08,9.58027331301313e-07
"FBgn0050463",15.6604337711978,2.752620572421,0.5332262605107,5.16219994451259,2.44064394825084e-07,2.53303975486319e-06
"FBgn0013763",6491.42491570141,-0.579119255057101,0.0323029379809628,-17.9277580075966,7.16095970311741e-72,1.40606411467968e-69
"FBgn0034155",264.968892219294,-0.1594307782921,0.109091054378273,-1.46144685465477,0.143892850248357,0.281546339093541
"FBgn0010213",290.794782246984,0.218790460480868,0.09954546342114,2.19789484082511,0.0279566006477481,0.0798681493141524
"FBgn0034158",1451.71891212577,-0.0541546757370992,0.0533067932091614,-1.01590571251606,0.309674288309651,0.489402589638811
"FBgn0025830",124.314785881891,-0.155072214463706,0.148221214383995,-1.04622145425123,0.295458799765695,0.473424830237709
"FBgn0025832",126.242078600985,0.167521121994643,0.151481347039568,1.10588613891112,0.26877580501624,0.443181167372443
"FBgn0026533",1252.0842655572,0.0234669342735671,0.0546946500662137,0.429053559080419,0.667884248068453,0.801086191549829
"FBgn0014870",265.185429250903,-0.045643291000799,0.10509590711732,-0.434301318222097,0.664069646719724,0.799157123832972
"FBgn0028737",2102.85669871672,-0.0964074713458809,0.0461806240490207,-2.08761733586676,0.036832366938848,0.0989597432731991
"FBgn0034166",10.103651507942,-0.215007133381282,0.512357556876317,-0.419642748497969,0.674746454548337,0.806817551767102
"FBgn0085444",397.275101877406,0.0196160762634768,0.0861396945866721,0.227724005263792,0.81986080920589,0.901699667479325
"FBgn0085220",55.3372114972289,0.0970092145859412,0.222453399132502,0.436087805195365,0.662773024626478,0.798515095176013
"FBgn0015562",161.873370002823,0.279616135320328,0.137062657177166,2.04006066334245,0.0413442840264394,0.108749537817553
"FBgn0034172",64.0769095102901,0.350136136113575,0.205965332554082,1.69997606767943,0.0891354272339996,0.197539941135203
"FBgn0034175",15.7641948136464,-0.140055745482887,0.409307925557677,-0.342176969312437,0.732217716104156,0.843839103346557
"FBgn0034176",440.711000079229,0.0439362294379762,0.0833722357573375,0.526988739583002,0.598201408133442,0.749557300808806
"FBgn0034177",27.3055977814156,0.527905685227181,0.317681224156682,1.66174657198757,0.0965635989074997,0.210259329744306
"FBgn0026402",74.695678146162,-0.202098182356753,0.196536793425836,-1.02829693531667,0.303810172237664,0.483025795528663
"FBgn0034179",240.807437964747,0.0404461068359029,0.11247007617749,0.359616603905154,0.719133865076095,0.835386557367737
"FBgn0034180",663.717279354193,0.19404914045677,0.0700014101918729,2.77207473285015,0.00557002471407302,0.0210766953873102
"FBgn0034181",380.170464136382,0.0549753143146141,0.0877807793412826,0.626279633504685,0.531131542540807,0.698022911823257
"FBgn0024252",380.761847266763,0.22761821778629,0.0903494471600958,2.51930946940891,0.0117585259007179,0.0396590950179739
"FBgn0023172",1275.94939415722,-0.113302164312489,0.0528393775126625,-2.144275153229,0.0320108464577311,0.0886951943231948
"FBgn0034182",24.5307562421963,0.239141000819749,0.338021848267066,0.707472023023811,0.479273192732139,0.653636145147173
"FBgn0034184",283.576333969299,-0.0152152766958614,0.101426458883349,-0.150012894696054,0.880754441887211,0.936583268750707
"FBgn0026721",992.37168914444,-0.889713715275795,0.0613132205538655,-14.5109603970999,1.03264553225552e-47,1.27155420200616e-45
"FBgn0086350",77.0341473152209,0.560784629104361,0.195214568617075,2.87265767650966,0.00407034903583473,0.0162300141302631
"FBgn0034186",86.1423994011949,-0.194826771800856,0.181345025460233,-1.07434307230876,0.282668946965505,0.458404951093727
"FBgn0034187",21.7868019323155,0.317104903175526,0.356275855202963,0.890054429859912,0.37343666040751,0.557918338457754
"FBgn0050460",119.955640685893,-0.0679628815634164,0.151308364847587,-0.449168039267858,0.653310441365762,0.792021262500548
"FBgn0010591",421.684543670348,-0.654447318849118,0.0872838758565314,-7.49791771305886,6.48395811217965e-14,1.51466095450113e-12
"FBgn0034191",33.8982274415227,0.22300917431135,0.279968046063798,0.796552240324352,0.425711124305242,0.60683641317408
"FBgn0010226",45.8964632795394,0.111824333939793,0.242999883585949,0.460182664656464,0.64538511286627,0.786170832490518
"FBgn0050456",210.721906894161,-0.000469438906089095,0.114781056375999,-0.00408986396284166,0.996736769785602,0.997986748353828
"FBgn0034194",111.230336549831,0.302868977663868,0.157881221669571,1.9183343937998,0.0550686239961617,0.135802292373426
"FBgn0000079",25.0976080752511,-1.17146335345803,0.342754783694797,-3.41778848665507,0.000631321484042398,0.00320962252034151
"FBgn0034198",570.490006865741,0.177173452965114,0.0741009423331539,2.39097435722952,0.0168037264574847,0.0528938789920391
"FBgn0034199",40.6644736428833,0.273914385637743,0.257732166705835,1.06278695879811,0.287878574931349,0.464042122670568
"FBgn0034200",33.469446866063,0.405604951032676,0.28406523718404,1.42785845622459,0.15333260326096,0.295089102699569
"FBgn0053197",563.721622907251,0.342661675999644,0.0735276659663737,4.66030944265731,3.15734349983682e-06,2.73710754436254e-05
"FBgn0010620",9.55706302789944,0.964192269486377,0.540196500130946,1.78489173708577,0.0742788791966266,0.170824962761473
"FBgn0034210",66.06436257037,0.123342653762907,0.20250177974313,0.609094171514765,0.542462020678251,0.70626999645654
"FBgn0016697",258.248207670833,0.619296121397939,0.107044565991344,5.78540457110191,7.23380175953522e-09,9.38456603268274e-08
"FBgn0021818",437.853679402349,0.00394511758614473,0.083437264169654,0.0472824417891157,0.962288121852635,0.979361048073535
"FBgn0022029",306.399412481088,0.0555259405323354,0.101834810640006,0.545255008413811,0.585578143199281,0.740509174994391
"FBgn0034214",52.495050350459,-0.0156337312884443,0.227822232839087,-0.0686225005067285,0.945290108268341,0.972454643050646
"FBgn0034215",108.15401431761,-0.295384425892663,0.157883516084927,-1.87090098584942,0.0613588063554786,0.14721655487865
"FBgn0025716",243.924593508398,0.0670470300943298,0.107880402777125,0.621494065357218,0.534274598044284,0.700253464692716
"FBgn0034217",26.6138792161951,0.0307697766244154,0.320149390048163,0.096110683265042,0.923432666570269,0.961232557300283
"FBgn0027506",143.081998181625,-0.377007790772413,0.138867645558788,-2.71487133849915,0.00663015231948701,0.0245630069357844
"FBgn0034219",128.264918488591,0.144906643907961,0.157720411741268,0.918756439373699,0.358222981654994,0.542750774082072
"FBgn0028956",109.707864006768,0.253806540943181,0.159709691731831,1.58917432117613,0.112021042193298,0.235279812527988
"FBgn0034221",33.8338653352589,-0.37662750121702,0.279650318320939,-1.34678016273447,0.178051045481693,0.329145253288678
"FBgn0024196",279.693191777057,0.220017777033238,0.108900781131495,2.02035077018936,0.0433470160299541,0.112832702062922
"FBgn0028953",474.486216937669,-0.397684660973354,0.0795652729916715,-4.99821902219806,5.78622418484872e-07,5.62743222261391e-06
"FBgn0034223",194.298394351047,0.0937045759334428,0.12020968787341,0.779509352292143,0.435679730606145,0.615521397191927
"FBgn0022987",218.406346088748,-0.0843855689809564,0.112443532695409,-0.750470631419443,0.452971305309113,0.630036139132901
"FBgn0034225",12.0806636694791,-0.725650387534806,0.478652094436468,-1.51602885680285,0.129512055835106,0.261561864677002
"FBgn0034230",390.454852874895,0.267256804703559,0.0886762731949369,3.01384795587934,0.00257957047184426,0.0109786640175446
"FBgn0034231",24.4998267377027,0.224864619716365,0.33112210272635,0.679098791246203,0.497075268313316,0.670364177519258
"FBgn0034232",57.2552239732485,-0.115217902893128,0.22843686477387,-0.504375259252408,0.613997700426772,0.762511674119743
"FBgn0022085",1184.8409967364,-0.34394103650149,0.0534965487337044,-6.42921916726934,1.28261085119388e-10,2.01256324706772e-09
"FBgn0034237",2429.48477857008,-0.185498317100185,0.0431111352770148,-4.30279360328248,1.68657951223906e-05,0.00012776851049444
"FBgn0034238",13.0128843633553,-0.504007132803389,0.462916745085906,-1.08876409884429,0.276257927144651,0.451523614542607
"FBgn0034239",16.6397689079891,-1.01413135734924,0.4158924429691,-2.43844622448354,0.0147505531876503,0.0476914859404894
"FBgn0085223",11.3920990063795,-0.829211911843937,0.540086875489237,-1.53533060971496,0.124702638941006,0.254985835042615
"FBgn0028382",82.0646080530829,-0.119081071507721,0.183482926498059,-0.649003554611283,0.516336078629354,0.686778032083899
"FBgn0010409",6511.66288310001,-0.210387204626077,0.0382031629807502,-5.50706245794586,3.64870835724621e-08,4.27546229280544e-07
"FBgn0034240",662.087673939094,-0.114947190696641,0.0695502258298897,-1.6527220339699,0.098387447938133,0.213272998499212
"FBgn0034242",73.1314891761575,-0.0779145471477914,0.196058971544597,-0.397403630825782,0.691069838476309,0.81649412530987
"FBgn0034243",370.290804221507,0.0796147396179642,0.090553902208841,0.87919722591691,0.379294348306466,0.56372759194474
"FBgn0040294",218.610782797445,0.207488366865076,0.114669190970148,1.80945173773043,0.0703808515651446,0.163831107536295
"FBgn0034245",108.406535702482,1.0526602068234,0.163442188470227,6.44056602934656,1.19028758319498e-10,1.87580028024111e-09
"FBgn0250868",23.6744741091055,1.1730627337293,0.35422568941831,3.31162523998652,0.000927557111728619,0.00448052022387528
"FBgn0016701",220.255476432977,-0.0752270540392189,0.119524971085337,-0.629383578645746,0.529097966031913,0.69613365978458
"FBgn0034246",971.275483462035,0.184007962296234,0.0631018811084164,2.91604559268348,0.00354498693524626,0.0143238765765095
"FBgn0034248",104.412643316289,-0.271985028733696,0.165762380295341,-1.64081276010333,0.100836288681812,0.216995153220782
"FBgn0034249",147.953392845736,0.478996635213971,0.137823548061411,3.47543392948018,0.000510027611374113,0.00265426260503791
"FBgn0029079",120.728582934651,0.00345854392234159,0.15139669819518,0.0228442493368175,0.981774511356231,0.989776335102245
"FBgn0050105",32.7027261097042,0.16677746558398,0.289031575943388,0.577021611011268,0.563924856699531,0.723069905386886
"FBgn0029006",554.415019002165,-0.209515230731726,0.0779390385862396,-2.68819367716343,0.00718397152931255,0.0261874325943079
"FBgn0034253",95.1783693009388,-0.184195613738696,0.169214115824159,-1.08853574562364,0.276358665132329,0.451523614542607
"FBgn0004400",96.1456652438755,0.7886709801995,0.17264798788703,4.56808671709257,4.92196408703137e-06,4.11012288417044e-05
"FBgn0034255",197.261876050745,0.266997787582722,0.124879835283727,2.13803763414728,0.0325136889107788,0.0896440037710846
"FBgn0034258",2638.74387071943,-0.164544298893191,0.041382777904962,-3.97615402405022,7.00387719237527e-05,0.000456351280740864
"FBgn0050109",60.0247187606651,0.0658376881929709,0.210907726590494,0.31216347194716,0.754916291115682,0.858598638690029
"FBgn0034259",254.122253245233,0.525150400032107,0.106633293066389,4.92482586751917,8.44355103049491e-07,7.9872914370502e-06
"FBgn0016059",924.208156839695,0.202159634021873,0.0597775024795888,3.38186818846942,0.00071994680984045,0.00359725830363884
"FBgn0034261",82.9087583939512,0.44027819501599,0.184919299736654,2.38092073484485,0.0172694274816322,0.0539855381471851
"FBgn0027872",51.4456557102991,0.61847581640245,0.234046320931084,2.64253594733738,0.00822877297803852,0.0294347787717626
"FBgn0045800",39.6208941569758,1.66220540456109,0.283604155519101,5.86100510945841,4.60073818965489e-09,6.09933630435088e-08
"FBgn0028494",265.70306747708,-0.191396813157112,0.106330819054654,-1.80001259144571,0.0718586500551175,0.166630415783731
"FBgn0034265",75.7578910090742,0.226342464209276,0.193243256363755,1.17128260239631,0.241485202127445,0.410723462248957
"FBgn0085224",38.090876352749,-0.54041987388005,0.282171479319608,-1.91521792061745,0.0554647179983023,0.136593619070395
"FBgn0034269",224.31871122291,-0.0676314539256928,0.111481191288552,-0.606662461568419,0.544074938998836,0.707184152874102
"FBgn0034270",40.9998730574755,0.639155000320892,0.260242642818412,2.45599642471688,0.0140494555197279,0.045956458510051
"FBgn0034271",147.958537542761,0.256179865606498,0.141272444288874,1.81337462444312,0.0697740606219434,0.162970055179595
"FBgn0003545",170.431720546192,0.102658346657663,0.136717317474366,0.750880346060851,0.452724669517534,0.629964513320224
"FBgn0027572",212.597234014861,0.223173110412172,0.119008743959784,1.87526649712048,0.060756070000403,0.146059843995012
"FBgn0034277",1675.32702365177,0.161386334993778,0.0468318422670741,3.44608128105273,0.000568779254055258,0.00292854803735751
"FBgn0028740",23.5188950091894,-0.287332183779154,0.338090696870914,-0.849867170077325,0.395398939836184,0.579381463878555
"FBgn0026309",114.695281193377,0.0633613903645313,0.156060575202635,0.406005105916471,0.684738848786587,0.813645360882328
"FBgn0026316",178.279263849506,-0.173808414960549,0.126639695562724,-1.37246393548429,0.169919058512501,0.317996383331613
"FBgn0028744",338.459541663966,-0.364737824379066,0.0990099983920922,-3.68384840220537,0.000229738906663143,0.00129988563622098
"FBgn0041585",346.786434614491,0.119953309208196,0.0946533796915788,1.26729029221201,0.205051510409321,0.365660094041168
"FBgn0015522",37.702276427505,-0.610737262161811,0.272858307503457,-2.23829454836765,0.0252018533983618,0.0735011902605776
"FBgn0050323",40.7284423504911,0.159445498142999,0.257377844966424,0.619499701552785,0.535587218462791,0.700558668957552
"FBgn0003701",179.636620838784,0.150729654894951,0.126803224830141,1.18868944458519,0.234561895781777,0.402288048360389
"FBgn0034282",873.995861157466,0.382465779311679,0.0659563333397916,5.7987726112867,6.68020392161088e-09,8.72871969253652e-08
"FBgn0261362",1847.44129163095,1.34580714444516,0.0490073887791314,27.4613109976233,5.09079198081484e-166,3.69846037406198e-163
"FBgn0034299",72.6810851713466,0.0219010433142484,0.195683148161275,0.111920947307115,0.910886087404144,0.954092766002178
"FBgn0034300",243.019641405265,-0.117654771272021,0.109399084283158,-1.07546394965697,0.282167064037785,0.457883341575722
"FBgn0003520",635.497495468919,0.0208833928504813,0.0708229698373119,0.294867511182499,0.76809509136349,0.867704997474071
"FBgn0028983",92.7111631121308,0.00149671884111369,0.177856263901068,0.00841532824475742,0.993285618769075,0.995639631806608
"FBgn0001222",323.316021990571,-0.0799067748475547,0.0952331030874919,-0.839065117663374,0.401432769270644,0.58398259286168
"FBgn0003044",461.067328343445,-0.280644869017095,0.0839083628038103,-3.34465909760726,0.000823837637083608,0.00404951314845224
"FBgn0003031",10947.4674179222,-0.204063439592556,0.0292115026477748,-6.98572209903416,2.8339454751745e-12,5.44672324792137e-11
"FBgn0062440",90.2762432926104,-0.419775642692661,0.177450341019451,-2.36559501819525,0.0180011234106147,0.0557214152441906
"FBgn0034304",128.901337420255,0.145001401469302,0.14933477998144,0.9709821214276,0.331557181679741,0.513267190475883
"FBgn0000057",172.013828779646,-0.0839102534837552,0.126087805437828,-0.665490633232808,0.505736732609983,0.676770412628067
"FBgn0022238",262.537792189481,-0.0676161749171857,0.104973231851531,-0.644127781193004,0.51949257677457,0.689202876304373
"FBgn0034307",66.3154826760766,-0.211865380016776,0.203786495399767,-1.03964386649449,0.298505388796461,0.476939003652141
"FBgn0034308",173.619487256246,-0.408233589870866,0.12848774375701,-3.1772181371859,0.00148695148692295,0.00680270941592897
"FBgn0034310",215.251514619454,0.148722874780431,0.113329581636465,1.31230410130251,0.189417548905948,0.344373997197626
"FBgn0027836",803.117970497643,0.464665224139105,0.0631862506913802,7.35389770804196,1.92509078169364e-13,4.27699832691263e-12
"FBgn0034312",141.468124194229,0.231917431613842,0.142876479830998,1.62320230655295,0.104546164949174,0.223062522277753
"FBgn0034313",221.508103176701,0.156634571458312,0.111455530132428,1.40535486460119,0.159915781204604,0.304946456403369
"FBgn0034314",26.533428019501,0.358513992023308,0.324333838642138,1.10538571468296,0.268992491047089,0.4433372158478
"FBgn0034315",333.762202124917,-0.0408694402918662,0.0918471553994859,-0.444972303323995,0.656339769780141,0.794056357610778
"FBgn0003022",300.498210735775,0.104341777209602,0.0989565389257683,1.05442023682612,0.291690561179331,0.468730795613325
"FBgn0053198",48.1085521010577,0.167512153146121,0.24591633860479,0.681175370845645,0.495760530264836,0.668839415482643
"FBgn0010575",938.73809079126,-0.302105635902351,0.0600972748544825,-5.02694401091996,4.98357777314532e-07,4.87290612676996e-06
"FBgn0063498",81.1375158879288,-1.03299255662146,0.193082129280621,-5.35001639183359,8.79462656719526e-08,9.69544188325851e-07
"FBgn0063497",77.9984900109295,0.267836028305725,0.190212900649478,1.40808550519552,0.159105752550272,0.303785359337115
"FBgn0063494",518.254568801763,0.547928962856623,0.0781842642507055,7.00817444671008,2.41447654087717e-12,4.67764588519271e-11
"FBgn0063493",80.6196865721097,1.04529015841369,0.197173891106797,5.30136192244396,1.1494196487287e-07,1.2407925331373e-06
"FBgn0063492",184.734198948004,0.73601328391269,0.126263209006178,5.82919830492093,5.56942882452389e-09,7.33005442213153e-08
"FBgn0063491",284.093944886808,0.389610684340491,0.10409925131669,3.74268478795511,0.000182064555063878,0.00106411825626635
"FBgn0013983",139.307314220484,0.191640711078493,0.142934731913267,1.34075678117745,0.179999432449568,0.331818288948519
"FBgn0027835",2567.68526665786,-0.0754252169429226,0.0410676893947808,-1.83660727093422,0.0662678931731531,0.156361235434543
"FBgn0034345",523.008631588033,-0.0185141796848476,0.0804425617920612,-0.23015402881755,0.817972082639368,0.900862409708148
"FBgn0034346",302.828898919169,0.0998277488702274,0.0995269670704424,1.0030221135903,0.315850191789399,0.496248192766
"FBgn0050118",257.482214919521,-0.126262121963733,0.106524291506377,-1.18528947884319,0.235903011923584,0.403825490486531
"FBgn0261477",335.866096080165,-0.198152109468751,0.0945920768464995,-2.09480662730669,0.036188185751332,0.0974452073696913
"FBgn0261119",302.039548484465,-0.274851541769121,0.0975216042269969,-2.81836567340875,0.00482688030237282,0.0187726367220228
"FBgn0034351",68.1036181287218,-0.237781923694603,0.203350644194386,-1.16931974637515,0.242274830272801,0.411629242734308
"FBgn0034354",104.799322183584,0.875655948016788,0.167261758738213,5.23524297856574,1.64767962072313e-07,1.74241520299178e-06
"FBgn0003067",313.373854407145,-0.381302986919885,0.0955763109539443,-3.98951354278179,6.62089392152902e-05,0.000433690248006554
"FBgn0050115",240.767217858718,0.121061169280426,0.109743648073587,1.1031268907632,0.269972064544562,0.444447552439665
"FBgn0034360",17.1447071064815,0.527735531741044,0.404705087688912,1.30400024065599,0.192233500319499,0.348013052534553
"FBgn0034361",48.0195009742612,0.149624112778905,0.239970249249138,0.623511094592247,0.532948713833629,0.69923027691397
"FBgn0034362",131.088576107889,0.172067974488018,0.151458867820956,1.13607065049123,0.255926997104589,0.427329265448136
"FBgn0034366",70.2352319234163,0.533515523900757,0.200466901826562,2.66136463944726,0.00778246254807302,0.0281151618158879
"FBgn0034365",108.691560171286,-0.157372657093607,0.158661355302527,-0.991877680570277,0.321257198031762,0.502786200711062
"FBgn0034367",175.517677915027,0.0907806772948513,0.125748387458788,0.721923192252489,0.47034170141192,0.64630839053482
"FBgn0000566",211.221212681043,0.0172262754500303,0.114839427024606,0.150003146970938,0.880762132430121,0.936583268750707
"FBgn0034368",395.576117739738,-0.00661683330634096,0.0880945174251889,-0.075110614141908,0.940126702818384,0.968801309987003
"FBgn0050122",1606.06423683087,-0.130250335321167,0.048323955197618,-2.69535750516522,0.00703131448876089,0.0257472277020403
"FBgn0034371",166.000945133381,-0.0452353700806413,0.129938716287156,-0.348128497596314,0.727743683351897,0.841084610173645
"FBgn0023214",204.706845224106,0.333247064827792,0.117252951009683,2.84212091856239,0.00448144908364251,0.0175987716717097
"FBgn0034376",196.566986684076,-0.646825753249666,0.119205056419109,-5.42616037171708,5.75792285543337e-08,6.54637082077049e-07
"FBgn0034378",193.401412420477,-0.468276047300835,0.124232563829667,-3.76935026425824,0.000163673064272049,0.000969396598791694
"FBgn0034379",41.5553858284919,0.173922636373526,0.265774640140827,0.654398915868605,0.512854832692467,0.684026135397609
"FBgn0034380",56.6486382012172,0.281526020951813,0.222335223988706,1.26622320971559,0.205433180236284,0.366040894523637
"FBgn0034389",36.7199296402166,-1.82913539675511,0.305320346372555,-5.99087292572105,2.08717680953139e-09,2.86641578851523e-08
"FBgn0034390",173.833859397623,0.470662365889493,0.134947187068122,3.48775232826381,0.000487099061233311,0.00254405081226456
"FBgn0034391",18.5352642557247,1.20413946511985,0.413382573957305,2.91289362682283,0.00358096562516168,0.014453175148222
"FBgn0034392",303.192776898095,-0.0251488549736428,0.0969423807195833,-0.259420645407798,0.795310702093697,0.886866040016993
"FBgn0010651",176.453402354278,-0.00941794343725575,0.125148885797837,-0.0752539135863287,0.940012689084033,0.968801309987003
"FBgn0010551",881.168474508867,0.343111743537133,0.0604332018843342,5.67753706305071,1.36647925713298e-08,1.6970037270207e-07
"FBgn0034396",64.0094955940264,-0.436313642494265,0.205495669496089,-2.12322548482011,0.0337349613862079,0.0923105440567986
"FBgn0034397",14.2356562647149,-0.349591441050523,0.440171617583283,-0.794216226320814,0.427069563764015,0.608364656680735
"FBgn0034398",1475.83968733023,-0.222133940242199,0.0498401857768591,-4.45692440306544,8.31439067261275e-06,6.72650871230865e-05
"FBgn0034399",212.644460766864,0.871653087231329,0.122517670946247,7.11450911937228,1.12311843482892e-12,2.29843814902312e-11
"FBgn0034400",1523.14137963623,-0.48824532564568,0.0490144113698179,-9.96126061704236,2.25188986762676e-23,1.05548257343925e-21
"FBgn0034401",686.707145876057,0.00938329880399223,0.0693233422775897,0.135355545415265,0.892330770215725,0.942128040345479
"FBgn0034402",28.9889400862289,-0.286850847677777,0.309275156907977,-0.927493984792084,0.353670113472595,0.537759182582336
"FBgn0034403",22.7129471405735,1.48401759714973,0.37649374231534,3.94167931722689,8.09131100890737e-05,0.00051974690079321
"FBgn0010053",55.1024461085853,-0.526304528518236,0.220024097102989,-2.39203130678856,0.0167554130923555,0.0528104451696152
"FBgn0034405",723.743763979956,0.7493320469501,0.0675507642313197,11.0928729745248,1.35853266915829e-28,8.08995068970078e-27
"FBgn0034408",44.0437979336641,0.0454883921252422,0.248063481734715,0.183373996878302,0.854504577395186,0.921885321469561
"FBgn0014269",191.148431923044,-0.534945421992032,0.129285886562057,-4.13769388304624,3.50813978122247e-05,0.000246485836659393
"FBgn0041702",87.9097564838932,0.445984012142427,0.181113904319312,2.46245043316021,0.0137991244921449,0.0453218817016404
"FBgn0034410",152.686782488959,0.146643014991976,0.136107828307355,1.07740323841499,0.281300157998569,0.456780456372911
"FBgn0034411",45.9986297767008,0.0175533933510019,0.247886640461747,0.0708121797863111,0.943547238093169,0.971357614389525
"FBgn0034417",46.4666916819485,-0.643224761738046,0.248988391563909,-2.58335241132295,0.00978453206934163,0.0340770016700704
"FBgn0027535",251.78028404779,0.111372730017857,0.109605925877788,1.01611960417212,0.309572434617466,0.489348071691883
"FBgn0034418",275.582374491624,0.405194367784209,0.10342095301511,3.91791369129047,8.93186731950745e-05,0.000568213801017703
"FBgn0034419",133.755650146294,0.0395014244333898,0.142356092146018,0.277483203127495,0.78140910160347,0.877289000641201
"FBgn0000578",1462.47914336374,-0.39829418361165,0.0507267759121723,-7.85175435358342,4.10257453763331e-15,1.03850885072843e-13
"FBgn0034420",942.220119406314,-0.273903384701476,0.0601871544967542,-4.55086117613763,5.34267912340574e-06,4.44102561001633e-05
"FBgn0034421",539.987334307598,0.180539283517197,0.0776575014084188,2.32481447693893,0.0200818825626961,0.0608910170358879
"FBgn0034422",48.5904705504389,0.0957604563110318,0.232621592771964,0.411657641794691,0.680590375993203,0.810970818696182
"FBgn0010434",4901.18773137054,-0.0333802948165852,0.0346842389618012,-0.962405283083993,0.335846060895571,0.518618764074015
"FBgn0034425",86.6720965692652,-0.0295488086648189,0.181417182463095,-0.162877673788313,0.870614749804565,0.931793776860661
"FBgn0013954",1335.01364698596,0.0374020343366421,0.0513721163066482,0.728060999344148,0.466576246575664,0.64269583977007
"FBgn0034430",132.173297441787,0.584165958305965,0.147698774348359,3.95511716927428,7.64971518260955e-05,0.000494001607125853
"FBgn0086358",346.126740558296,-0.602187855465675,0.0924290840207134,-6.51513386555605,7.26248611233024e-11,1.17509936761869e-09
"FBgn0034432",407.85223742062,-0.188498475558706,0.085707998892964,-2.19931019267071,0.0278558734462521,0.0796743781838666
"FBgn0034433",113.298228385647,0.0734489363029443,0.155195929530878,0.473265868022207,0.636023510019366,0.778555679385673
"FBgn0034434",26.0489526456836,-3.09165959904766,0.435050624040623,-7.10643641959004,1.19077475656995e-12,2.42324330713744e-11
"FBgn0034436",497.688501649777,0.245676884459315,0.0776740778950882,3.16291987130046,0.001561953167957,0.00711447634182294
"FBgn0034438",26.7881944381159,2.14089873570379,0.369777321176643,5.78969723965597,7.05134097456252e-09,9.16422042579548e-08
"FBgn0034442",17.4657438975044,0.0223693352813374,0.387478006271616,0.0577305935285958,0.95396322421557,0.976270294960715
"FBgn0261439",603.505963443958,-0.0150757080097911,0.0757233963002612,-0.199089168557791,0.842192993871955,0.91457878930938
"FBgn0034443",79.9309579307449,0.728586554595411,0.18691291846991,3.89799999143826,9.69904199147788e-05,0.000610672137789307
"FBgn0004873",1158.71941096267,0.00169416347612322,0.0575377488364992,0.029444382346925,0.97651017614061,0.987741912689918
"FBgn0085226",153.043864064182,0.390179604626709,0.139103969686063,2.80494945979821,0.0050324469961038,0.0194471954397309
"FBgn0012051",501.475032812071,0.315293994025332,0.078020714223389,4.04115749469534,5.31880210522332e-05,0.000358119530069022
"FBgn0020440",256.891365543537,0.0886889530449977,0.113099489144571,0.784167583035058,0.432941783773725,0.61372137738851
"FBgn0040273",393.473852320459,0.0572347547276778,0.0926657114474959,0.617647604854433,0.536807656968034,0.701043974091815
"FBgn0013325",6394.65013970362,-0.023398771236258,0.0381384366328385,-0.613522034516508,0.539531217778825,0.70384167663192
"FBgn0023211",193.226856497635,0.232632035882387,0.126403766525348,1.84038848111173,0.0657112233788004,0.155502292458301
"FBgn0003887",5409.88439738841,0.187287066049594,0.0449152378203439,4.16978903237075,3.04881733881659e-05,0.000219086626770549
"FBgn0034447",282.646459641954,-0.187099413253713,0.101103678199171,-1.85056979712581,0.0642314681487701,0.152497260163665
"FBgn0260934",1604.23282226694,-0.311457721591527,0.0499249034262839,-6.23852426778164,4.41718105285859e-10,6.52252446118245e-09
"FBgn0002716",14.0865049021553,0.367095861171933,0.455026617881087,0.806756894533734,0.419806558096041,0.601438502182556
"FBgn0034451",231.275620092027,0.225252330192291,0.113203885174109,1.98979328179284,0.0466137118085775,0.119062299952398
"FBgn0034452",13.4850642325472,0.185784776551738,0.460397686168137,0.403531082221576,0.686557573740152,0.814208418743423
"FBgn0026378",133.442979279262,0.230377435461478,0.142891733993703,1.61225166090875,0.106907187589576,0.22690058949409
"FBgn0261456",174.515130624695,0.147944474681368,0.130491997936303,1.13374365494491,0.256902092043087,0.428071949241519
"FBgn0034455",116.173671647855,-0.123163712402488,0.165010058566157,-0.746401240462009,0.455425070150667,0.632148096034504
"FBgn0003435",45.7243016862594,0.110071004278762,0.243217948363389,0.452561190567675,0.650864749899543,0.790460115015075
"FBgn0015949",949.880583265844,-0.104047265117096,0.0585113141665145,-1.7782418084303,0.0753641490797334,0.172937632048093
"FBgn0028372",85.1801426919252,0.15741864950709,0.177947218320093,0.884636753489023,0.37635257725406,0.560631837964065
"FBgn0034476",44.8429575214244,-0.791354662838951,0.247240440448667,-3.20074928439247,0.00137070743575843,0.00632266001319683
"FBgn0004364",24.2477085793528,0.714953356831969,0.337092020401582,2.12094417417605,0.0339265006452978,0.0926950083445238
"FBgn0034488",233.437739804779,-0.0543090646847687,0.111381473809945,-0.487595134334805,0.625836642683627,0.771937012459682
"FBgn0025720",196.584056961805,-0.0879799105732531,0.118143527018789,-0.744686677241837,0.456461155021074,0.63322327501014
"FBgn0034491",321.73645371441,-0.242839756084444,0.0981727689165368,-2.47359587352475,0.0133760908903679,0.044171500144783
"FBgn0005655",623.646683605358,0.0936690558444561,0.0702111853676479,1.33410446432396,0.182169622966106,0.335053749581965
"FBgn0010411",6920.65948835902,-0.334313648787224,0.0357117830941912,-9.3614381534929,7.86586333831015e-21,3.0889457920445e-19
"FBgn0034493",92.8625863479711,-0.154030425462022,0.169933495260733,-0.906415920096799,0.364715749492917,0.549688767716556
"FBgn0034494",758.48732280792,0.105933569874398,0.0652125603637062,1.62443506716468,0.104282988025303,0.222631768440738
"FBgn0034495",48.5452228796214,0.152394593162822,0.233680949777074,0.652148124646887,0.514305621173581,0.68514511578504
"FBgn0034496",136.209355801724,0.0730499834898505,0.141661480345797,0.515665820458283,0.606087830582341,0.755816005528813
"FBgn0034498",265.717674694044,0.00893609525584076,0.104303399869749,0.0856740553711562,0.93172552709256,0.964792752897299
"FBgn0034500",58.6243978789562,0.00177699366615414,0.211926330033415,0.00838495936712514,0.993309848772786,0.995639631806608
"FBgn0027529",303.758789498467,0.292267997434687,0.0986059413057293,2.96399987226434,0.00303668412907929,0.0125706610813453
"FBgn0034501",627.907376664382,-0.414014073148879,0.070002021954868,-5.91431592384294,3.33257697454573e-09,4.44241682937151e-08
"FBgn0034503",77.9263348753659,0.0883929909868661,0.193648658708103,0.456460641537958,0.648058767176154,0.788106284488576
"FBgn0034504",343.711268141345,0.0735100118797075,0.0946536134365099,0.776621295382615,0.437382233761636,0.617006199665686
"FBgn0050148",11.1544676292709,-1.29413888976259,0.51569063702922,-2.50952566681808,0.0120893429567836,0.0405489734907815
"FBgn0034521",122.634145850561,0.0411461652798413,0.15679719264569,0.262416466682654,0.793000378816221,0.885649154819346
"FBgn0034523",88.2072147444142,0.79164457071208,0.177997637531012,4.44750043704459,8.68752823795822e-06,6.99721647990759e-05
"FBgn0015907",530.817243879294,-0.0951593481359536,0.07668818229386,-1.24086065531341,0.214657229486309,0.376996630701401
"FBgn0050147",250.555310138727,-1.05800889283479,0.11068654578593,-9.55860430301076,1.19355391981073e-21,4.87144338619381e-20
"FBgn0034527",110.844885185463,-0.149673509437943,0.15801043909497,-0.947238108413737,0.343517460656757,0.527399482601719
"FBgn0034528",176.93875714813,-0.170518991864031,0.126214356200556,-1.35102691165397,0.176686812139252,0.327289569146269
"FBgn0034529",100.102963629213,0.529212507690061,0.170126467544467,3.11070061777271,0.00186644063751005,0.00830354637569535
"FBgn0034530",20.1226300122183,-0.562540849711626,0.370128877805445,-1.51985128273974,0.128548356863582,0.260503155540843
"FBgn0250850",427.404470443127,0.226175196828684,0.0839407037211545,2.69446391085811,0.00705019610703358,0.0257903699484385
"FBgn0034534",168.311449069211,-0.0626349131569216,0.129773961745376,-0.482646228214987,0.629346949324018,0.774425065521509
"FBgn0034535",31.4212022553059,0.26834816068778,0.289426118707595,0.927173269247651,0.353836579191324,0.537899717059002
"FBgn0034537",155.956992712507,-0.214670848272569,0.133026771539992,-1.61374169866275,0.106583465180028,0.226478173305909
"FBgn0034542",150.787284656295,-0.0124829270872153,0.135099628555899,-0.0923979378821934,0.926381877752993,0.962123538971653
"FBgn0000615",106.563364397631,0.300198852384307,0.164280027357564,1.82736061840864,0.0676455664587869,0.158889440776944
"FBgn0034543",148.575910811396,-0.116957580008899,0.134955408559943,-0.86663870130814,0.386140001525672,0.570300286863998
"FBgn0011674",29.9694513529096,0.989557856028964,0.30750773324972,3.21799339994278,0.00129090788288998,0.00599602825478102
"FBgn0016984",698.436428331218,-0.0314194128530556,0.0730538507871437,-0.430085649346563,0.667133338673859,0.800846613593124
"FBgn0050295",59.4805940294694,-0.227774860275716,0.213087655112304,-1.06892565013056,0.285103172903815,0.46098005561071
"FBgn0000044",18.0608659391097,-0.150544041111183,0.401230786826454,-0.375205607480709,0.707507560172386,0.827120236992546
"FBgn0034564",107.354478777994,0.349739228642931,0.16559824654825,2.11197422637581,0.0346886600104234,0.0942105102712993
"FBgn0034569",115.899178099232,0.29744456169797,0.160695272580839,1.85098514051394,0.064171690868235,0.152405143562513
"FBgn0261394",418.65616733101,0.0664573120333208,0.0864483344116519,0.768751792450537,0.442040672049453,0.62069424312394
"FBgn0034570",682.909762919236,-0.498621307843954,0.0692267566079592,-7.20272525069629,5.90208260854379e-13,1.24647180671717e-11
"FBgn0050291",126.627371536131,-0.220973925420066,0.148735694343111,-1.48568187613602,0.137363286727723,0.27247488878303
"FBgn0001133",110.893698931275,-0.189362161077554,0.160123424856227,-1.18260124180819,0.236967220137597,0.405456159750269
"FBgn0034572",157.924659284238,-0.0893898858015741,0.134125108759805,-0.66646645529776,0.50511299787496,0.676660934611322
"FBgn0034573",243.904432677169,-0.260746306939586,0.109747122616311,-2.37588285436134,0.0175070199188982,0.0544937873653793
"FBgn0034576",251.005640016462,0.232114473644764,0.106137403777949,2.18692435826274,0.0287480464099898,0.0817434666021823
"FBgn0003391",225.888620608598,-0.215416256387373,0.110642902651601,-1.94695051580208,0.0515406675264721,0.128807344196704
"FBgn0034577",594.513376607488,-0.233195612931885,0.0731282239909484,-3.18885924209986,0.00142835409440457,0.00655527005423195
"FBgn0034578",11.5932276928557,0.590577324303193,0.485416280109262,1.21664095025873,0.223740855014387,0.388963223661049
"FBgn0034579",35.5563112195682,0.744814930850308,0.280052865977008,2.65955118242374,0.00782448405650115,0.0282248642852437
"FBgn0034583",387.358905115711,-0.460741750073616,0.0930542036006089,-4.95132656286149,7.37092937337933e-07,7.0460265654738e-06
"FBgn0003748",322.955207612318,1.08592871422771,0.0999253852942363,10.8673958176906,1.64838814281789e-27,9.50439671235871e-26
"FBgn0034585",192.027887670138,-0.430789412722473,0.121662434288026,-3.54085807376346,0.000398828050917385,0.00211959457930856
"FBgn0085425",17.3977080516967,-0.339234171171549,0.398629812886633,-0.851000502734661,0.394769073518348,0.578808742504701
"FBgn0011824",220.202889355919,0.125187631567653,0.114275372935413,1.09549090369986,0.273301628462304,0.447899014387241
"FBgn0020312",375.879483557661,-0.00862734509108668,0.0880095166481268,-0.0980274113489329,0.921910527079113,0.9603074755875
"FBgn0002736",163.897234460664,-0.140592044226846,0.132689580313589,-1.05955602462967,0.289346628684983,0.466098283236452
"FBgn0034590",367.334603962995,-0.15131480115452,0.0890045552200538,-1.70007929122741,0.0891160119886954,0.197539941135203
"FBgn0021872",3840.34305880145,-0.19861417180767,0.0387701120258568,-5.1228681432545,3.00922791083804e-07,3.07916067214625e-06
"FBgn0026582",73.2091375562983,-0.392256735715974,0.199526862754748,-1.96593446265992,0.0493061815352435,0.124248841086904
"FBgn0050389",589.977696169751,0.258481395593804,0.0781031701031771,3.30948660921625,0.000934672368763916,0.004505902295335
"FBgn0034598",603.147350722575,-0.256114148046357,0.0744220577144835,-3.4413741827581,0.000578767562471965,0.00297575820336789
"FBgn0034599",65.5747099775802,-0.315093254139545,0.210646408358387,-1.49583967082627,0.134695440685212,0.269421400093324
"FBgn0261067",56.7017316437125,-0.361107168284032,0.220212248032187,-1.63981418613578,0.101043807660972,0.217377335699427
"FBgn0015844",139.381232023774,0.328200883784523,0.142392788857909,2.30489820739468,0.0211722750382329,0.0637449557201666
"FBgn0003162",26.0443248522788,0.26535912649568,0.323662739649899,0.819863067286383,0.412294173158208,0.595017315851088
"FBgn0003891",4027.67577693517,-0.390678447842139,0.040786994476766,-9.57850542443587,9.84593570474784e-22,4.0642456190337e-20
"FBgn0034603",171.039458816478,0.394735488961658,0.130537728447968,3.02391878313556,0.00249523414732936,0.0106509260166556
"FBgn0034611",286.24285385695,0.33380734108697,0.103671870521329,3.21984487603408,0.00128259980515069,0.00596166832016619
"FBgn0050392",63.6711604570455,0.131944232553044,0.215974380546105,0.610925389480988,0.541248975475821,0.705322655933962
"FBgn0050390",40.2060269296783,-0.0375964681242126,0.256458472475534,-0.146598658883455,0.883448812302236,0.938435445122388
"FBgn0016726",3078.01281711341,-0.218574677065329,0.0415659935602164,-5.2584975924774,1.45237086870826e-07,1.54487179519261e-06
"FBgn0034614",100.258942869581,0.0922146847242985,0.165891716330398,0.555872750997641,0.578297847266111,0.733601162980321
"FBgn0261554",279.428013928579,0.0649513365479894,0.100063569727669,0.649100733911052,0.516273267515653,0.686778032083899
"FBgn0034617",73.2038047871647,0.293351142460784,0.197470951262372,1.48554073693108,0.137400640535084,0.27247488878303
"FBgn0034618",561.864292334725,-0.201856553012605,0.0781204861679849,-2.58391316944119,0.00976863842702889,0.0340379655502949
"FBgn0250824",9.90410314959549,0.835127155087909,0.539060271345376,1.54922779414557,0.121326970256263,0.250409215599929
"FBgn0050394",213.597837004674,0.312928716910804,0.118614022817044,2.63821013299145,0.00833449192165943,0.0297543409389955
"FBgn0020306",1761.63270849304,-0.130831546060485,0.0480742134975492,-2.72144953691557,0.00649963077915734,0.024116352201521
"FBgn0000395",147.983719251021,-0.525874510715167,0.136181790727083,-3.86156260618613,0.000112664133277471,0.000697787662626453
"FBgn0034626",103.890636283936,-0.298765448876353,0.160629374834497,-1.8599677000809,0.0628900959167515,0.150139865105312
"FBgn0034627",24.3060061091907,0.428219364783313,0.341091024996218,1.25544014178638,0.209319024859868,0.370180797372673
"FBgn0034628",173.884263307948,0.311743952337043,0.131758077799467,2.36603294115682,0.0179798445568421,0.0557030152262082
"FBgn0034629",15.5929260794255,0.370775983778989,0.418425897497353,0.886121021659121,0.375552316309444,0.560117005411098
"FBgn0010415",481.892628960449,-0.0552778554886855,0.0807951489130908,-0.684172951375416,0.493865960235154,0.667355068441723
"FBgn0026369",369.862329482634,-0.140556945368097,0.0904567986769325,-1.55385717186497,0.120218489574084,0.248828298221004
"FBgn0010470",1317.31708828897,0.599803337094531,0.0522337361148412,11.4830640445822,1.60490276603837e-30,1.01387987784946e-28
"FBgn0034631",95.5441631390871,0.0705764724900453,0.170303909934431,0.414414868790847,0.678570301530073,0.809227386837817
"FBgn0043070",278.389542018334,0.122147257647009,0.102561035547211,1.19097137616929,0.233664822025562,0.401223099034674
"FBgn0034634",25.0554725664862,-0.161496189463722,0.330210790260748,-0.489069994763642,0.62479214342489,0.771433535347013
"FBgn0003731",31.5027355904116,0.0350671895403657,0.291749359727678,0.120196286199558,0.904327659632065,0.949363231892865
"FBgn0053225",16.2514435987606,0.0774416041681722,0.409813952822183,0.188967709944649,0.850118124535564,0.919154136399179
"FBgn0034638",443.713934384394,-0.803714537106135,0.0855347395845001,-9.39635218404029,5.64875316476511e-21,2.24252413890812e-19
"FBgn0042180",75.9984179621181,-0.066924834093557,0.187907179524014,-0.35615900501026,0.721721490835028,0.837353841382697
"FBgn0000326",79.616211350976,0.177127050994717,0.185649909606757,0.954091770741535,0.340037191268792,0.523272652948057
"FBgn0016641",175.628853126708,-0.217421130639023,0.130263524990803,-1.66908680426369,0.0951001780562587,0.207603002878221
"FBgn0034641",482.517922643191,-0.0478661953933207,0.079847230078961,-0.599472208941823,0.548858037115741,0.710532737470519
"FBgn0034643",341.509567417404,-0.445626712671714,0.0936416544950948,-4.75885133677403,1.9469776305917e-06,1.76368983619061e-05
"FBgn0034644",361.119482513951,-0.624411155271484,0.0922591385580331,-6.7680141504759,1.3056198989801e-11,2.31915123865292e-10
"FBgn0034645",194.785174285919,-0.242417740102401,0.119950446889714,-2.02098238387795,0.0432815887074922,0.112739243878986
"FBgn0034646",207.670249094261,-0.421380827178145,0.116763254341717,-3.60884791669938,0.000307559838398048,0.00168381478972255
"FBgn0259711",42.0206302796932,-0.215474969062656,0.25387222639108,-0.84875361171145,0.39601840747668,0.579704559806182
"FBgn0034650",60.4848451733611,-0.255517738695935,0.216476344954508,-1.1803494684356,0.237861250801243,0.406316009186699
"FBgn0034654",755.242194871646,-0.248229189283234,0.0659030262159546,-3.76658256132007,0.000165497371669348,0.000978306269469336
"FBgn0003687",87.9184322220204,-0.124142989810395,0.184750528385693,-0.671949308589955,0.501615968002617,0.674517320397312
"FBgn0034656",8.70230354339341,-0.35896707761729,0.555678776521378,-0.645997458935666,0.518281001059487,0.687942371957369
"FBgn0010228",483.383147668895,0.412531773996793,0.0781273727383344,5.28024634052973,1.29010316034281e-07,1.38647921004297e-06
"FBgn0050403",10.4147504898865,0.123381002300468,0.518911500058172,0.237768872508389,0.812060362510714,0.897689977729814
"FBgn0004362",1096.41331578509,0.113047984005272,0.0566342785733263,1.99610530676939,0.0459224615302128,0.117764448647016
"FBgn0050404",197.576556378055,0.00579957493729348,0.118003195352776,0.0491476092656254,0.960801662517157,0.978444642302655
"FBgn0034657",223.683437923898,0.241725711202325,0.112317693669766,2.15216056619755,0.0313847102709007,0.0876624068120314
"FBgn0034674",264.160396804888,0.0739310167318372,0.107260704875679,0.689264692205101,0.490656712727762,0.664793177539573
"FBgn0034684",11.0832369567439,0.280939639905168,0.502680042479295,0.558883616145831,0.576241151641207,0.731758777604155
"FBgn0259142",93.582948430119,0.333751269159211,0.170823187607338,1.95378200017194,0.0507270038641305,0.127211488806665
"FBgn0034688",87.1958284031941,-0.403235643959739,0.181970052542825,-2.21594508725462,0.0266952631512711,0.0769302208623502
"FBgn0034689",98.0599793650887,0.0399421999870525,0.165570639039493,0.241239631729182,0.809369396081454,0.895669255526544
"FBgn0067102",175.173973845423,-0.565839118319734,0.128098867796302,-4.41720624119419,9.99848190785373e-06,7.93868536180955e-05
"FBgn0034691",516.920297456573,-0.30362125316373,0.0793357193446772,-3.82704355203027,0.000129691575061986,0.000793773624958156
"FBgn0034694",115.49924530712,-0.50136365871124,0.156882945785223,-3.19578177348621,0.00139452542413616,0.00640811334999949
"FBgn0243516",375.067853819549,-0.175719291157709,0.0873726922522,-2.01114657941978,0.0443099764188473,0.114477944055094
"FBgn0002715",51.0617854335516,0.412258951658667,0.23366589428542,1.7643094766543,0.0776798893314201,0.177132578779902
"FBgn0034697",260.540410042717,-0.15908721255165,0.1065217785293,-1.49347123891563,0.135313877387215,0.270218614408498
"FBgn0029147",249.566427213446,0.706913279659395,0.111870039197323,6.31905812075833,2.63162295474995e-10,4.0420170753189e-09
"FBgn0000008",23.0329360693358,0.0753889161968579,0.352856158482776,0.213653394972665,0.830817357489027,0.909156213610149
"FBgn0034703",65.7042402895697,0.086432425975636,0.203804660640578,0.424094452521205,0.671496931081571,0.803959328330193
"FBgn0034704",77.3957262633542,0.238249866852199,0.185632849811525,1.2834466911115,0.199335624757366,0.357927166055924
"FBgn0034705",44.9689322292186,0.591757155111555,0.25147988767094,2.35309932970014,0.0186176600524852,0.0572881407375286
"FBgn0034707",109.035696164537,-0.0639330932692719,0.157935727548779,-0.40480450029602,0.685621220545131,0.813923258419187
"FBgn0034708",551.083905974157,0.187092016313187,0.0750920321642122,2.49150290544876,0.012720392670618,0.042391583831211
"FBgn0034709",283.035150929609,-0.589379763379133,0.110741545559761,-5.32211971938821,1.0256503303241e-07,1.12050370673753e-06
"FBgn0025186",121.367331458767,-0.198947092659919,0.149353231961738,-1.33205749917006,0.182841294809913,0.335948914211942
"FBgn0034718",152.09720399946,1.17030902785871,0.142670337059207,8.20288962640531,2.34676643801775e-16,6.45805233795415e-15
"FBgn0013272",3831.68318566497,-0.415889638821118,0.0382946247887664,-10.8602614887904,1.78238093516365e-27,1.01164042921593e-25
"FBgn0017482",26.6141144825673,-0.114788374889455,0.331208540903777,-0.346574320143523,0.728911141070579,0.841725782931349
"FBgn0034722",261.951259134235,-0.0509458661306896,0.105100163411622,-0.484736317023233,0.627863401434937,0.773552926152552
"FBgn0022984",166.925681424154,-0.112855570975887,0.128227476699285,-0.880120032624149,0.378794287961069,0.563691213035061
"FBgn0034726",72.9662459835018,-0.563912944230054,0.194342036923403,-2.90165191822246,0.00371200744706878,0.014932300167749
"FBgn0022986",90.0121580323372,-0.133236095907682,0.17734421023257,-0.751285287142756,0.452480981808284,0.629964513320224
"FBgn0022985",345.131677017603,0.217742543128078,0.0912974475546589,2.38497952527882,0.0170800719281645,0.053508720378661
"FBgn0034727",113.22494966489,-0.0413208443635264,0.161255567617472,-0.256244450805861,0.797762087306304,0.888324173542585
"FBgn0034728",625.066128102663,-0.00609152712945865,0.0704219847483546,-0.0865003613747336,0.931068668814376,0.964602479382691
"FBgn0034729",25.1117889209831,0.288695329793345,0.32850420411851,0.878817762981188,0.379500093501184,0.56372759194474
"FBgn0034733",11.8492901665057,0.0735335643935329,0.474796492077271,0.154873857790773,0.876920763410187,0.934550292823091
"FBgn0034734",311.282975858742,-0.104348922512551,0.100409460966755,-1.03923396767463,0.298695936459924,0.477138517673999
"FBgn0034735",159.989872857237,-0.213506320240344,0.130932988350128,-1.63065338178494,0.102963478479542,0.220397663863841
"FBgn0003175",492.110218860402,-0.371649610989005,0.0789173699895091,-4.70935119908849,2.48506558707288e-06,2.19902576005901e-05
"FBgn0034736",50.4052347276267,-3.79026678969096,0.366702063955442,-10.3360934182021,4.83862076344661e-25,2.45822236688389e-23
"FBgn0260866",12.6671825216592,-0.899099056116758,0.472185716256998,-1.90412167323461,0.0568943396601555,0.139123991124547
"FBgn0034742",236.015797112177,0.060442251386946,0.109996660787514,0.549491693240626,0.582668063660011,0.737985265427123
"FBgn0034743",4918.3927981201,0.287811543744543,0.0377457835121542,7.62499852869308,2.44037169718542e-14,5.89013301662861e-13
"FBgn0034744",234.399441607759,-0.344367385153598,0.120313727310085,-2.86224517229077,0.00420651372864878,0.0166905091417987
"FBgn0034745",13.1712038740385,-0.212160862665658,0.4633743153362,-0.457860644502328,0.647052562999465,0.7876737383028
"FBgn0034748",100.414042999461,0.0420756908143563,0.166835852271794,0.252198135121523,0.800887919456693,0.890537418929745
"FBgn0019949",88.6578022661566,0.18277389224153,0.182138481022296,1.00348861600068,0.315625166865008,0.49600191158864
"FBgn0026261",110.495173987365,0.0983179133865637,0.158775255002155,0.619226927931744,0.535766874732379,0.700558668957552
"FBgn0034750",167.048989086567,0.154866037622711,0.13010278927379,1.19033602958971,0.233914345046417,0.401556643847406
"FBgn0034751",4379.19893659735,-1.29029511380036,0.037115025731029,-34.7647640918014,8.29304371744243e-265,2.00829875357398e-261
"FBgn0040091",275.580425004542,-1.42840774146948,0.109111191399941,-13.0913036796907,3.69215737079679e-39,3.31154608627638e-37
"FBgn0034753",1920.95759163246,0.37056557308515,0.0458851556149347,8.07593584720324,6.69610809174946e-16,1.7754461783416e-14
"FBgn0034756",13.68525063601,0.23045793545503,0.443744065388864,0.519348772029377,0.603517548067605,0.75400773632178
"FBgn0050217",11.0249803292675,-0.648594226540889,0.527343659144489,-1.22992704149151,0.21872442691096,0.38280726608242
"FBgn0034758",10.7363695145456,-0.78027782808002,0.533555160810288,-1.46241267143784,0.143628159137643,0.281331511495005
"FBgn0260767",90.6935072816916,0.244215822946558,0.175181522697378,1.39407295464851,0.163295575247882,0.309588297018753
"FBgn0260768",35.8075024592768,0.339656152641191,0.278255078605314,1.2206647021274,0.222212997575458,0.387233731682826
"FBgn0034761",406.282169083547,-0.171292008456727,0.0843437437794453,-2.03087983507879,0.0422671858134453,0.110656254030515
"FBgn0050273",39.2897104902801,-0.983462846428467,0.273448099841288,-3.59652470431968,0.00032249696852418,0.00175369796132348
"FBgn0050269",35.737454237007,-0.614979285320997,0.276863273159087,-2.22123822457169,0.0263348304805753,0.0761310298337249
"FBgn0034763",136.649525409429,-0.210201426992401,0.140536217965347,-1.49571000298465,0.134729242469243,0.269421400093324
"FBgn0020257",281.365615400031,-0.607139839891809,0.101389446161886,-5.98819564437113,2.12181740528584e-09,2.90849121686824e-08
"FBgn0005631",543.619604979393,0.184460712752962,0.076852305792216,2.40019750678248,0.0163862278022789,0.0518267065666331
"FBgn0011211",2517.93771159251,-0.0137254179018453,0.0427239493078428,-0.321258173090421,0.748014750763895,0.854051102357331
"FBgn0000405",689.395727154653,0.669202615548366,0.0688803838753433,9.71543098191004,2.59150355421077e-22,1.11403984149948e-20
"FBgn0034786",170.219867443052,0.152882309727477,0.128358042683922,1.19106139771815,0.233629482653298,0.401223099034674
"FBgn0010078",7650.81009126401,-0.388266961402248,0.0353128544907347,-10.9950602125388,4.03644028385446e-28,2.36489827920989e-26
"FBgn0001263",12.0868579857613,-0.822082555807554,0.486825104227548,-1.68866097633146,0.0912844180672522,0.201104234206765
"FBgn0034791",144.792865911438,-0.261783360478627,0.137234038136548,-1.90756873464695,0.056446979336807,0.138356040783368
"FBgn0034792",519.385230865915,-0.0609389747641372,0.0756416182102509,-0.805627592402284,0.420457610932022,0.602015085420011
"FBgn0034793",132.355835921667,0.625092007911146,0.146788473600308,4.25845430897534,2.05845281479992e-05,0.000153223972331162
"FBgn0034794",38.915161012176,0.179916413853965,0.266768253180238,0.674429628372634,0.500038211388735,0.672985847673056
"FBgn0034797",27.8560933834358,-0.126408631165023,0.326024318061491,-0.387727614665792,0.698217617813574,0.822149142176933
"FBgn0050187",380.418650059062,0.346633156624178,0.0922112075732171,3.75912175696155,0.000170510847692775,0.001002234068356
"FBgn0010660",679.446539868414,-0.0295311318087006,0.0684867210654206,-0.431195001736053,0.666326587930991,0.800569596211962
"FBgn0261564",328.168099412974,-0.0246147854876148,0.0927232947129261,-0.265464957471829,0.790651301587771,0.884443440189711
"FBgn0034800",21.866572164656,-0.411089917808963,0.347782793350099,-1.18203064001253,0.237193543491555,0.405652328970373
"FBgn0034802",2168.08464846951,-0.163864378651121,0.0474728946491848,-3.45174609347179,0.000556971582353606,0.00287807496687462
"FBgn0034803",72.2501578799513,-0.395686154462309,0.195178972314573,-2.02729909769468,0.0426318337434595,0.111405946269445
"FBgn0034804",8.92359739083376,-1.47850344604082,0.590299455606948,-2.50466679580555,0.0122566799124355,0.0410533792364426
"FBgn0010622",56.3981404992143,0.207171556898598,0.218293195714429,0.949051830134088,0.342594251878339,0.52631576229565
"FBgn0034814",61.2701114859905,0.0129964292169676,0.213743134648486,0.0608039609709151,0.951515335761895,0.97513879451406
"FBgn0261363",133.308021399311,-0.142737029008962,0.145344012111048,-0.982063360820849,0.326068634382549,0.507253922918428
"FBgn0021979",407.318121269949,-0.185433058115164,0.0901060956559612,-2.05794132755652,0.0395957659217812,0.104948281438066
"FBgn0003062",407.197391623865,-0.285272980711585,0.0846504405096309,-3.37001176832776,0.000751649735198297,0.00372746438649531
"FBgn0034816",10.9034211826402,0.107847628191463,0.503148343668243,0.214345589225619,0.830277569005538,0.908702401148724
"FBgn0034817",123.326506966869,-0.094740186742964,0.152134846786027,-0.622738240083898,0.533456549178413,0.699559897072413
"FBgn0050410",205.176372370727,0.0253282426301617,0.116612681656539,0.217199727082524,0.82805269736419,0.907139600689703
"FBgn0034849",69.2816125147926,0.525875524574833,0.202884530858454,2.59199418679052,0.00954213839575262,0.0334242985854373
"FBgn0085452",32.4477362033436,0.400401056579621,0.289124541943469,1.38487398505904,0.166091003018912,0.313415879722699
"FBgn0085453",29.2484120971015,0.439686986779816,0.305782623867879,1.43790703741817,0.150460432677156,0.290973555964155
"FBgn0003977",426.178690231847,-0.0646168251588213,0.0849836718807709,-0.760344001721606,0.447048986512123,0.625180151493855
"FBgn0034853",189.970594965904,-0.202858763216475,0.124178804945148,-1.63360215381426,0.102342415293025,0.219584322568905
"FBgn0034854",658.879703868365,-0.0517491617171381,0.0732278483629785,-0.706686907699731,0.479761067410382,0.654055949472025
"FBgn0040660",395.39239923833,-0.427805259530227,0.0909632455005181,-4.7030562418509,2.56295782202703e-06,2.262440896358e-05
"FBgn0041712",24.1496509815327,-0.311118122053746,0.33203754303712,-0.93699682032331,0.348760193511386,0.532746595008456
"FBgn0034856",13.9499090978393,0.735948864717427,0.446080268698992,1.64981263767583,0.0989812631790331,0.21401752291538
"FBgn0050414",21.6477569005472,0.567131430349847,0.362886551592831,1.56283397072864,0.118091651661763,0.24547520724541
"FBgn0250838",488.041103679378,-0.0729905144190233,0.0913093192934882,-0.799376394258462,0.424072193914666,0.605162932388538
"FBgn0034858",335.873574802128,-0.15855417612138,0.0959914811722664,-1.6517525741356,0.0985850003064405,0.213365879612075
"FBgn0028497",398.422246338478,-0.264623851273454,0.0856321289166063,-3.09024024768975,0.00199994652101678,0.00880049150526161
"FBgn0034859",149.654822602445,0.244088852710647,0.139677290328667,1.74751995930259,0.0805471858068713,0.182240829924298
"FBgn0015372",94.9989499242267,-0.0985248453663639,0.173451189639538,-0.568026345458431,0.570017078954317,0.72742221026437
"FBgn0034873",169.221137315083,-0.331963259913564,0.135522238835867,-2.4495113330854,0.014305020797749,0.0465618172471535
"FBgn0050185",111.637013494194,0.392217098862775,0.160908855513088,2.43751095992895,0.014788765908047,0.0477512819208718
"FBgn0034876",175.598122410314,-0.288070560967823,0.128373873210652,-2.24399680217734,0.0248326070952763,0.072774865085592
"FBgn0034877",366.953708741321,0.346527114301853,0.0919596411867475,3.76825213571834,0.000164394610198115,0.000972578862450574
"FBgn0034878",309.089969800232,-0.0758577543397248,0.0972269128200291,-0.780213545195459,0.435265190789816,0.615138152715205
"FBgn0010501",60.6059741368454,0.292745222588176,0.213666951251661,1.37010062095834,0.170655494031727,0.319210134948635
"FBgn0034879",135.188984045608,-0.318848874806407,0.144025435044082,-2.2138372622087,0.0268399757681748,0.077285938944031
"FBgn0015277",155.123087638026,-0.186486249728517,0.135103835804143,-1.38031795040122,0.167488770466405,0.315224395549613
"FBgn0050184",8.27631006960427,0.502571500922515,0.597718720129578,0.840816062802189,0.400450987049899,0.583330105967658
"FBgn0015903",175.180532770063,-0.501216784045856,0.131662863753723,-3.80681970417556,0.000140765288255209,0.000854352396970837
"FBgn0034885",39.2349335205656,1.96240169155856,0.300425168669606,6.53208151716717,6.48618336819046e-11,1.0565498244373e-09
"FBgn0034886",1596.58232489869,-0.532891802789862,0.0498540835343028,-10.6890301658679,1.1456263509374e-26,6.21117570116434e-25
"FBgn0250870",17.6207277845431,-0.501756467739983,0.393206867937226,-1.27606231898291,0.201933490376929,0.36145914612063
"FBgn0050183",83.380493682076,0.034844323945559,0.178539983024588,0.195162581262037,0.845265671584984,0.91651753808108
"FBgn0016762",67.9638272342241,0.0384990166141137,0.198725369685923,0.19372975214468,0.846387494318085,0.91694082108871
"FBgn0034893",56.1164214334724,-0.37799714485535,0.225213005196264,-1.67839838789923,0.0932693521248365,0.204331224591169
"FBgn0034894",149.700086970133,-0.379027511035759,0.138869368766651,-2.72938168007848,0.00634532149648366,0.0236282730250916
"FBgn0013548",168.712131768401,-0.588625676818066,0.138610523098149,-4.24661608412853,2.17023360908258e-05,0.000160885175203928
"FBgn0011297",147.340778973189,-0.0126566508096232,0.137001873083086,-0.0923830494050796,0.926393706446246,0.962123538971653
"FBgn0002174",222.745196085316,-0.149951928404248,0.120353981684886,-1.24592411738281,0.212792255004695,0.374681466943555
"FBgn0034897",234.706130127261,-1.89417657076598,0.122467816526739,-15.466729337437,5.8189323603919e-54,8.45490871964943e-52
"FBgn0000562",403.375030844754,-0.183266033814048,0.0941594025812331,-1.94633811164999,0.0516141384031963,0.128946600928205
"FBgn0034902",99.7701474241722,0.557438873750966,0.170602276394759,3.26747617635007,0.0010851099874457,0.00514241621578147
"FBgn0010278",1116.00325617892,-0.0228739651504779,0.0570060170773683,-0.401255276604107,0.688232187317151,0.814997099076685
"FBgn0034908",117.654669925242,-0.103546072768243,0.157406913094569,-0.657824175143016,0.510651118164732,0.68208868789608
"FBgn0028411",143.511983005993,0.203427334389395,0.140337422922643,1.44955871465253,0.147181615925586,0.286284990548697
"FBgn0034909",42.0345909589772,-0.583787193425208,0.25610617344321,-2.27947333551746,0.0226389432703727,0.0676004615122308
"FBgn0003401",69.5410032099497,0.258786662330372,0.202786454723972,1.27615359064602,0.201901230532199,0.36145914612063
"FBgn0034913",170.854809460268,-0.0224652824094206,0.127857550245822,-0.175705559556148,0.860525267365792,0.925768705377236
"FBgn0034914",891.565388023217,0.0678411893333478,0.0629450311204005,1.07778466585523,0.281129864242592,0.456608196673918
"FBgn0021895",732.632808570391,0.0478406440200127,0.0664260027852925,0.720209586818691,0.4713959621628,0.647022797111797
"FBgn0034915",251.836387851107,-0.281327960565329,0.105551896717406,-2.66530464458188,0.0076918607384642,0.0278016757537027
"FBgn0024234",389.89378527253,0.248069631748771,0.0877433272177149,2.82721934094479,0.0046954154281345,0.0183300338986551
"FBgn0034918",62.5073790977157,0.0106192430248475,0.20902075463345,0.0508047301018982,0.959481121670539,0.978444363714638
"FBgn0025790",229.381277867243,-0.109872522026122,0.111786174115881,-0.982881137986036,0.325665942112946,0.50706452409999
"FBgn0025335",207.640858339644,-0.235076256855106,0.124242135840225,-1.89208158138406,0.0584801119587156,0.141808415680931
"FBgn0034919",44.5703029915785,-0.52953328541028,0.252906348182837,-2.09379198748881,0.0362785142461056,0.0976160762955397
"FBgn0025352",574.100731043375,-0.465226895163157,0.0745674678239805,-6.23900621463162,4.4035950150171e-10,6.51570626967398e-09
"FBgn0011236",511.494384878607,-0.395969552210843,0.0771358521623438,-5.13340478014642,2.84547020273036e-07,2.92395205414937e-06
"FBgn0020372",12.4487684775476,0.0349879743828362,0.465850146083187,0.0751056421834597,0.940130658693513,0.968801309987003
"FBgn0025336",160.998544467541,-0.231625054362461,0.132436653473518,-1.74894976796418,0.0802997027396203,0.181850791896303
"FBgn0034921",88.2226831180162,-0.224973047847021,0.175011530958758,-1.28547557189267,0.198626147713782,0.356917873643489
"FBgn0034922",213.072676974339,-0.252425727437266,0.115533612208556,-2.18486830465925,0.0288985040563213,0.0819473926562025
"FBgn0034923",112.84824206267,-0.0515083373014072,0.162397193457718,-0.317175045976505,0.751110783551271,0.855949736021542
"FBgn0034925",82.5579303764429,-0.121357594940149,0.188861299706433,-0.642575239759484,0.520499753633867,0.689916203274957
"FBgn0034926",173.237306796138,0.0672765867658732,0.126604844255185,0.531390304704853,0.595148338632829,0.747571681000264
"FBgn0015268",1650.18220690732,-0.262625733301465,0.047712599527037,-5.50432665385679,3.70581883816727e-08,4.32147252958029e-07
"FBgn0025698",1213.67255276253,-0.302065838520769,0.0533691037343444,-5.6599383797855,1.51427357218362e-08,1.87095195610782e-07
"FBgn0004551",2113.52382747415,-0.169668633729706,0.0436061592111613,-3.89093276727472,9.98596019939399e-05,0.000624875114974999
"FBgn0034933",83.26516964415,-0.212491541520484,0.189036413692133,-1.12407730008331,0.260980234349965,0.433516151084372
"FBgn0023477",454.557899857762,0.536940512386008,0.0850507742941509,6.31317606267736,2.73366192502451e-10,4.16353330928785e-09
"FBgn0001123",378.60564809542,-0.0822803401227172,0.0893379199721528,-0.921001296519603,0.357049750121133,0.541650957325126
"FBgn0034936",181.032355037784,0.0730713198965958,0.124165110030894,0.588501229358349,0.556195908932052,0.716320382625662
"FBgn0034938",57.6257055119194,0.551705958343651,0.218932008212056,2.51998765666678,0.0117358949662844,0.0396011504552049
"FBgn0034939",149.67892791177,-0.164345667744888,0.139733669822142,-1.17613505717035,0.239540910857304,0.408225361805844
"FBgn0034940",67.6422292081456,0.229947048528161,0.215509136598074,1.06699443076055,0.285974350822582,0.461587127022008
"FBgn0020764",202.438653402658,-0.73369178863737,0.119670139151477,-6.13095124514453,8.73551750020931e-10,1.23469911749067e-08
"FBgn0085242",19.4584583421968,0.240218025075061,0.370708223405391,0.647997562256312,0.516986526974565,0.686888646391773
"FBgn0003008",46.649481191814,0.0609492529684256,0.237775273341052,0.256331333834714,0.797695004375763,0.888324173542585
"FBgn0034945",55.4146695456124,0.158653231777928,0.219265438004021,0.723566984483063,0.469331616629401,0.645164464486773
"FBgn0034946",180.584700671157,-0.26290186041931,0.125189005356039,-2.10003953359653,0.0357253636105139,0.0963417841983605
"FBgn0002791",121.146609356156,0.212759993324535,0.156945657313996,1.35562841919782,0.175217424895855,0.325065013245248
"FBgn0034948",326.355276850133,0.207919529857337,0.0959585497384684,2.16676398740929,0.0302528547200608,0.0850568844973845
"FBgn0005612",202.054860771701,-0.142195786872158,0.11829803124086,-1.20201313057055,0.22935844081539,0.396389104131863
"FBgn0019948",699.779486624688,-0.358977675785719,0.0705249512509944,-5.09008045263494,3.57911628067511e-07,3.59147510761115e-06
"FBgn0034950",26.7428537563225,1.06254945872394,0.330843378234363,3.2116388860328,0.00131980158433056,0.00609946470112057
"FBgn0034951",100.830451271679,-0.443955895782705,0.164332549895775,-2.70157005452831,0.00690129400832588,0.02534777602148
"FBgn0053519",60.4690465662225,0.311558021149903,0.213254399822139,1.46096878380822,0.144024008346124,0.281727092254872
"FBgn0034956",10.7060131843233,0.232456732462504,0.496535146375569,0.468157660458297,0.639671847543249,0.78117599132656
"FBgn0034958",287.96194670439,0.0709122854207785,0.101915259228047,0.695796546639835,0.486556252234939,0.660963196052138
"FBgn0034959",90.2964912425042,0.0817055611199838,0.174852068493433,0.467283926486992,0.640296754769579,0.781545014012263
"FBgn0022708",577.471717714995,0.0592939908971433,0.0726556179594227,0.816096436345202,0.414444981978568,0.596580700232673
"FBgn0061198",107.947698937119,-0.21115765690685,0.1574117353736,-1.34143529010521,0.179779166206253,0.331664713684212
"FBgn0034961",67.0592139669049,-0.186201414854689,0.210161350303809,-0.885992665090498,0.375621479747126,0.560117005411098
"FBgn0013764",237.748640349138,-0.463371045456193,0.112616704472261,-4.11458537725481,3.87875978090466e-05,0.00026837323626926
"FBgn0034962",206.795812821158,0.175574382838174,0.117957097723622,1.48845967073174,0.136629710236121,0.271651572212758
"FBgn0034963",44.7793301453739,-0.0950953778460333,0.247664711388918,-0.383968217808396,0.70100200378823,0.823772994849703
"FBgn0034964",562.165959232287,-0.281357838846658,0.0757351619711117,-3.71502260672498,0.000203185528352423,0.00116875919515468
"FBgn0011726",3492.23890260947,0.335586840448073,0.0384356362129787,8.73113791036335,2.52123024555616e-18,8.03365690086208e-17
"FBgn0028552",143.013208553411,0.358887085483611,0.145964318052124,2.45873162888653,0.0139428801320058,0.0456901326833657
"FBgn0003353",41.7642058730123,0.068153730730796,0.261169682139744,0.260955751725918,0.794126630209367,0.886361955518674
"FBgn0034965",27.8001988348206,0.474819858550648,0.312246717790632,1.52065604375392,0.128346174831815,0.260238615727919
"FBgn0034966",15.9931743558933,0.747108608250196,0.413339221664079,1.80749507690652,0.070685121610792,0.164381372760052
"FBgn0034967",3940.25130429205,0.0144181866191574,0.0378764131322267,0.380663991831103,0.703452591076471,0.825219291808584
"FBgn0034968",6850.8081907443,-0.335186108289415,0.0378256231400204,-8.86135059952997,7.90508343430429e-19,2.65881625695466e-17
"FBgn0023170",3253.88027265633,0.740435213147424,0.038729759972758,19.1179912725572,1.7886455513618e-81,4.19177739698177e-79
"FBgn0025806",181.008678755039,0.0170073041747466,0.124346091158229,0.136773934880711,0.89120948694481,0.941813899474118
"FBgn0034970",343.321570224731,-0.497232617404552,0.0951047888373797,-5.22826056903163,1.71112241484831e-07,1.80163831070623e-06
"FBgn0034971",532.162608530952,-0.0717267026611697,0.0779475690562338,-0.920191656130083,0.357472613815936,0.542179235777197
"FBgn0259209",10.7840499257782,-0.116182787220397,0.491601294096398,-0.236335397436147,0.813172421592982,0.898024684665253
"FBgn0086129",342.141837198657,-0.230435869835619,0.0953805619724174,-2.4159625931147,0.015693673516134,0.0500502801118147
"FBgn0023081",478.524224353336,0.0831385495825192,0.0810071923850306,1.0263107155641,0.304745147966886,0.483819507632496
"FBgn0034975",598.842875988569,-0.155401523495703,0.0707393389331716,-2.19681899547454,0.0280333758824446,0.0799941819309294
"FBgn0034976",134.387116753687,-0.0242776928774823,0.14338228071106,-0.169321430493953,0.865543820255449,0.929077221012854
"FBgn0041582",224.545149778314,0.00879968588698786,0.11287989784973,0.0779561822309793,0.937862908383545,0.967721336535846
"FBgn0021875",90.5604508537436,-0.121094247178433,0.173993600088949,-0.695969547825481,0.486447900744148,0.660939592090188
"FBgn0034982",174.800389558828,0.158930892830716,0.125474097229674,1.26664304696929,0.205282952954004,0.365982982383029
"FBgn0015544",111.05938388005,-0.171709958872731,0.178349705278084,-0.96277119496777,0.335662359215539,0.518517337805846
"FBgn0034985",65.9423668044877,-0.455953075337209,0.206658202488686,-2.20631491925501,0.0273619574911324,0.0784083111528345
"FBgn0034986",86.1418097298845,0.211853896312721,0.178827781687478,1.18468111785316,0.236143550869644,0.404142025222136
"FBgn0259937",957.14860485619,0.1130740485385,0.0643457759527977,1.75728782292481,0.0788687623129214,0.179336950924374
"FBgn0034987",381.597444020092,-0.133960591842883,0.0880607223981431,-1.52122976276774,0.128202189020615,0.260019235967272
"FBgn0034988",55.4069146390981,-0.132451789986039,0.219292426474091,-0.603996189543227,0.545846175542665,0.70835304567924
"FBgn0034989",414.056811045798,-0.148805843663523,0.0843642495303511,-1.76384955110622,0.0777573124189561,0.177253490656955
"FBgn0034997",1364.6830507116,0.165710342187172,0.0513809529721493,3.22513173854511,0.00125914713434332,0.00585640456530362
"FBgn0005636",91.4014955585821,-0.605962052813987,0.173760250602191,-3.48734564271137,0.00048784043531284,0.00254426472544708
"FBgn0003888",1599.703978437,0.357463849805442,0.0501500323818669,7.12788871368093,1.01920125289167e-12,2.10355031314147e-11
"FBgn0004101",95.6038677868935,-0.0684723844813079,0.172017260843127,-0.398055312273296,0.690589413955546,0.816453894935035
"FBgn0035001",2334.11416486093,-0.512816360608208,0.041971200327284,-12.2182915096389,2.48247012392306e-34,1.84032096431643e-32
"FBgn0002787",446.522446483332,0.0111665810545508,0.0842979386427499,0.132465647847858,0.894615992591359,0.943306993639509
"FBgn0035002",104.573356214836,0.0445341326399627,0.168027154847349,0.265041282645186,0.7909776596974,0.884614023660963
"FBgn0019886",560.644044619153,0.0594034555022563,0.073494380514154,0.808272075860494,0.418933973863873,0.600543670110701
"FBgn0035016",409.716454249829,-0.271887142627971,0.0874588887651996,-3.10874224983472,0.0018788554840199,0.00835366284663683
"FBgn0050169",65.6290291245298,0.179658833704366,0.201179209699865,0.893028827245099,0.371841735280394,0.556307703215005
"FBgn0035020",95.4741247553687,-0.78951995843058,0.17698103630708,-4.46104269081509,8.15618389516108e-06,6.60587246358364e-05
"FBgn0035021",88.3377295933035,-0.0934041589074045,0.176865842556892,-0.528107392343773,0.597424800321162,0.749216126915552
"FBgn0035023",382.025260756889,-0.370781791819486,0.0904295072749165,-4.10023014603259,4.12739467713892e-05,0.000284222960468381
"FBgn0016687",563.711613465639,-0.0480682600230927,0.0725098013066093,-0.66292086251671,0.507381239432353,0.678719334280251
"FBgn0035024",309.884376403309,-0.0816925066861115,0.099753686505443,-0.818942232091383,0.412819373274295,0.595420438125423
"FBgn0035025",137.25804105593,0.0919430009745747,0.144353831227207,0.636928027423535,0.524171725524255,0.692354112495502
"FBgn0035026",152.332280994326,-0.290442610757749,0.139484014208775,-2.08226449751457,0.0373183168535804,0.0999696061730316
"FBgn0035027",116.413603753225,-0.121489028502393,0.159188526241663,-0.763177041528492,0.44535781881949,0.623896719035752
"FBgn0035028",125.325884103097,0.0391272521846173,0.148081332045275,0.264228121426233,0.791604143080222,0.88475227701182
"FBgn0035032",500.122526781647,-0.346010086766621,0.0861388384678489,-4.01688823440275,5.89716749686688e-05,0.000393054329034293
"FBgn0035033",152.311910240565,0.056911248882548,0.137718564614903,0.413243116799007,0.679428501140823,0.809719170076785
"FBgn0035035",109.164739880607,-0.188366067666924,0.163092061342719,-1.15496772875471,0.248103641980061,0.418207183059198
"FBgn0035036",80.5946285605049,0.14916895981948,0.184273445373446,0.809497860731785,0.41822883284554,0.600362076787759
"FBgn0259742",62.6322340526321,0.369249236374072,0.21204766850537,1.74135013592342,0.0816222230244184,0.183987539380643
"FBgn0035039",95.3974049136764,-0.182835907329606,0.174146698900315,-1.04989591237824,0.293765971137543,0.47175282500315
"FBgn0015040",72.1584547984718,0.111477562748132,0.195134751411979,0.571285032222555,0.567806446113848,0.726252435038223
"FBgn0035044",45.3818673897298,0.627617139517848,0.263181117531106,2.38473468539653,0.0170914426456348,0.0535212632847143
"FBgn0035046",137.47814278138,-0.0603525548509737,0.145595119589243,-0.414523199824569,0.678490980124562,0.809227386837817
"FBgn0260456",222.602675570709,-0.174369856985244,0.113176288162789,-1.54069248793914,0.123391645961676,0.25323172539875
"FBgn0261373",14.3494239913527,-0.237818344818735,0.448399400414126,-0.530371683367762,0.595854254924264,0.748111671439452
"FBgn0035047",65.9642939928683,-0.148151838644256,0.200774032297424,-0.737903387948028,0.460573160053121,0.637220456258468
"FBgn0035049",574.480454230939,-0.00227202592507733,0.0763906934438415,-0.0297421822299283,0.976272670234769,0.987741912689918
"FBgn0050421",450.272661967337,-0.0727975864636649,0.0814732788354487,-0.893514873885141,0.371581510464915,0.556232333532848
"FBgn0040666",75.4112057883785,0.142359615581246,0.192998805506976,0.737619153690051,0.460745912832173,0.637220456258468
"FBgn0035059",78.9599037970471,-0.426942743036787,0.192573231202219,-2.21704096863005,0.0266202920742646,0.076756777988382
"FBgn0027590",129.405823383949,-0.701107177126457,0.147999605049389,-4.73722329794387,2.16666389199844e-06,1.93376083235487e-05
"FBgn0035060",653.465165632882,-0.152526496330911,0.070556597482724,-2.16176093763956,0.0306366078463816,0.0859362764494064
"FBgn0086908",379.056461344633,-0.0183321979274162,0.0886694574969843,-0.206747604472935,0.836206977510868,0.911210993192809
"FBgn0035063",65.715135992724,-0.292407821957244,0.20927346577564,-1.39725225495492,0.162337727904985,0.308411626048359
"FBgn0035064",83.9578077118161,-0.226508950396271,0.181764165036853,-1.24616945452557,0.21270219053806,0.374613676184001
"FBgn0035065",75.6198076553392,-0.275023525328073,0.195805575095774,-1.40457453876659,0.160147832241641,0.30514907712084
"FBgn0041205",500.665277675934,-0.117658869033881,0.0767963863057384,-1.53208861372022,0.125500569136969,0.256040897158125
"FBgn0015801",215.116162019742,-0.525138454734202,0.116424635533865,-4.51054411573789,6.46615516232631e-06,5.3140969744684e-05
"FBgn0028738",18.947695880231,-0.115563596517049,0.37793602030273,-0.305775555408773,0.759775541548744,0.862194518799067
"FBgn0023181",111.125813110862,-0.259514164458409,0.160094365865087,-1.62100747928321,0.105016034668224,0.223802139004004
"FBgn0050420",61.2160627240477,-0.176202568073679,0.213699593282532,-0.824533942096564,0.409636238061409,0.592240252640028
"FBgn0035073",147.161539719343,0.345965321716998,0.139600370312689,2.4782550428919,0.0132026733327675,0.0438179176622001
"FBgn0050423",316.945532624933,-0.20665739490086,0.0966695680776117,-2.13777095533254,0.0325353374128663,0.0896696609652784
"FBgn0085442",1278.47396269523,-0.322866872626569,0.0529821845587706,-6.09387618338819,1.10208914923633e-09,1.54271246034719e-08
"FBgn0035076",8.29223274507095,1.78837829994785,0.627902836534403,2.84817681318098,0.00439704879275367,0.0173047451134103
"FBgn0085434",143.823047067882,-0.459229178629335,0.139283846651336,-3.29707420975317,0.000976976838611639,0.00470360287111568
"FBgn0066084",6496.66785764313,1.08708509719717,0.0391601154264585,27.7600074810475,1.31941942148841e-169,1.06506467745704e-166
"FBgn0060296",34.1566226079618,1.1615944012981,0.313041547293649,3.71067167071107,0.00020671006179513,0.00118621532301866
"FBgn0022343",291.93345519498,0.0192245851635294,0.103008262745046,0.186631486166425,0.851949578082098,0.920501282726674
"FBgn0035082",86.6663721598813,0.0344893402180788,0.176033837706537,0.195924491946687,0.844669266968282,0.916309127150152
"FBgn0035083",650.412487331417,-0.215548811813208,0.0685064181723178,-3.14640317745159,0.00165291978809399,0.00746794916697936
"FBgn0035084",26.3123826734458,-1.03077520941658,0.335205149838429,-3.07505779643725,0.00210461764994617,0.00919425569865238
"FBgn0035085",138.329652506902,-2.45302163317971,0.175127513043065,-14.0070602874175,1.41126822961552e-44,1.55346419517526e-42
"FBgn0027599",118.75365341219,0.175727828715585,0.152433102753334,1.15281933872294,0.248984545039931,0.419302902112911
"FBgn0035086",9.25366808187849,0.354153857486021,0.552310453582566,0.641222441452627,0.521378171216958,0.690335161002697
"FBgn0035087",1286.92077800511,-0.152385938776803,0.0546063136970391,-2.79062856398353,0.00526058034196997,0.0201572342744788
"FBgn0002607",8002.85243809123,-0.0984201391910229,0.0347984276809461,-2.82829270602111,0.00467969971823379,0.0182950159866965
"FBgn0035088",184.183681290411,-0.0206861124831911,0.122905190176343,-0.168309511205434,0.866339791743798,0.929077221012854
"FBgn0010435",17.9766112501945,-0.112289019534497,0.386305747535454,-0.29067395515308,0.771300692691715,0.870243754062015
"FBgn0035091",139.469769441618,0.574151948656365,0.145296689860316,3.95158313109773,7.76358936738582e-05,0.000500465632245413
"FBgn0005634",5904.6262653212,0.109267692914819,0.0325147725181285,3.36055535538184,0.000777859415018422,0.00384431880959785
"FBgn0004055",401.497538049777,0.083871515318443,0.0857434725949122,0.978167932557232,0.327991273740103,0.509592943482004
"FBgn0004919",37.8324870419026,0.417609592943754,0.28164172001603,1.48276893394908,0.138135812566414,0.273448686183923
"FBgn0050428",41.0524641413023,0.182038043094629,0.257711687754341,0.706363163738825,0.479962322416555,0.654207555789169
"FBgn0028993",22.5399408864233,-0.420383088794016,0.347935186693985,-1.20822240713398,0.226961725097465,0.393057671712296
"FBgn0085736",11.7041228065294,3.1442257720868,0.676159816226035,4.65012219986127,3.31738411825898e-06,2.85893186466803e-05
"FBgn0058002",31.6904587323866,2.69081647896217,0.782125752432321,3.44038854441762,0.000580879627805197,0.00298239611025071
"FBgn0040022",388.942968697281,0.317166771423928,0.0910667516063518,3.48279438795538,0.000496209314821068,0.0025842011986918
"FBgn0040020",48.1893695512424,0.707128326399959,0.24555956037701,2.87966115151166,0.00398102784528431,0.0159170101162795
"FBgn0260008",151.02071506174,2.36734185283404,0.165537607580243,14.3009306914532,2.15902727365413e-46,2.52989244243504e-44
"FBgn0058354",25.5839241117737,0.28635910212318,0.327756010035839,0.873695960882205,0.382283851183039,0.566618614013669
"FBgn0069977",38.5874941496338,0.727879141646424,0.285275781524466,2.55149293696352,0.0107262498189322,0.0368097330819758
"FBgn0040001",33.3126659579047,0.485706283063449,0.290040701121185,1.67461422202435,0.0940099470362029,0.205593698139077
"FBgn0058178",98.0299737293557,0.437810035350781,0.170934046967991,2.56128046528241,0.0104287128474044,0.0359989395937889
"FBgn0058160",398.37409399594,0.265270940750909,0.0897849460780075,2.95451467465866,0.00313161259682808,0.0128900870239084
"FBgn0063670",92.3009749457619,0.798562769699052,0.173894675234863,4.59222094420377,4.3855370910504e-06,3.69188029739064e-05
"FBgn0260987",389.895065067884,0.278474964141747,0.0908604641758303,3.06486398311648,0.00217769010392582,0.00946793453322624
"FBgn0028697",6843.5337492599,0.157401769812252,0.0338543412637379,4.6493821452922,3.32930856557666e-06,2.86580885413678e-05
"FBgn0024804",99.3434212264987,0.336514478418151,0.167923441447891,2.00397559457222,0.0450726748116972,0.115953605703605
"FBgn0039955",222.572943591336,0.341655174564254,0.112232833388315,3.04416420979196,0.00233327743755349,0.010060095301974
"FBgn0067318",317.324802981134,0.538251205855171,0.0988339770662125,5.44601382877243,5.15111335063858e-08,5.91198080448488e-07
"FBgn0086378",171.568182551028,1.27296509869829,0.137166575142325,9.28043218530059,1.68792498178897e-20,6.38686197536293e-19
"FBgn0010247",169.223669295717,1.02949263498056,0.139188442823257,7.3963945145059,1.39931866734907e-13,3.14738393755139e-12
"FBgn0259821",42.9198297925044,1.08878404413115,0.267497482134435,4.07025903736904,4.69608919555358e-05,0.000320047729884585
"FBgn0002121",1108.59123810978,-0.00529213630681521,0.0637023329770854,-0.0830760202882814,0.933791092959752,0.966075749513322
"FBgn0051973",18.1147370343535,0.193338936026556,0.407376050091394,0.474595735275014,0.635075146588998,0.778178603469231
"FBgn0067779",228.147797205552,0.0755674778784972,0.112007373646631,0.674665206568482,0.499888494749311,0.672909007662358
"FBgn0031213",251.881058841407,0.64735785077591,0.108966434925743,5.94089226849593,2.83474868428147e-09,3.80673737362382e-08
"FBgn0002931",26.4675315340494,-0.166569597411289,0.331253649475751,-0.50284607482787,0.615072496839437,0.763369643422235
"FBgn0031216",268.115823119158,0.224393931283731,0.102639664439998,2.18623017239996,0.0287987698632752,0.0817649337456396
"FBgn0031217",219.97972517739,0.103979679637816,0.115834877193954,0.897654334831405,0.369369861915513,0.553984556236447
"FBgn0026787",67.9200676301051,-0.358197456932792,0.20057508690587,-1.78585218363083,0.0741231948496691,0.17057491624417
"FBgn0005278",799.01674859332,0.183385490076667,0.0645001708358505,2.84317836216859,0.00446660665216761,0.0175499715132492
"FBgn0031219",9.56762052665785,-0.387515220745399,0.541497901024036,-0.715635683928899,0.474216333720199,0.649224919456079
"FBgn0031220",965.541443750848,0.469292465046171,0.064097797171659,7.32150691215439,2.45201691149466e-13,5.33350385090081e-12
"FBgn0025683",1259.06249879781,-0.207681603445961,0.0531204599343436,-3.90963488837735,9.24357280526951e-05,0.000585480003751377
"FBgn0001142",110.561624823243,0.14107285376075,0.1585055015981,0.890018657639078,0.373455867848597,0.557918338457754
"FBgn0051974",15.4255014544562,0.565718163585601,0.435570353209103,1.29879859686873,0.194013056318347,0.35018754140442
"FBgn0031224",101.854903451907,-0.0130770287690676,0.167805029891294,-0.077929897438349,0.937883817006042,0.967721336535846
"FBgn0259818",16.0705081599411,0.0522005957847271,0.421957375683568,0.123710589725236,0.901544426686593,0.947764085947675
"FBgn0031227",38.1764245187732,-0.013853700485649,0.268864830273714,-0.0515266369035527,0.958905876859169,0.978444363714638
"FBgn0031228",149.007673673239,-0.018061536680978,0.136013072079121,-0.132792652977291,0.894357364974511,0.943306993639509
"FBgn0031229",135.356048313488,0.190578364591923,0.150916707613748,1.26280494456375,0.206659287310791,0.367136793867971
"FBgn0053635",31.776997338716,0.338329344328609,0.290408779939521,1.16501072866691,0.244014650082137,0.413619949216674
"FBgn0016977",3628.30494238764,-0.274655321758133,0.0397785180279017,-6.904614233378,5.03400352676795e-12,9.40155157377099e-11
"FBgn0031231",54.8574408682122,0.0832995787794633,0.221286516288811,0.376433142771091,0.706594910495805,0.826503304580909
"FBgn0031233",91.2526494715262,-0.0657834580714059,0.17387571430773,-0.378336091002224,0.70518093770079,0.825780063248911
"FBgn0086902",4096.42494079683,0.0132897512260666,0.0357323632726353,0.371924776558068,0.70994885729454,0.829224830907529
"FBgn0022246",23.5935948344123,0.486396895635877,0.352872805719071,1.3783915556902,0.168082429139113,0.315697737253271
"FBgn0031238",68.7757911498568,-0.0770487820724375,0.203511404612442,-0.378596876274161,0.704987242157637,0.825780063248911
"FBgn0086912",105.576888573405,-0.126183683777268,0.16673499405066,-0.756791845021621,0.449174579288569,0.627162716592613
"FBgn0086856",51.2290010699655,0.153560952089081,0.229377499317666,0.669468245777734,0.503196830205208,0.675329412591672
"FBgn0086855",158.701989208678,-0.0222476516868494,0.136508634144712,-0.162976150382289,0.870537212826961,0.931793776860661
"FBgn0003444",190.35478557707,0.330998474148546,0.126340593767447,2.61989012619182,0.00879581011802703,0.0311411113584144
"FBgn0031244",45.59537668837,-0.0272273645960567,0.242458839925522,-0.112296852547923,0.910588037322581,0.954055680869419
"FBgn0031245",55.5762399983976,1.05905358733737,0.231365400582303,4.57740692718935,4.70775133529147e-06,3.9403010888125e-05
"FBgn0031247",43.7139193427793,0.372620466411513,0.255415836644646,1.45887769257601,0.144598773915458,0.282471119251358
"FBgn0017457",188.179625851966,-0.63696841397551,0.123715222917162,-5.14866642080104,2.62344962010477e-07,2.70729566620187e-06
"FBgn0024352",1248.36385031575,-0.0607663780532771,0.0532409015882129,-1.14134765266128,0.253725279266266,0.424824649428307
"FBgn0020622",271.251514003596,0.050713765915732,0.106919911692958,0.474315448944316,0.635274976444237,0.778247341841044
"FBgn0004611",121.446178139899,-0.0213982882364818,0.153387830085319,-0.139504471929614,0.889051522406741,0.940688220440722
"FBgn0031250",138.863994568458,0.185762811777734,0.14204834244934,1.30774360738482,0.190960287201491,0.346304837881516
"FBgn0003278",212.558588393046,0.0553988443016256,0.117596310990554,0.471093385795714,0.637574048211671,0.779793848528247
"FBgn0015567",651.238559737811,0.0971777488496844,0.0691297071024737,1.40573066085227,0.159804118748573,0.304878393568378
"FBgn0023444",466.627243835161,0.0457273935960785,0.0805488306193906,0.567697795789856,0.570240188525921,0.72742221026437
"FBgn0031252",127.223316730101,-0.351248001215365,0.149928883610657,-2.34276406757956,0.0191414831021603,0.0586361817500004
"FBgn0002593",6355.02323335815,-0.0904154353502381,0.0333832992045467,-2.70840322869957,0.00676078253367976,0.0249705567397984
"FBgn0031253",51.3041300255922,0.596049968022414,0.229989998480639,2.59163429696962,0.00955212511442576,0.0334278366841537
"FBgn0031254",23.9660799098526,-0.119312549151561,0.330910407587916,-0.360558466629257,0.718429542374214,0.835102500055786
"FBgn0004583",954.005323660625,-0.113074714159239,0.0592255487059596,-1.90922189206937,0.0562334733358427,0.138065624800574
"FBgn0015924",555.198816466742,0.00569901743270172,0.0757797371288596,0.0752050303765349,0.940051582029747,0.968801309987003
"FBgn0031256",339.082312915475,0.270173533988666,0.0931388816157828,2.90075991145339,0.00372258976760049,0.0149665825465509
"FBgn0031257",354.147523323742,-0.085851317587395,0.0930249165041673,-0.922885188330688,0.356067040198713,0.540533199728989
"FBgn0031258",34.3767755223638,-1.20795567224451,0.291762539876365,-4.14020138690998,3.47001050630944e-05,0.000244753653673185
"FBgn0027592",371.571798789152,-0.264599279433505,0.0893168492520097,-2.96247887883877,0.00305172745705113,0.0126185543400549
"FBgn0043364",446.81362881047,-1.33315866110396,0.085949327845782,-15.5109841405163,2.92363185687195e-54,4.33473172248464e-52
"FBgn0003963",929.060215882803,-0.090356405015519,0.0588237474561199,-1.53605319149245,0.124525335172018,0.254817342119197
"FBgn0010602",512.149143649006,-0.239731184802499,0.0764733822488622,-3.13483172514009,0.00171952717229586,0.00774480155407899
"FBgn0031260",562.334605216331,-0.0202963794954303,0.0727502313802498,-0.278987146987141,0.780254688532034,0.876770811395002
"FBgn0031261",546.845665797639,-0.765553458579847,0.0797376245856667,-9.60090625420336,7.92445619914562e-22,3.28978138781674e-20
"FBgn0005660",35.7885374616738,1.12842625544205,0.289666336952944,3.89560715722852,9.79530431226514e-05,0.00061506383602944
"FBgn0260933",201.772949756746,0.496994411323308,0.117963789106257,4.21310993050278,2.51878395307701e-05,0.00018465151785171
"FBgn0031263",439.216456937817,0.317881981815031,0.0867274719121549,3.66529745196551,0.00024705127374164,0.0013816993870154
"FBgn0031265",143.456748324797,0.0434413316017535,0.140273331836896,0.309690595018199,0.756796255493193,0.860022649172227
"FBgn0021874",139.730899831685,-0.121818147955937,0.139975417452815,-0.870282440822167,0.384146072408281,0.568395359683535
"FBgn0031266",384.351302617804,-0.0704719687770472,0.0866655259085758,-0.813148804420672,0.416132747756325,0.598298914001523
"FBgn0031267",134.253495675902,-0.283692408356282,0.14535364282372,-1.95173923986436,0.0509691713025338,0.127686561901003
"FBgn0031268",38.693905088854,1.41245646656955,0.280430574459616,5.03674205029649,4.73522213715891e-07,4.6551270401163e-06
"FBgn0031270",14.0391881526231,0.312751844703273,0.437149706696449,0.715434186303697,0.474340794559239,0.649224919456079
"FBgn0051658",63.8101142261207,0.414580236398914,0.207774795806062,1.9953345870973,0.0460064000300001,0.117900020476962
"FBgn0086130",77.0735839253954,-0.119333735610831,0.193801045071199,-0.615753829227238,0.538057004187213,0.702423025232723
"FBgn0031281",49.146373421529,-0.0348767144120961,0.233191876495552,-0.149562304383109,0.881109950332923,0.936816008951952
"FBgn0031282",33.691375344629,-0.18092498351018,0.281007751304251,-0.643843391046855,0.519676993309753,0.689202876304373
"FBgn0031284",56.1518858941795,0.106733661859437,0.227167138503235,0.469846398394973,0.638464762292641,0.780357755393008
"FBgn0015621",129.322306196621,0.0985554026904632,0.145578949049842,0.676989381594731,0.498412691513792,0.671669115905713
"FBgn0031285",841.473311373496,-0.552744988210442,0.0628401039186606,-8.79605464888964,1.41710596000202e-18,4.61671515668819e-17
"FBgn0031286",82.4513424536689,-0.0580992557278296,0.182033420869668,-0.319168070622743,0.749599067692652,0.855234288545009
"FBgn0010583",386.433445897806,-0.136126614870697,0.0859868063837992,-1.58311048631229,0.113396283928429,0.237618691300847
"FBgn0020304",1198.91339612583,-0.218835008183761,0.0553424035881434,-3.95420137174245,7.67907155609235e-05,0.00049545697029317
"FBgn0031287",60.8000720011494,-0.271623494769831,0.209896594402045,-1.2940824292249,0.195636950054588,0.352593014672931
"FBgn0020545",276.618161743715,-0.120320454580195,0.100271213231947,-1.19995012229352,0.230158712133238,0.397121853035184
"FBgn0029095",922.169452968575,-0.419658817252521,0.0608299297730003,-6.89888709091999,5.24115061305406e-12,9.76332287277891e-11
"FBgn0020305",168.789643571566,-0.0643213373805847,0.126483406704145,-0.508535776009241,0.611077656082998,0.760184789630648
"FBgn0053526",622.527217464042,-0.0259019725384284,0.0703702232669969,-0.36808143183164,0.712812515721264,0.830674121423027
"FBgn0003310",313.604639634532,0.162557061230732,0.1030650819937,1.57722730226585,0.114743232960728,0.239956703356273
"FBgn0015905",205.448391984823,0.0487067295637228,0.116645152439369,0.41756325526721,0.676266466939835,0.807805965524153
"FBgn0031298",260.953700364113,-0.0372019303395469,0.104611443878139,-0.355620082855209,0.722125101651765,0.837522168502566
"FBgn0031299",16.8592105975964,0.0781181100075116,0.401131674255046,0.19474430722178,0.845593123766589,0.91651753808108
"FBgn0031300",275.15566645532,0.000231148658766114,0.102908516279117,0.00224615675285002,0.998207827712742,0.998732303708403
"FBgn0031302",24.5615744927611,0.473629164175073,0.349268977541081,1.35605849540234,0.175080557119147,0.325059350990657
"FBgn0016926",243.37198407286,-0.211624676871619,0.119217200784604,-1.77511865300354,0.0758782976789397,0.173788093517496
"FBgn0031304",387.786342469997,-0.474201030246467,0.0883964308613509,-5.36448163829428,8.11820171933967e-08,9.00062424357271e-07
"FBgn0031307",443.561449872531,0.653191180718883,0.086193338586055,7.57820953955438,3.50356231519433e-14,8.40045551811445e-13
"FBgn0031308",55.9464974581491,0.0869532870115776,0.218526585722374,0.397907132096261,0.690698642569955,0.816453894935035
"FBgn0031309",114.82269612725,-0.340988070789286,0.158910703270234,-2.14578416539647,0.0318902025384227,0.0885371449520556
"FBgn0031310",224.871215140395,0.000310038438425152,0.112900934033283,0.00274611048243192,0.997808923597672,0.998732303708403
"FBgn0261458",1529.59665621743,-0.0131149192548823,0.0541201026724577,-0.242329903441898,0.808524544570119,0.89514337340779
"FBgn0031312",289.600512494435,-0.170779732738045,0.0989968065355218,-1.72510345247113,0.0845088304765585,0.188966290561808
"FBgn0031313",322.737015303088,-0.643791838743042,0.108255918668785,-5.94694356354556,2.73195549755221e-09,3.68231107415896e-08
"FBgn0031314",98.5075804034924,-0.272429685242046,0.167791162070287,-1.62362356801561,0.104456172337959,0.222935984734217
"FBgn0031315",68.6414174167545,0.0407425188084514,0.205118249758162,0.198629419159375,0.842552638962114,0.914832599321441
"FBgn0024314",348.47880150879,-0.0537623063702375,0.0928870824831493,-0.578792065947281,0.562729485286539,0.722062581690533
"FBgn0051922",16.1497679811705,0.570698923208554,0.411110066052298,1.3881900987945,0.165079166460722,0.312155165105972
"FBgn0031317",232.855048125432,-0.0507488955894871,0.10994879209992,-0.461568468559139,0.644390810724767,0.785476649504703
"FBgn0031318",386.514391131848,-0.129229995847806,0.0860059991333262,-1.50256955503156,0.132950079174235,0.266818321878679
"FBgn0031319",171.920340893922,0.234877440173922,0.12665180320451,1.85451319468903,0.0636657742129956,0.151451162297778
"FBgn0031320",49.7573279778343,0.216788786172711,0.23955430229169,0.904967199915872,0.365482764097624,0.550307208532485
"FBgn0031321",56.3056855789236,-0.104408699866386,0.22187017578217,-0.4705846538333,0.637937368662352,0.780022401351076
"FBgn0031322",101.302039579063,-1.89729203419903,0.183695632068933,-10.3284548077173,5.23978247242692e-25,2.64354303209594e-23
"FBgn0031327",202.936714795575,1.24913550690849,0.127090150210684,9.82873578194477,8.46750190955426e-23,3.75100008371413e-21
"FBgn0002543",244.128730294683,0.747839642858846,0.112708596489478,6.63516063682561,3.24149326054468e-11,5.42614021609611e-10
"FBgn0031344",54.5647516814567,-0.141079776970308,0.229878813281884,-0.613713699649703,0.539404533885546,0.703802790710937
"FBgn0051935",113.834728640206,-0.147484742455367,0.153848877302752,-0.958633855774836,0.337743230713705,0.520956384529738
"FBgn0031351",30.5785650157427,0.693851644169052,0.299497216446386,2.31672151214554,0.0205189069473137,0.0620607239684573
"FBgn0021906",492.436819405552,-0.364295810939625,0.0823447059014512,-4.42403439239444,9.68745880920261e-06,7.7311054627457e-05
"FBgn0086758",1653.60387503673,-0.628459811026646,0.0482664676669943,-13.0206298783369,9.33972838526832e-39,8.17507550831016e-37
"FBgn0011570",669.268200555924,-0.142113301096447,0.0683581973604697,-2.07895039050033,0.0376219104617363,0.100560404527047
"FBgn0031356",315.073400022448,-0.105744450497263,0.0966399739841532,-1.09421025418119,0.273862775197005,0.448570045432661
"FBgn0031357",58.979308634283,-0.0521495984629196,0.214583395640544,-0.243027184406557,0.807984338528323,0.89481802125126
"FBgn0086698",89.7232693907571,0.0387433754421021,0.178566664130091,0.216968691389545,0.828232744391921,0.907147729233726
"FBgn0031359",135.629055040912,-0.948716547647943,0.14728771722469,-6.44124687057685,1.18495947484687e-10,1.87146317060054e-09
"FBgn0000579",2096.98999748274,0.349786091602566,0.0478886386814537,7.3041560844792,2.79012342531783e-13,6.01490999552938e-12
"FBgn0260648",51.9364938502458,-0.016242215817497,0.245717654933274,-0.066101134743076,0.947297307434907,0.972913898579729
"FBgn0031360",146.600914294376,0.524950449568291,0.137433960250483,3.8196559904956,0.000133637924146073,0.000815180116642503
"FBgn0031361",29.0013779033556,-0.125273017440273,0.308952446166062,-0.405476697125547,0.685127144037978,0.813811997400541
"FBgn0031362",75.9035195983302,0.383269409781243,0.19094297253081,2.00724543407534,0.0447235360618117,0.115195164424877
"FBgn0027597",119.215151881956,0.682373768582175,0.157922476033048,4.32094142469863,1.55364916310716e-05,0.000118563667751823
"FBgn0031374",478.403996166732,-0.704530576372288,0.0811439978046723,-8.68247307790055,3.87254892513138e-18,1.20231059577263e-16
"FBgn0031376",279.874881951227,0.126910093601212,0.102219950330724,1.24153937847362,0.214406560511249,0.376884505713579
"FBgn0031377",135.757645024951,-0.281747840524816,0.142445032353143,-1.97794079491885,0.0479353860882244,0.121638344369874
"FBgn0031378",29.0130712434238,-0.324251847144674,0.309288172886258,-1.04838101023643,0.294463099128059,0.472202641883277
"FBgn0031379",303.345302676614,-0.205420401111834,0.0968043535751703,-2.12201614416362,0.0338363823565615,0.0925195999508747
"FBgn0001125",549.788106574747,-0.164236055272914,0.0739409683303597,-2.22117804217989,0.0263389048079698,0.0761310298337249
"FBgn0031381",867.44150999605,0.463137434523486,0.0633861484940164,7.30660318582388,2.73980122612867e-13,5.94168833069397e-12
"FBgn0031384",24.658926379683,0.261116887639457,0.332772409626979,0.784671084757765,0.432646440319359,0.613491257702015
"FBgn0003557",725.678902709848,-0.262268860632373,0.0666372637289571,-3.93576875693959,8.29307978084335e-05,0.000531298276964964
"FBgn0028952",27.139758789347,0.0727212077620492,0.317527074357967,0.229023644390293,0.818850538915148,0.901355934124023
"FBgn0053516",186.451162177792,-0.879499814456348,0.128242899338264,-6.85807806119935,6.97931217005389e-12,1.26761757288604e-10
"FBgn0031389",630.704206653764,0.220061155055411,0.0703882032537573,3.1263925612942,0.00176965153040625,0.0079459322425225
"FBgn0004507",492.460957514357,0.522210179819855,0.0783484970103173,6.66522268769352,2.6426434976166e-11,4.49620726233832e-10
"FBgn0031390",665.210123040783,-0.0165874740748127,0.06817002903491,-0.243325025816231,0.807753619072065,0.894698893514035
"FBgn0031391",76.1833082568405,0.276674794990915,0.188831380756539,1.46519500033542,0.142867723276881,0.280219765012564
"FBgn0027509",478.756365756408,0.222248870829859,0.0787352605640206,2.82273620786644,0.00476157318920134,0.0185583847744355
"FBgn0031392",254.528815267101,0.00192233078559138,0.105777450392098,0.0181733514890521,0.985500561556526,0.991062952140316
"FBgn0000097",863.752590922063,-0.0302356668393837,0.0607487311754206,-0.497716845345689,0.618683633204406,0.766889028362057
"FBgn0031395",167.601402980507,0.273329670077019,0.128090219740745,2.13388399700022,0.032852277766286,0.0902692125461678
"FBgn0051668",8.39978713187151,1.18695505216191,0.587871501581882,2.0190722784962,0.0434797076558299,0.113097055538705
"FBgn0053124",14.4334181887682,0.373770981887494,0.43567210687299,0.857918090212873,0.390937694317345,0.574815290268267
"FBgn0010288",405.731498942519,0.234665910992437,0.0866077067045356,2.70952689918237,0.00673792412727857,0.0249114599413124
"FBgn0085203",20.4253332277538,-0.314612891268818,0.384579915514348,-0.818068959342417,0.413317812100446,0.59571648759422
"FBgn0031398",32.6543961757563,-0.119466183160415,0.282994785950414,-0.422149767739352,0.672915703858018,0.80524248335475
"FBgn0031399",195.093169449033,-0.453471783768345,0.121338651682231,-3.73724099849012,0.0001860505787044,0.00108219171680342
"FBgn0031401",262.314317614213,0.0102779893630868,0.103997290033004,0.0988293960335412,0.921273728083891,0.960265944695762
"FBgn0031403",54.1118307267635,0.347824945476931,0.224232875154281,1.55117729832262,0.120859200943277,0.249656552417659
"FBgn0010704",661.483124106415,0.0272487290454332,0.0684365585897826,0.39816042195759,0.69051193796203,0.816453894935035
"FBgn0031408",960.969548594299,-0.0883624803061945,0.0587217820982834,-1.50476496367738,0.13238451443717,0.265830154059159
"FBgn0031405",35.5905918917183,-0.198229988633377,0.277133719095437,-0.715286430248902,0.474432071765335,0.6492275384018
"FBgn0031413",27.1429140194478,-0.543727945504503,0.333227413393912,-1.63170232594806,0.102742209844543,0.219988846012556
"FBgn0014010",928.834891577577,-0.271230698494773,0.0590269787614097,-4.595029327032,4.32688409369719e-06,3.65096549834031e-05
"FBgn0028485",260.310535620428,-0.37263392626493,0.105215870101791,-3.54161331274859,0.000397688005570271,0.00211508298716546
"FBgn0031418",310.104562078343,-0.362708201887426,0.0989846642571721,-3.66428683280749,0.000248028709121035,0.00138609890135717
"FBgn0031419",11.0301629511188,-0.245519587917942,0.518431657080219,-0.473581396052656,0.63579844458057,0.778555679385673
"FBgn0031420",113.74750957017,-0.144960550335205,0.156044403950099,-0.928969874379874,0.352904698928636,0.537348253942991
"FBgn0031421",70.6016343589731,0.440773278977329,0.198103195751378,2.22496803903409,0.0260833838067566,0.0756081723257677
"FBgn0031422",17.5448668594804,0.840741436726172,0.394879593060636,2.12910834467222,0.033245297533204,0.0911767031252274
"FBgn0031428",23.6576013791402,0.579981975765796,0.343722904583849,1.68735329543427,0.091535438734052,0.201455608119627
"FBgn0000490",57.3961444038206,0.693149778428983,0.222370188437529,3.11709848923257,0.00182640544443398,0.00816543726388485
"FBgn0015816",237.941136351411,0.0920639337803524,0.110105309023458,0.836144365761132,0.403073692082126,0.585314885663931
"FBgn0011818",149.324112656002,0.132762507822159,0.138014622526924,0.961945230087923,0.336077116807959,0.518827083215007
"FBgn0031435",9.40261546452994,-0.359499868215886,0.556718373197293,-0.645748165542372,0.518442462005037,0.687942371957369
"FBgn0031436",175.344762511917,0.167961422602615,0.12739756406421,1.31840372173804,0.187368535588873,0.341932281098509
"FBgn0031437",275.409093072558,-0.284413736747458,0.101492013095087,-2.80232629222747,0.00507355306644058,0.0195956209610265
"FBgn0026479",477.518134420638,0.0984043911282401,0.0803080144657381,1.22533711962487,0.2204482280746,0.385082081500835
"FBgn0031449",240.009805533971,-0.958361950478133,0.115526004687401,-8.29563831166271,1.0800368100133e-16,3.02952410221877e-15
"FBgn0031450",382.749964492996,-0.11994566419195,0.0896148696214467,-1.33845716339964,0.180747455360335,0.33269071780918
"FBgn0031452",171.101853509532,-0.506615363891853,0.129349255595451,-3.91664692278035,8.97891030398416e-05,0.000570207896489903
"FBgn0250906",620.065478826644,0.612398761792987,0.0756714615440148,8.09286287455651,5.8278461702203e-16,1.5565920009798e-14
"FBgn0031453",609.208912116689,0.517834549006621,0.0766886258763844,6.75242962158856,1.45389594307033e-11,2.55751913472299e-10
"FBgn0031456",123.535495260257,0.0273279539293113,0.147405396218536,0.185393171690921,0.852920663790319,0.921134030390467
"FBgn0031457",131.648700490674,-0.0791122282573652,0.14803082524597,-0.534430772279431,0.593043533558536,0.745878967346793
"FBgn0031458",170.111668879823,0.163967722887242,0.127320247024508,1.28783698366278,0.197802715247646,0.355526156920868
"FBgn0026324",56.5663021706945,0.232476974795517,0.219211793290696,1.06051308328667,0.28891124106861,0.465603408687545
"FBgn0028398",60.8112240380186,-0.530023935805389,0.219653485013147,-2.41300034813317,0.0158218044583078,0.0503925512448954
"FBgn0019830",145.557703061533,0.0490580887449845,0.138249246237803,0.354852486216088,0.722700105424858,0.8375386846172
"FBgn0031459",374.888936309836,-0.00496899468439253,0.0886621690505302,-0.0560441362714757,0.955306646731553,0.977232158336347
"FBgn0031460",12.564634827729,0.62866079808289,0.497984062354367,1.26241148182677,0.206800759798946,0.367136793867971
"FBgn0031461",151.500547299067,0.566260647677302,0.135952945266564,4.16512232645664,3.11185668006872e-05,0.000223175111359321
"FBgn0031470",43.1171381361059,0.0264292251104763,0.250230227238704,0.105619634374805,0.915884145909234,0.957395441731019
"FBgn0015521",4630.61485480968,-0.493931271998431,0.0376052163421711,-13.1346477973729,2.084590662593e-39,1.94160912355617e-37
"FBgn0031474",795.944451210476,0.186692831304266,0.0638866206656558,2.92225241152297,0.003475097880543,0.0140806392092275
"FBgn0051694",518.164660675092,0.160952454348659,0.0802440907430695,2.00578575765793,0.0448791108479821,0.115496542795108
"FBgn0031478",135.947161071213,-0.302729147400764,0.147089874914805,-2.0581236307129,0.0395782671480676,0.104940186434566
"FBgn0031479",82.6875655971083,0.164787251282058,0.181455778946264,0.90814000104597,0.363804258802146,0.548778015606439
"FBgn0051950",25.1613588231009,0.359073054963493,0.349840685930604,1.02639020961307,0.304707690983137,0.483819507632496
"FBgn0028970",82.4147105415894,-0.544299617770551,0.189790836949452,-2.86789197265365,0.00413216596316276,0.0164224210735107
"FBgn0024947",818.508078047182,0.213501850961827,0.0622059842482067,3.43217543363574,0.000598760098644162,0.0030633747300351
"FBgn0041111",639.072398332726,-0.311884214101325,0.0714529455291161,-4.36488953382946,1.27187015320196e-05,9.89307993898528e-05
"FBgn0024920",358.030263307719,-0.299316255011625,0.0905847527393763,-3.30426750595429,0.000952249221726542,0.00458759323331786
"FBgn0004584",552.167640686391,0.247651002706054,0.0755178802187696,3.2793690976048,0.00104039464510576,0.00496288056250385
"FBgn0260639",251.678546089738,0.422907809080804,0.108377452452757,3.9021752173512,9.53321065259259e-05,0.000601726979939923
"FBgn0031483",197.717696549273,0.356080659892692,0.121421999693647,2.93258767596563,0.00336149994413479,0.0136967454257651
"FBgn0031484",177.113961552782,-0.25951197571161,0.127347741863536,-2.03782157354387,0.0415677800421315,0.109218778302382
"FBgn0031485",56.308357643499,0.273527680510912,0.21856567112587,1.25146679760789,0.210764219953238,0.372193013602401
"FBgn0250786",833.685565381788,-0.347638948248446,0.0629581557540197,-5.52174605632805,3.35647357410009e-08,3.95856826555798e-07
"FBgn0025109",82.7252202783598,-0.0547767753898013,0.182374124499883,-0.300353877174261,0.763907241070606,0.865110110188128
"FBgn0002989",80.0611793963656,-0.191130289834564,0.185255041222543,-1.03171437912431,0.302205939339937,0.481158481109937
"FBgn0025681",791.995494200507,-0.547259006375955,0.0632875854284398,-8.64717784177038,5.27886688118851e-18,1.61818429923353e-16
"FBgn0031488",42.2833352382379,0.131190696791134,0.251595268099201,0.521435469682231,0.602063447880403,0.75270881928259
"FBgn0031489",306.717943514745,0.735399746988384,0.104490076911305,7.03798646461534,1.95037628588579e-12,3.87144363851372e-11
"FBgn0031490",210.027841391128,0.26088072781619,0.118149095631378,2.20806368785192,0.0272398338491787,0.0781585280072209
"FBgn0031491",158.848096887378,0.116867659846332,0.135424339256296,0.862973823524853,0.3881518592945,0.571876547916151
"FBgn0031492",294.652732755856,0.0285133187145118,0.100994623646124,0.282325114794426,0.777694229712918,0.87487590258042
"FBgn0031493",447.480273991816,-0.170430190294182,0.082015905196983,-2.07801389114524,0.0377080797299678,0.100716617366991
"FBgn0031494",41.137467724857,0.444875382089714,0.259837053929131,1.7121321819291,0.0868723118638627,0.193300871574567
"FBgn0031495",270.104522620398,0.122895350296221,0.106369554952474,1.15536208035402,0.247942183411786,0.418129053502002
"FBgn0031497",774.421251080259,0.119402350219122,0.0685969604448526,1.74063616587084,0.0817473740400383,0.184096302666112
"FBgn0031498",42.5795119027755,-0.0271995308786241,0.250161016380963,-0.108728095496713,0.913418156972691,0.955780341409564
"FBgn0243513",9.46778397311561,1.71500445200028,0.579884467354892,2.95749334315363,0.00310151445840258,0.0127935497394479
"FBgn0031500",27.7722877011743,0.0598569534319556,0.308733909815535,0.193878778873754,0.846270800416654,0.91694082108871
"FBgn0042627",21.7658382674232,-0.840291377685904,0.367631449110716,-2.28568959407181,0.0222724244614171,0.0667254283349257
"FBgn0027571",18563.6810615867,0.24440568830274,0.0278633325701712,8.771588527224,1.76163124587834e-18,5.68811155613606e-17
"FBgn0015600",324.701327790397,-0.422960543356489,0.100627174585831,-4.20324375694084,2.63116977617769e-05,0.000191922172931034
"FBgn0031505",211.944132640036,0.656799008818475,0.117646797133626,5.58280399314626,2.36671427051661e-08,2.85617594274139e-07
"FBgn0011648",232.847052029885,0.116147270303463,0.111208916665357,1.04440609427899,0.296297545225809,0.474329037891484
"FBgn0260817",81.426333659905,-0.00565255971299323,0.191721486020617,-0.0294831832900846,0.976479230902041,0.987741912689918
"FBgn0014906",942.90208393882,-0.506053973701119,0.059630698268142,-8.48646734649224,2.13013482187269e-17,6.24009253262302e-16
"FBgn0085435",17.0876836539174,0.304890529345111,0.39292680541792,0.775947390559999,0.437780049463529,0.61744749744759
"FBgn0031516",256.810410014298,0.600533497522944,0.108018999202427,5.55951732525817,2.70521743107138e-08,3.23246786788381e-07
"FBgn0031519",13.555819458637,0.393079810527671,0.456491021558578,0.861089905307655,0.389188528522035,0.572673264317488
"FBgn0085423",518.942707996838,0.18948243472279,0.07712352862928,2.45686936386949,0.0140153641801968,0.0458655949410494
"FBgn0031529",111.939515232072,0.197454617206368,0.156420446696199,1.26233252350868,0.206829158323884,0.367136793867971
"FBgn0016698",115.767204420337,-0.0255474092742235,0.156516424640558,-0.163225101345711,0.8703412032185,0.931793776860661
"FBgn0031530",99.9777694887975,0.355498085653803,0.170864211148584,2.08058834125691,0.0374716019521805,0.100306259463003
"FBgn0031534",318.141420441242,0.0522765505677044,0.0974939084646912,0.536203249935735,0.591818087660251,0.7448992388863
"FBgn0031535",87.5018580769838,-0.406637523210715,0.177866577316957,-2.28619412002341,0.0222429046124339,0.0666892970414957
"FBgn0031536",153.976437018649,-0.0583198000679499,0.133518462707585,-0.436792027748809,0.662262181186517,0.798031969865657
"FBgn0031537",168.40836014389,-0.0532227477530439,0.126885514020584,-0.419454877602577,0.674883724995,0.806817551767102
"FBgn0031538",54.2459825772351,0.441172666195899,0.224907473844439,1.96157405823269,0.0498120949831282,0.125306395447516
"FBgn0005616",244.455887407055,0.0535265032936668,0.106065864722372,0.504653438066739,0.613802269811979,0.762399297347243
"FBgn0021967",227.803209074024,-0.190467458497784,0.110007250700148,-1.73140822341748,0.0833789809547907,0.186901665114642
"FBgn0031540",51.069821795,-0.326737566834117,0.236732943361682,-1.38019475529827,0.167526688398769,0.315224395549613
"FBgn0261560",482.448269516803,-1.1028905985431,0.0814609476759541,-13.53888740566,9.21744010124789e-42,9.43164821627689e-40
"FBgn0053123",703.26922280863,0.0160422312153307,0.0686781607512843,0.233585626636495,0.815306687374334,0.899499329350726
"FBgn0031544",419.248637025762,-0.215012937269532,0.0840362114248149,-2.55857485272166,0.0105102190523897,0.0362223631003849
"FBgn0031547",53.7094476352199,-0.651496501278738,0.227647209492696,-2.86186904170965,0.00421150883958438,0.0167012072705134
"FBgn0031548",11.7724836580477,-1.1250875592872,0.51233883864871,-2.19598335010988,0.0280931351342552,0.080121840959859
"FBgn0031549",174.101278473967,0.0383306868449171,0.134152769159096,0.285724156759369,0.775089401247499,0.873297844302587
"FBgn0015663",41.9001072439849,-0.0169335511350066,0.256362800145755,-0.0660530744920052,0.947335570344529,0.972913898579729
"FBgn0000721",247.341002926557,-0.00377389532692381,0.112271731199949,-0.0336139408076172,0.973185005393994,0.986467783669694
"FBgn0051777",95.0895121094758,-0.392035286727704,0.16778643778329,-2.3365135579912,0.0194644918211611,0.059440745305059
"FBgn0015376",100.698277385705,-0.308679243163515,0.166136209097492,-1.85798896484014,0.063170581402669,0.150568987496847
"FBgn0051955",144.358235805577,-0.424758481850854,0.146947114317767,-2.89055340639308,0.00384564182600191,0.015444216620179
"FBgn0031566",161.201996771378,0.280870915090064,0.135061450326696,2.07957869851593,0.037564192484093,0.100480065683702
"FBgn0031568",11.7436822542572,-0.743319004112981,0.480651932564192,-1.5464808393623,0.121988484038941,0.251179099243725
"FBgn0004893",115.086372576225,-0.675585131272116,0.158236340569039,-4.26946887701409,1.95938986614302e-05,0.000146601105844789
"FBgn0031571",10.5174562985716,-0.432140819108315,0.51715908608874,-0.835605195253523,0.403377045093346,0.585521325195437
"FBgn0021800",143.902472524376,0.0768127222469941,0.140755713708329,0.545716548360968,0.585260794907336,0.740236712221761
"FBgn0031573",34.5269282797989,-0.0278066873175812,0.282168461433813,-0.0985464044290564,0.921498425847037,0.9603074755875
"FBgn0031574",59.8194104397853,0.081450063970607,0.214465850709383,0.379781040670096,0.704107957121829,0.825454947311617
"FBgn0031575",92.1771243686718,0.131119450052259,0.17054509796632,0.768825674943485,0.441996804867066,0.62069424312394
"FBgn0051957",43.4755617526765,-0.143278205859169,0.250663533258684,-0.571595732321006,0.567595887361511,0.726110956450322
"FBgn0000256",582.287209440584,-0.583413837277535,0.0756208702120344,-7.7149844433381,1.2099699074389e-14,2.97980724662496e-13
"FBgn0000547",98.4017953578375,0.510893676442937,0.171264920950165,2.98306082534904,0.00285381273009397,0.0119360676362307
"FBgn0020376",8.62121059546921,-1.00546268367904,0.586396570013804,-1.71464625663716,0.086410102501244,0.192567298978999
"FBgn0014033",1673.98458008469,-0.38665652882367,0.0481675590844699,-8.02732245878606,9.9622987220892e-16,2.59412545576982e-14
"FBgn0051961",106.471526748027,-0.207181447920329,0.164365608125662,-1.2604914755764,0.207492121091683,0.367845353765513
"FBgn0031589",454.536978256531,0.248181451383752,0.0833265415462192,2.97842016215316,0.00289738501766807,0.0120765933180485
"FBgn0001075",13.1002952321888,-0.179093162446438,0.462945110298938,-0.38685614873606,0.698862706554403,0.822757667009843
"FBgn0031590",624.112637554005,0.0558814663517763,0.0741782354933592,0.753340464087732,0.451245349056599,0.628749033543574
"FBgn0003941",6533.49287910272,-0.295873832112531,0.034124782849662,-8.67035061925562,4.30791778930915e-18,1.32614503132758e-16
"FBgn0028482",21.3352989824579,-0.97099653576155,0.362650207063778,-2.67750167199211,0.0074173482340941,0.0269264429432725
"FBgn0020762",324.504372677551,-0.331162093898872,0.094894970473966,-3.48977498222338,0.000483427413995385,0.00252850983634015
"FBgn0026319",161.918954522153,0.327287719011739,0.129550585631654,2.52633145127034,0.0115260680537946,0.0389998411312959
"FBgn0031597",43.5232435821354,0.719738248150795,0.268699675581978,2.67859738420565,0.00739312301570487,0.0268689538314637
"FBgn0031598",131.555371631216,0.122569337582011,0.145018657086,0.845197025299472,0.398000842928717,0.582020153759486
"FBgn0031599",35.3131821564092,0.0835311106893858,0.277126257520667,0.301418968511695,0.763095031724807,0.864559812259655
"FBgn0031600",119.881937131913,-0.0776399703982465,0.149430452668327,-0.519572610614884,0.603361492190045,0.753942421871462
"FBgn0022153",742.652095646563,0.00117275988872959,0.0681181622454508,0.0172165520922859,0.986263857486228,0.99144969207658
"FBgn0031601",49.1069979624737,0.257523137719565,0.234853815573196,1.09652524525114,0.272848981663585,0.447662116482824
"FBgn0031603",57.9731800400956,0.0315915986844751,0.217370706061302,0.145335124759478,0.884446283575345,0.938484869783634
"FBgn0027609",174.63516890918,-0.0932733224754611,0.125863107894217,-0.741069595658276,0.45865124350922,0.635286949529133
"FBgn0031604",295.666649544871,-0.0224096587508063,0.0985585371444809,-0.227374100712911,0.820132857543494,0.901699667479325
"FBgn0025684",209.481033971072,0.0159785724740443,0.11710996002138,0.136440764484312,0.891472849578776,0.941813899474118
"FBgn0031606",219.510594055742,-0.0540820569085624,0.11720560119104,-0.461428945024658,0.644490888877844,0.785476649504703
"FBgn0031607",152.943153927911,0.119847936369889,0.13591468411138,0.881787991882282,0.377891466521443,0.562462918311469
"FBgn0019982",143.182028885679,0.226433349796952,0.143466743021697,1.57829853126802,0.114497043187038,0.239510802981236
"FBgn0010410",7254.15314170682,0.34468323617486,0.0333034960440451,10.3497613499497,4.19530245694891e-25,2.16162215246339e-23
"FBgn0053002",76.7985689639317,0.183991271592244,0.194299327850116,0.946947545460256,0.343665508649387,0.527403869948837
"FBgn0031608",46.0675282915639,0.0189119558402851,0.240691994390679,0.0785732649237524,0.937372053276304,0.967721336535846
"FBgn0031609",57.7738910581669,-0.0823941281734148,0.215053367547596,-0.383133401318067,0.701620855039843,0.824135086801045
"FBgn0031610",26.2274749446184,0.251730173047598,0.327363522626033,0.768962195385355,0.441915753422921,0.62069424312394
"FBgn0031611",64.9821389153688,0.233420724517161,0.215484027090674,1.08323910439515,0.278702306819199,0.453984811444279
"FBgn0053196",15.0736865273293,-0.0160743622783074,0.419492941740539,-0.0383185524209597,0.969433698955667,0.983820783578796
"FBgn0031628",23.6876736602429,0.0344188749391401,0.346493698107359,0.0993347790368055,0.920872465285231,0.959985429803014
"FBgn0031631",33.0533724660035,0.0969953908534549,0.286008743535504,0.33913435531531,0.734508518573955,0.845406271774364
"FBgn0031633",209.924583211294,0.1029706929891,0.117401415095549,0.877082213236487,0.380441984943005,0.564639636488443
"FBgn0031635",170.390472320051,-0.117322489526032,0.126709081437599,-0.925920132913366,0.354487487638854,0.538776484873698
"FBgn0031637",318.74517902349,-0.427815617463299,0.0969877308955606,-4.41102821473352,1.02880909920021e-05,8.12423707140166e-05
"FBgn0031638",109.108434012604,-0.100288105772707,0.159258645270768,-0.629718440730168,0.528878815212392,0.69613365978458
"FBgn0031639",66.6080508919663,0.169959447787132,0.199358049825038,0.852533659595349,0.393917965342608,0.577910746812206
"FBgn0031640",121.740632811888,-0.094213756165436,0.14969978079997,-0.62935133012202,0.529119073548582,0.69613365978458
"FBgn0000286",111.889513298253,-0.671238469019202,0.166178555743225,-4.03926045702541,5.36199973701444e-05,0.000360360111835429
"FBgn0031643",556.343980520979,-0.167207926722189,0.074642485057599,-2.24011736202459,0.0250833046683432,0.0733330902587045
"FBgn0031644",43.7090693151519,-0.0298893518401687,0.247920326181582,-0.120560311857113,0.904039306025546,0.949247804346812
"FBgn0031645",90.7105846327718,0.358361152385711,0.172375371409696,2.07895797093872,0.0376212136538682,0.100560404527047
"FBgn0031651",127.846950441237,-0.134628575490023,0.14784648236561,-0.910597082432436,0.362507708337765,0.547985539133139
"FBgn0015000",224.053595890478,-0.181640856243341,0.113874748419943,-1.59509337024828,0.110691357817107,0.233161123381062
"FBgn0031652",21.758441010288,-0.176763410523953,0.356180963213528,-0.496274166168687,0.619700990359328,0.767962023632303
"FBgn0031655",64.8398605388214,-0.131428330645005,0.208746451900396,-0.62960749487477,0.528951418718462,0.69613365978458
"FBgn0083961",74.3137919114521,0.353860323821725,0.199496957565877,1.77376300941771,0.0761023591126297,0.174191442644378
"FBgn0015834",1260.95628721377,-0.195706522553525,0.0523463298457675,-3.73868661146162,0.000184984153861564,0.00107685086362521
"FBgn0031656",118.563266913111,0.154301379060971,0.157796003555519,0.977853529773849,0.328146771459547,0.509725528042251
"FBgn0031657",75.192816519556,0.00152102190658919,0.194626768576474,0.00781507044336269,0.99376453942385,0.995957977502313
"FBgn0010607",66.9779438953245,-0.395987828194839,0.200218241671368,-1.9777809698519,0.0479534212214427,0.12164162191822
"FBgn0031659",172.846304533468,-0.036237979724394,0.125655708940746,-0.288391033164138,0.773047430803227,0.871808380128135
"FBgn0031660",339.249205899808,0.498016834432797,0.0943494621950246,5.27842790882447,1.30296908338945e-07,1.39823787161364e-06
"FBgn0031661",157.795130144012,-0.327570224460075,0.132923563898804,-2.46435029916484,0.0137261888552111,0.0451225167570627
"FBgn0031662",224.743205992984,0.127283310218925,0.115067379134207,1.10616328603844,0.268655850597536,0.443083939748263
"FBgn0031663",179.273677513694,-0.320410835554247,0.124037985102431,-2.58316704588235,0.00978979097246834,0.0340789800742609
"FBgn0031664",115.22305863462,0.138135461578699,0.15599110200956,0.885534237524863,0.375868562298698,0.560140534379496
"FBgn0083962",1004.35775217514,0.0275924292659093,0.0582785658141347,0.473457589088733,0.63588675180331,0.778555679385673
"FBgn0053113",961.802755392011,-0.110754842897728,0.0612028098045644,-1.8096365714482,0.0703521646751177,0.163831107536295
"FBgn0031670",411.718837529678,0.0458097118659148,0.0875598523536724,0.523181693830179,0.60084781934657,0.75170645902408
"FBgn0016075",8876.08459998319,0.310633890424126,0.0401313280611214,7.74043385633836,9.90781363072962e-15,2.45666436953074e-13
"FBgn0000299",13514.0892892881,0.415621749684601,0.0409933422253106,10.1387622263203,3.71780348442953e-24,1.81274109492487e-22
"FBgn0031673",448.008156218231,-0.126093726170484,0.0821506164771878,-1.53490906797393,0.124806165791058,0.255053878439544
"FBgn0053995",22.305144541745,0.0770799797999188,0.351954690660244,0.219005405654125,0.826645836880759,0.906896343386667
"FBgn0031675",12.0053892304189,-0.648794034215708,0.479532770450498,-1.35297121322115,0.176064827034267,0.326303818470396
"FBgn0022023",1599.91677360942,-0.137537351210728,0.0487446875865384,-2.82158647476307,0.00477867521327082,0.01861505384687
"FBgn0031676",77.2847611737744,0.332129801836375,0.189739284959663,1.7504535336843,0.0800400854381333,0.18137592660887
"FBgn0031677",12.2087549729028,0.365743249742427,0.469674319889726,0.778716728281631,0.436146599765603,0.615717273123422
"FBgn0014857",411.329516860188,-0.334257206477877,0.0860145073675513,-3.88605616317202,0.000101885944429338,0.000635911843882422
"FBgn0031678",638.647701517527,0.147631382231792,0.0711493210516265,2.07495138463331,0.03799104066519,0.101360598763351
"FBgn0028694",428.276786034493,0.253118880197413,0.0831096475100803,3.04560165733722,0.00232215262919549,0.0100180753272596
"FBgn0028572",81.7901944334463,-0.350366091359319,0.18417313447154,-1.90237350504267,0.0571223422663873,0.139540624265401
"FBgn0028696",5152.68181643602,-0.253298503881038,0.0340325401774298,-7.44283272892525,9.85488413600878e-14,2.23736666400324e-12
"FBgn0031681",723.566178882632,-0.156030198161034,0.0666070622544709,-2.3425473647963,0.0191526027932211,0.0586361817500004
"FBgn0031682",85.6166836403024,-0.0194661756043357,0.180143157734865,-0.108059478079018,0.913948511682819,0.955784646232284
"FBgn0031683",62.0833766007839,0.2559227270667,0.208169674999597,1.22939485334353,0.218923798969303,0.38304626580266
"FBgn0031684",112.739385691064,-0.00708865109568607,0.155693494229184,-0.0455295266560813,0.963685240426634,0.980286624754131
"FBgn0260952",6694.45416518454,-0.578490933261122,0.0330348775243483,-17.5115204478887,1.17026117826211e-68,2.15196790318808e-66
"FBgn0065104",90.1983876146505,-0.539688919554344,0.178854552336975,-3.0174737657084,0.00254891102563636,0.0108672761744414
"FBgn0031688",12.1408247948388,1.67160355636501,0.512526442076753,3.26149720118183,0.00110825526615758,0.00523502893929444
"FBgn0031689",92.1655568979459,1.01240762786058,0.17958927429534,5.63735018047709,1.72686728045558e-08,2.11920452576178e-07
"FBgn0003716",174.624002536585,0.1862542638395,0.135508894875659,1.37447998532055,0.169292719653023,0.317523567431814
"FBgn0046776",189.99843962179,-0.0131449385956863,0.124131653691489,-0.105895137982742,0.9156655517063,0.957304681701866
"FBgn0031693",80.111471226043,0.540845347178882,0.188621198881892,2.86736247243101,0.00413908654172597,0.0164319473910597
"FBgn0000228",210.822919127558,-0.421327197285924,0.120003218262572,-3.51096581730037,0.000446481806376318,0.00235220473047422
"FBgn0031696",247.630821196393,-0.331030045170431,0.108283721810712,-3.05706194463003,0.0022351807964067,0.00969467969307144
"FBgn0016076",135.89726160939,0.210050383293323,0.141386637086875,1.48564523225951,0.137372984118752,0.27247488878303
"FBgn0031698",857.624515766617,-0.429744193913741,0.0652054140054091,-6.59062135359023,4.37989623717031e-11,7.26482789110555e-10
"FBgn0015031",344.29097365965,0.604426536341623,0.0936520846685893,6.45395709535493,1.08966672200563e-10,1.74370676990548e-09
"FBgn0031703",26.0075267730019,-1.70411492418788,0.357923323371318,-4.76111729220839,1.92524108447226e-06,1.74835955983637e-05
"FBgn0031708",68.253620258686,-0.0857028994406686,0.198275420494238,-0.432241672856062,0.665565774401855,0.80015478256321
"FBgn0000318",256.470550324036,-0.0570630178301272,0.105549518131835,-0.540627933126645,0.588764060579356,0.742857051078329
"FBgn0031710",120.697046918051,0.10472394855923,0.151222442068267,0.69251591977303,0.488613391885998,0.663013875990246
"FBgn0031711",206.678200974159,-0.0875620343916512,0.115071426664145,-0.760936376040734,0.44669507014873,0.624925801007227
"FBgn0051989",140.398349167123,-0.178297203883409,0.145950727354247,-1.22162600430658,0.221849090160267,0.386934713602064
"FBgn0051648",68.6962139084487,0.0676371781222004,0.196031090468991,0.345032912689426,0.730069627579947,0.842165107076582
"FBgn0051915",336.105551872613,0.109855923514588,0.0921839420715394,1.19170346858604,0.233377537532982,0.400919321394446
"FBgn0031713",141.595772999633,0.232387057625215,0.140692768845858,1.65173419736886,0.0985887481016797,0.213365879612075
"FBgn0014189",1037.75578127843,-0.230982132252135,0.0574475383346983,-4.02074899896315,5.80133927610573e-05,0.000388091434999154
"FBgn0002525",1280.64204490813,-0.0198607172585355,0.0538871066551622,-0.368561581634536,0.712454535972368,0.830530156072678
"FBgn0031717",15.5324584274903,1.17635234614928,0.439225668558473,2.67824134689132,0.00740098688743748,0.0268840848686166
"FBgn0024191",70.1573725476329,-0.0618822997641622,0.197563811244099,-0.313226898056263,0.754108284199007,0.858273919730743
"FBgn0031736",232.953039921054,-0.317373307989198,0.112896843642675,-2.81117963752559,0.00493602188396306,0.0191050607282854
"FBgn0031738",316.98871833113,0.447089446373305,0.0954193675855387,4.6855209554026,2.79248723866464e-06,2.45313419454639e-05
"FBgn0031739",54.0335227446432,-0.246676420119022,0.226150066204788,-1.09076430645679,0.275376606134003,0.450486611926037
"FBgn0031740",118.900138605677,-0.111939252365571,0.155318330361723,-0.720708573835904,0.471088836165835,0.646845661452427
"FBgn0043362",339.535051333067,-0.254292577724574,0.0960562327673806,-2.64733032306601,0.00811300621175814,0.0291210425535686
"FBgn0001128",73.5745920725162,-0.171984370449542,0.190399647989044,-0.903280926545817,0.366376816806119,0.551424813361602
"FBgn0031752",310.368658050797,-0.181784510688023,0.100202119963177,-1.81417829038774,0.0696502813540992,0.162861053761677
"FBgn0031758",11.6574301926683,0.679605186215902,0.504950295392685,1.34588531270666,0.178339506192323,0.329427030889201
"FBgn0000308",5851.40939159695,-0.0747563164397645,0.0331394297177004,-2.2558117950906,0.0240824203366287,0.0710059998967562
"FBgn0001942",12477.4567396372,-0.293380314640075,0.0289425423316921,-10.1366463000323,3.79919236641293e-24,1.84007550279933e-22
"FBgn0001941",877.130756900966,-0.197626342274901,0.0610960581607202,-3.23468237107904,0.00121778121368918,0.0057005029107293
"FBgn0031759",1120.17979246058,-0.271117257617025,0.0563456025362331,-4.81168441570366,1.49663546423821e-06,1.37286068783972e-05
"FBgn0031760",139.357952363348,0.534552505137013,0.14173430037116,3.77151122725537,0.000162261855746054,0.000964755186886086
"FBgn0001089",14.2620551378284,-0.00834640967523858,0.450032804879639,-0.0185462250412408,0.985203101646215,0.991062952140316
"FBgn0031762",55.4382719861159,-0.0468697287995397,0.220568506567648,-0.212495108793625,0.831720793275328,0.909351910765243
"FBgn0031764",127.439265838241,-0.232054713641164,0.14745057149556,-1.5737796828285,0.115538392686665,0.241341697202019
"FBgn0025742",260.601055091717,0.0394802667186546,0.10410734338417,0.379226531340513,0.704519651266543,0.825671118962967
"FBgn0000052",547.4566205481,-0.0694804799719636,0.0749108621248127,-0.927508748413531,0.353662451684422,0.537759182582336
"FBgn0031768",89.2009035795673,0.0911813110608534,0.173283710093502,0.526196669102093,0.598751568091751,0.749858669571896
"FBgn0031769",335.113920730738,0.336753092991101,0.0953157591331996,3.53302639619649,0.000410831450283881,0.00218019757948312
"FBgn0031771",438.008076069965,-0.447240216174757,0.084319874971699,-5.30409012495415,1.13236361477666e-07,1.22602409260096e-06
"FBgn0031772",62.8177688249875,-0.169763475105721,0.214814670956097,-0.790278775421335,0.429364979302425,0.610915897891132
"FBgn0031773",42.7796665763937,-0.138296957588109,0.251906095723599,-0.549002028676012,0.583004057618098,0.738116299845292
"FBgn0031774",50.5204854475218,0.163557871409168,0.229170060194822,0.713696506734448,0.475414866965172,0.649896029577436
"FBgn0031776",281.581207965478,-0.108179532639923,0.102522303313406,-1.05518047433272,0.291342792463848,0.468466238793038
"FBgn0031777",26.2724188312941,-0.110553532648009,0.335332545806902,-0.329683277183808,0.741639290810076,0.850111935584601
"FBgn0028419",512.635378404308,0.0236693672011488,0.0761911253737393,0.310657797545892,0.756060783464627,0.85937829738374
"FBgn0028420",343.727247969414,-0.323527608994908,0.0963955038250831,-3.35625206733681,0.000790065242563781,0.00389933694784366
"FBgn0031779",148.770211774592,-0.0875557677364232,0.140222986429585,-0.624403815421453,0.532362420000881,0.699008310375276
"FBgn0051641",545.666609812801,-0.104466819884915,0.0748329546228011,-1.3960002035398,0.162714433856834,0.308889564141599
"FBgn0051642",28.672247797712,2.09342401742234,0.362965391432888,5.76755819379384,8.04283170592968e-09,1.03418004147928e-07
"FBgn0031781",293.991533078818,-0.298059767389864,0.101295755205278,-2.94247045975263,0.00325604849042586,0.0133268688917994
"FBgn0031782",156.602639736904,-0.0106773935706667,0.132321937629104,-0.0806925424610635,0.935686467731043,0.966708464112011
"FBgn0021873",454.365178754866,-0.123644765962746,0.0845467023315448,-1.4624433899016,0.143619746587342,0.281331511495005
"FBgn0031799",166.678150205206,-0.400336024206973,0.129962820287753,-3.08038886291158,0.00206730491009692,0.00904757239268319
"FBgn0015623",1232.55550901524,-0.140326036414513,0.0577704998049868,-2.42902583304983,0.0151394535770128,0.0486242839244022
"FBgn0031805",809.321378791137,-1.19259834280133,0.0660701771135313,-18.0504789740769,7.82095475234078e-73,1.57831211877099e-70
"FBgn0043854",46.2659252342386,-0.778144421393767,0.242727763833816,-3.2058319538861,0.00134672611767586,0.00621993976154807
"FBgn0259714",39.0192534162411,-0.78903257498115,0.269190794902115,-2.93112762369182,0.00337734000455275,0.0137458684218912
"FBgn0259715",192.491481930893,-2.1287313863631,0.140867342239459,-15.1116032468654,1.35795116094534e-51,1.82694725634591e-49
"FBgn0031811",22.8107433322789,0.416152118512559,0.349866896228652,1.18945839974694,0.234259331752548,0.401958914780883
"FBgn0011722",3039.89033032315,-0.619483944609634,0.0406554037973748,-15.2374318478577,1.99561486527804e-52,2.73549848985754e-50
"FBgn0031812",93.7435672210724,-0.343573506090642,0.179697566230948,-1.91195414215616,0.0558820762289963,0.13729566581118
"FBgn0031813",88.8522268117749,-0.0893839148380928,0.174162621223822,-0.513221001211406,0.607796737002021,0.757181042864724
"FBgn0031814",191.068944047199,0.317527834169397,0.122029724594002,2.60205319012089,0.0092667478620057,0.0326018998631823
"FBgn0031815",154.180970777595,-0.299187548613334,0.138928223645713,-2.15354044528997,0.0312762290101801,0.0873930014457532
"FBgn0031816",33.1618399181695,0.764740132553212,0.299666947175544,2.55196690779924,0.0107116692216391,0.0367770684759964
"FBgn0031817",39.3606202148846,0.199495346005471,0.261778152575564,0.762077904678792,0.446013509243934,0.624428715294855
"FBgn0259749",335.042917354077,-0.843767810210077,0.0955384278218182,-8.83171127521302,1.03086258324937e-18,3.41973363803956e-17
"FBgn0031818",201.179390078432,-0.31647918297417,0.118949261649174,-2.66062334970674,0.00779961525207136,0.0281631236611821
"FBgn0086357",1265.56290775802,0.470037834650312,0.0537360834321454,8.74715469808749,2.18799649881026e-18,7.00255267130244e-17
"FBgn0027496",217.222273330522,-0.0193159038308811,0.114387630382158,-0.168863571754643,0.865903953183899,0.929077221012854
"FBgn0031822",60.688667109281,0.263703539097993,0.21454851440897,1.22910913563971,0.219030890370851,0.383066783472372
"FBgn0051638",206.675355653762,0.26376068827697,0.124479071065692,2.11891594320923,0.0340975713188212,0.0929526662781374
"FBgn0031824",54.0443495661462,-0.263333105051321,0.224956576482315,-1.17059527295937,0.241761498295713,0.411045468082928
"FBgn0051637",624.534621259719,-0.292467287061551,0.0702983963433898,-4.16036925839564,3.17733463587892e-05,0.000227198190252563
"FBgn0031830",443.897008731601,-0.0329330432545993,0.0822690751234411,-0.400308903499701,0.688929010968377,0.815556340994828
"FBgn0031832",72.4147849511109,0.134746402987882,0.196283239951153,0.686489600545697,0.492404419951603,0.666182585875972
"FBgn0026585",554.777259332555,0.346611555458759,0.0753818254105503,4.59807856298275,4.26405212687369e-06,3.60213240717876e-05
"FBgn0031834",21.2188901565565,0.416058127832806,0.362478903196647,1.14781336007048,0.251045620803088,0.421698597718945
"FBgn0031836",274.565588634021,0.276366098427759,0.105379838689965,2.62257090031091,0.00872691077893314,0.0309273203946094
"FBgn0051635",172.907438404689,-0.169278295550513,0.134699138896824,-1.25671401418665,0.208857211628685,0.369811884918063
"FBgn0031842",647.517126931152,-0.0808744145419765,0.0704337723704349,-1.14823346556863,0.250872197466567,0.421514060656938
"FBgn0051633",35.909286862249,0.226999738184874,0.28337650188236,0.801053498356435,0.423100675271341,0.604251308403045
"FBgn0028467",309.594546701484,-0.0830679207375599,0.0970603892449557,-0.855837498528031,0.392087670394063,0.576039823137081
"FBgn0031844",11.937108899783,1.43484069898023,0.517952063492402,2.77021909963156,0.00560185961700875,0.0211635518032078
"FBgn0000392",276.417080330267,0.412340955885388,0.103129597457933,3.99827950510117,6.38045801255331e-05,0.000420254102096099
"FBgn0031845",151.314907552376,-0.22444540265614,0.136122366793562,-1.648850280399,0.0991783111790977,0.214379777065202
"FBgn0028990",323.330341048122,-0.94866855051632,0.10007283539209,-9.47978086959752,2.54817617949312e-21,1.03421787396746e-19
"FBgn0085339",11.9477243534714,1.13768251017732,0.491277261887397,2.31576463727744,0.0205711230251436,0.0621927627039819
"FBgn0000351",9.19979090484417,1.01084684077332,0.568648607778522,1.77763002836196,0.0754646386022561,0.173004291399618
"FBgn0031848",42.7067160490181,-0.0509972271942955,0.249010564666222,-0.204799452033905,0.83772881515301,0.911911873252415
"FBgn0028703",147.24924153376,-0.0863780483801868,0.139821513520069,-0.617773661617452,0.536724547574083,0.701043974091815
"FBgn0031851",161.091022078526,-0.136040335477375,0.132029950619497,-1.03037481146559,0.302834092719401,0.481947356759354
"FBgn0025777",194.629847610228,-0.253885285638558,0.129785219753022,-1.95619567560693,0.0504421077517844,0.126584425843424
"FBgn0046704",524.070326068253,-0.20582559294417,0.0756989635029192,-2.71900146870878,0.00654793173536983,0.0242831669512311
"FBgn0015776",1288.46367205401,-0.0954658462091695,0.0542865371625214,-1.75855472091297,0.0786531694251068,0.178902716303507
"FBgn0015777",330.725261705453,0.626023529074571,0.0951894618127422,6.57660540518751,4.81309840893979e-11,7.94708180476081e-10
"FBgn0017551",65.0794104903057,0.399312737061132,0.203162907674343,1.96548051823124,0.0493586483300548,0.124337926531847
"FBgn0086451",414.358650775063,-0.0547268751967252,0.0835268314199205,-0.655201140356838,0.512338260230553,0.683691390777994
"FBgn0042092",50.3392608068324,-0.172247399245716,0.232474530221932,-0.740930196014507,0.458735765620073,0.635286949529133
"FBgn0031868",264.058599589651,-0.158925451241402,0.102966047787672,-1.54347432630536,0.122715732031729,0.252272154275754
"FBgn0011737",177.418373264135,0.0228485067462416,0.124194577531458,0.183973464867692,0.854034271562602,0.92164084632574
"FBgn0028554",340.974360511458,0.226342166657665,0.0947564594563649,2.38867268739495,0.0169093595403514,0.0530883738377931
"FBgn0026196",449.824927052069,0.0572523351702443,0.0825178189794876,0.693817842961605,0.48779645137845,0.662276437911501
"FBgn0004838",2997.20058194396,-0.223235372259182,0.0409654744604531,-5.4493540035692,5.05531017461684e-08,5.81120702825812e-07
"FBgn0031871",135.189597160166,0.0991389388653474,0.148924195057165,0.665700686361221,0.505602434726159,0.676770412628067
"FBgn0031872",133.93171749657,0.400061272176024,0.144940471769915,2.76017641788208,0.00577701556675985,0.0217348617775817
"FBgn0031873",53.3214447104273,-0.0181085187796703,0.223984629429034,-0.0808471493148044,0.935563511034886,0.966708464112011
"FBgn0020616",349.601827496982,-0.00291915488735635,0.0935122437686067,-0.031216820062405,0.975096625981409,0.987603093232251
"FBgn0031874",40.2711240172195,0.487448117284973,0.262698083268398,1.85554500900926,0.063518438126644,0.15119968970841
"FBgn0031875",158.703665455059,-0.0245886675354543,0.136739879210136,-0.179820749275839,0.857293293572905,0.923933508056246
"FBgn0031876",66.3786374254047,0.0715566358057442,0.201332978353758,0.355414380648626,0.722279177024893,0.8375386846172
"FBgn0031877",25.3508241080068,-0.121781642472908,0.323149196633295,-0.376858874296085,0.706278485429071,0.826503304580909
"FBgn0031878",596.225025934142,0.269163927687931,0.0719319784028164,3.74192304541692,0.000182617442019572,0.00106649173333777
"FBgn0021944",325.479472284019,-0.337856442292129,0.0937191379708033,-3.60498879532356,0.000312166396212461,0.00170646265499137
"FBgn0026170",1306.62474954517,-0.123563119064527,0.0533849814545636,-2.31456705046703,0.0206366378391615,0.0623389496471967
"FBgn0016978",245.680667466019,-0.398478934838709,0.110687196236004,-3.60004542882342,0.000318161588891553,0.00173271659917326
"FBgn0000053",493.709918295276,0.314306629774184,0.0805529592457157,3.90186323031826,9.54550898289373e-05,0.000601980232297942
"FBgn0051908",348.172789340794,-0.313144496112153,0.0911703528368701,-3.43471848433512,0.000593169690786924,0.00304222920561609
"FBgn0031881",85.7104563984774,-0.00761004488595993,0.186119855944003,-0.0408878722120305,0.967385285935895,0.982807174146871
"FBgn0031882",81.3849721121502,0.218316836126478,0.187490048875322,1.16441825812129,0.244254551933427,0.413622146253433
"FBgn0031883",359.632529809255,-0.242948143161288,0.0928448312566374,-2.61671155920077,0.00887813284383975,0.0313866837520661
"FBgn0022201",667.313759818858,-0.135638932352954,0.0728456836760613,-1.86200369751664,0.0626025690499964,0.149607784259284
"FBgn0051630",21.7672349707621,-0.226350534479418,0.357851156150604,-0.632527045362281,0.527042541652226,0.694533659550775
"FBgn0031885",173.072022986078,-0.218716340198724,0.126149417316633,-1.7337879544045,0.0829557137029901,0.186240191610699
"FBgn0040954",340.105780638427,-0.314387315021154,0.0956106144061593,-3.2882051535159,0.001008283363422,0.00483829500347479
"FBgn0031886",134.736128651887,0.3104606099553,0.147536433298058,2.10429792164012,0.0353524672507399,0.0955795781012062
"FBgn0031888",769.573521152393,0.589457121102498,0.0643052620739915,9.16654566191259,4.88419297264455e-20,1.80120111402349e-18
"FBgn0085407",7.53098265042066,1.29381676733264,0.637409587313875,2.02980437238942,0.0423764283509882,0.110902288173606
"FBgn0031893",141.130108985005,-0.20190781244653,0.138346980056367,-1.45943057350631,0.144446636230613,0.282412239197599
"FBgn0031894",49.7082021385173,-0.0258638351335637,0.239302607062745,-0.108080039122943,0.913932201863725,0.955784646232284
"FBgn0031895",16.497825587672,0.705559060050669,0.405183525229581,1.7413320535451,0.08162539074457,0.183987539380643
"FBgn0031896",177.011856168769,0.419034246639622,0.125947960539818,3.32704273132827,0.000877729127695604,0.00427679551489508
"FBgn0031897",320.18994745826,0.190979326692469,0.103691238756174,1.84180774560472,0.0655032766843593,0.155161821034193
"FBgn0243517",117.611718128706,0.0321249134348431,0.155355454796354,0.206783298835265,0.836179099857044,0.911210993192809
"FBgn0259111",600.394787935289,0.618235219704018,0.071704111061788,8.62203311008597,6.57756789061604e-18,1.99108461355523e-16
"FBgn0031904",148.179101893229,0.309916489926848,0.137601709642103,2.2522720882824,0.024305082891924,0.0715753657113205
"FBgn0031909",76.5831798814857,0.160222733448973,0.189485310257107,0.845568098295174,0.397793728465054,0.581834394463181
"FBgn0028387",129.797930677424,-0.290193323457185,0.149976913895897,-1.93491995480461,0.0530001190604688,0.131639611957028
"FBgn0031912",293.296680296223,-1.00933448542026,0.105410438885983,-9.5752801723177,1.01581510939457e-21,4.16943320324946e-20
"FBgn0031913",234.520959083468,-0.561646448535793,0.120233079166132,-4.6713138549811,2.99279240276291e-06,2.61329769303757e-05
"FBgn0031914",116.483042232988,-0.416270599539284,0.153727839919717,-2.70784133672,0.00677223901020939,0.0249874638949575
"FBgn0025697",18.3249020291398,0.0676767369534155,0.387693631615015,0.174562415873313,0.861423482850675,0.926186414519781
"FBgn0045495",7.76866428594234,-0.362610024649382,0.646320783172045,-0.561037234281323,0.574772154490993,0.730531788379473
"FBgn0260486",612.478270484179,-0.389596997443043,0.0712249758448012,-5.46994916912253,4.50164667349454e-08,5.19118461633934e-07
"FBgn0085403",71.3991408260866,0.910310112041992,0.199340742208206,4.56660340459251,4.95690569540732e-06,4.1345487803828e-05
"FBgn0040299",97.1267108508019,-0.0280905528110561,0.168909594039249,-0.166305253238184,0.867916732130729,0.930276638968685
"FBgn0041182",657.556015642455,0.602991090597025,0.0728951122543635,8.27203734172081,1.3168904149052e-16,3.67969571703319e-15
"FBgn0031937",167.45326088275,0.943514687454354,0.134393986708721,7.02051267739592,2.21055602177279e-12,4.32875727713728e-11
"FBgn0031947",285.305783600312,-0.151813423294865,0.0994596457918759,-1.52638210287358,0.12691473215557,0.258200932262732
"FBgn0031948",34.5023244815623,0.3675745501536,0.284730319098812,1.29095683001724,0.196718647412491,0.354103313541067
"FBgn0025687",1174.88916473318,-0.242296081676886,0.0575600321893175,-4.2094500725775,2.55993001223848e-05,0.000187478745351941
"FBgn0031950",170.557460573605,-0.0577659343431296,0.129473093803116,-0.446161690018558,0.655480453803832,0.79367758281414
"FBgn0031951",116.648390361182,0.126769837778981,0.154280282042807,0.821685286677189,0.411256035202651,0.593991072713173
"FBgn0031952",107.278848616434,-0.44012151280903,0.16057441889082,-2.74091923140188,0.00612675661450342,0.0229201270877278
"FBgn0002527",11144.6275532521,-0.764902406023505,0.0298360505532121,-25.6368517897271,5.92639259758215e-145,2.69095263883965e-142
"FBgn0027515",133.960852764758,1.0327080250241,0.14956058807507,6.9049476089633,5.02219591186692e-12,9.40155157377099e-11
"FBgn0020618",6487.6667482535,-0.744663904837523,0.0342638807794207,-21.7332038256675,9.96044612994691e-105,3.44584005400306e-102
"FBgn0004177",1612.11620778067,0.00496014354565525,0.048606445701157,0.102047032530445,0.91871934335065,0.959117118758798
"FBgn0040099",285.881761765336,-1.55840754648917,0.111001940092486,-14.0394622399456,8.93883383484453e-45,1.01260524208343e-42
"FBgn0031957",10.2476002003097,-0.717481841462145,0.520173929098135,-1.3793114212896,0.167798756601243,0.315430593251858
"FBgn0031962",190.471825640511,0.114982626719579,0.121553870197649,0.945939660601632,0.344179363128412,0.527969398886807
"FBgn0083968",44.0790451816169,0.205677671047125,0.253380113903511,0.811735648384182,0.416943334401851,0.599227166059238
"FBgn0085450",413.751744507064,-0.465566124323656,0.0858270716646292,-5.42446707424511,5.81277032690198e-08,6.58810864663695e-07
"FBgn0031968",18.4178420386273,0.764157767802262,0.393869796850629,1.94012786436646,0.0523641524084537,0.130327361167323
"FBgn0031969",1134.64799455665,0.197920764942107,0.0556727463899718,3.55507457016272,0.000377871904120981,0.00202600692504718
"FBgn0031971",81.0434718990726,-0.224915165219675,0.182964796760183,-1.22928109233208,0.218966433844246,0.38304626580266
"FBgn0031972",87.9008959301107,-0.225080609873553,0.175522790721118,-1.282344070242,0.199721974734309,0.358355185587738
"FBgn0031973",260.134305984229,-0.311184831264531,0.111235763458995,-2.79752501882405,0.00514957788391353,0.0198155102365634
"FBgn0031974",26.9182643548777,0.52435480247505,0.319043789029102,1.64351985685332,0.100275420390711,0.216044166411185
"FBgn0031976",32.1028647123829,-0.724261849857136,0.297195284330185,-2.43698971028248,0.0148101007860866,0.0477989259044509
"FBgn0031977",482.725789342239,0.648085494466936,0.082205887650616,7.88368708116589,3.17859688537513e-15,8.15989624461143e-14
"FBgn0044323",804.265051231945,-0.295303395895857,0.0661520243965778,-4.46401147341355,8.04392540709909e-06,6.5295104002877e-05
"FBgn0031979",10.1796964588194,0.388457966284648,0.511930113273101,0.758810541151769,0.447965899024137,0.625980430161638
"FBgn0031980",5260.11513957623,-0.0137730876521979,0.033490610758054,-0.411252208916068,0.680887609009035,0.811191944809878
"FBgn0031981",224.547592092884,0.458744009980149,0.11334971906824,4.04715612664174,5.18436635194333e-05,0.000350041092443014
"FBgn0011230",4634.42668563089,-0.00208162973842757,0.0349913758296101,-0.0594897939584895,0.95256199432243,0.975936100515083
"FBgn0013531",69.4338126128337,-0.247503790078078,0.212955624254618,-1.16223176046364,0.245141336858795,0.414464000995845
"FBgn0010287",43.0581629616579,-0.0292461597029527,0.248429228653546,-0.117724310707976,0.906286103563083,0.950743915317436
"FBgn0020240",701.786780712258,0.905400713355187,0.0718788837270939,12.5961988613063,2.21567647016352e-36,1.74966190823239e-34
"FBgn0011219",2606.36815083788,0.0388901801551573,0.0502444294007472,0.774019739481388,0.438919118195155,0.61833379749618
"FBgn0031985",422.657299721304,-0.0106439779661507,0.0881428165696938,-0.12075831452169,0.903882468594336,0.949220314301511
"FBgn0031987",75.1354558752677,-0.747827591112298,0.198188106886474,-3.77332223845637,0.000161088007917406,0.000960841032446595
"FBgn0031988",534.21004696994,-0.421426393140862,0.078782963831646,-5.34920714637523,8.83403832158148e-08,9.72413460701355e-07
"FBgn0031990",1263.36177564088,-0.35046133110772,0.0537116030863449,-6.52487192654314,6.80596642753342e-11,1.1051523374796e-09
"FBgn0051607",26.644800384715,0.749608918198565,0.329164403768436,2.27730857169449,0.022767805435115,0.0679573157297084
"FBgn0261064",208.566248101419,-0.103793409451894,0.116097490306515,-0.894019407119508,0.371311507616676,0.555972403717055
"FBgn0031992",91.2565150365519,0.681059155201675,0.176665201950012,3.85508378381376,0.00011569000140944,0.000714700561428214
"FBgn0031993",3263.57455353511,-0.130183629539146,0.0385460521116933,-3.3773531245669,0.000731870271462053,0.00364430261972023
"FBgn0083970",30.7536040413825,0.121612489010534,0.296861226298826,0.409661074727614,0.682054587964637,0.811416625844079
"FBgn0031995",336.74222854805,0.221006653009942,0.0922501876982252,2.39573120146826,0.0165872495033843,0.0523694207112735
"FBgn0031996",149.999384213277,0.516892724128877,0.141853006928887,3.6438615953203,0.000268577882554517,0.00149061750707301
"FBgn0031997",69.7646605576873,0.645259315256315,0.202192643417606,3.19130955681511,0.00141629446506995,0.00650403242018531
"FBgn0031998",186.012384646542,0.46847712418034,0.125381584618584,3.73641093790181,0.000186665521246715,0.00108490000948591
"FBgn0031999",24.1330352440182,0.233290583883314,0.333675123840584,0.69915485816908,0.48445525825837,0.659218477476505
"FBgn0003607",840.83354312893,-0.179702956386056,0.0623455367718963,-2.88237082701742,0.0039469492840878,0.0158073795749161
"FBgn0015299",324.075998543741,-0.0314329566940101,0.0937984234820543,-0.335111780423729,0.73754076665756,0.847419527086379
"FBgn0032000",102.658628292951,0.0920363381126022,0.163569944817317,0.562672673243198,0.57365779552289,0.729881590976146
"FBgn0032001",73.602294617924,0.0316045875704447,0.206475406489788,0.153067080035064,0.878345376235411,0.934834333189314
"FBgn0032002",14.9564818268876,0.0575159882943814,0.4231478695826,0.135924088076152,0.891881292666883,0.941927255593096
"FBgn0032004",245.168890620431,-0.880916965153897,0.113658195376135,-7.75058025722328,9.1473583189549e-15,2.27587528038381e-13
"FBgn0032005",1100.52412862366,-0.43917868382271,0.0579695055518803,-7.57602949415642,3.56290843467976e-14,8.51464795327251e-13
"FBgn0032006",3321.70963342418,0.155316361263329,0.0373089606306149,4.16297743593209,3.14124419880528e-05,0.00022483880890956
"FBgn0032010",10.8844356905246,0.852969364954983,0.505933793857483,1.68593079828001,0.0918091290603522,0.201913644166034
"FBgn0003502",353.009786466621,0.686424770171655,0.0935194617915249,7.33991360752101,2.13731770885083e-13,4.71963925677851e-12
"FBgn0261020",327.587700704037,0.540997916977116,0.0959480233155914,5.63844775830004,1.71589859633186e-08,2.11446758262929e-07
"FBgn0032013",26.8176102881716,0.479418744791743,0.323411748667657,1.4823788769789,0.138239511182336,0.273579419433308
"FBgn0032014",155.198617202035,0.104485401684141,0.138360829498902,0.755166054312861,0.450149353708852,0.627823969033368
"FBgn0032015",596.718765067873,0.154162180539326,0.073213845358423,2.10564244760831,0.0352354225456493,0.095409164243996
"FBgn0032016",116.755662884497,-0.0244692910706324,0.15564965053589,-0.157207491223954,0.875081324571267,0.933995409243866
"FBgn0032017",32.6227759114215,0.874666670901804,0.300792812968924,2.90787091044017,0.00363898518564655,0.0146710244883836
"FBgn0032018",447.752523149485,-0.116496234359977,0.0813363592070653,-1.43227746478549,0.152064429762232,0.293425785450894
"FBgn0032019",32.0813785569213,0.743714992520192,0.299852425389521,2.48027005802629,0.0131282908768674,0.0436308477678141
"FBgn0032020",140.838426317214,0.34943323467028,0.147845835765151,2.36349730692006,0.0181033582355085,0.055990164998284
"FBgn0032024",247.542419462072,-0.218396786822119,0.106692097216855,-2.0469818526317,0.0406598663858387,0.107314242623085
"FBgn0032025",52.3390776998663,-0.0687463807862995,0.229227631955307,-0.299904423388639,0.764250060177206,0.865110110188128
"FBgn0032026",714.415838441727,0.577702849024711,0.0676133065653299,8.54421826665907,1.29409254709317e-17,3.85310752239012e-16
"FBgn0010265",8457.30480775576,-0.427620789769437,0.0311456276786446,-13.7297213651161,6.73921889040723e-43,6.99434646268693e-41
"FBgn0261437",70.123018954786,0.40435950036691,0.199427872936996,2.02759771947553,0.0426013219597577,0.111370494435998
"FBgn0260439",1768.2013357513,0.11390553785535,0.0473049168561165,2.40790060369003,0.0160445486119676,0.0509902212012006
"FBgn0032029",87.5490395494663,-1.10867772732916,0.185802802994129,-5.96695910644682,2.41715957386672e-09,3.29468373436055e-08
"FBgn0032030",191.234033357239,-0.375404939679541,0.124843822338479,-3.00699652291754,0.00263842780822538,0.0111767801905291
"FBgn0032031",61.243959533134,0.173864024959591,0.209898667304548,0.828323624881936,0.407487246892272,0.589837586904235
"FBgn0032032",90.3028839733364,0.438260016395461,0.172738912028321,2.53712386658778,0.0111767400525478,0.0380858426274669
"FBgn0027094",1567.48424964253,0.0860608611444436,0.0491322512794397,1.75161648211421,0.0798397765183941,0.180978463777265
"FBgn0032033",31.9320776862579,-0.393738710315522,0.297858021738238,-1.32190064252003,0.186201238450096,0.340657768154104
"FBgn0032034",64.8611119607796,-0.266743495960519,0.211050219883945,-1.26388636840653,0.20627081520118,0.366843934500997
"FBgn0032035",318.418268474742,0.238016955744767,0.0948430417857769,2.50958795988828,0.0120872108275185,0.0405489734907815
"FBgn0032036",2085.19194555725,-0.45399514756095,0.0451700451454865,-10.0508012798901,9.11234388683046e-24,4.38418399588233e-22
"FBgn0032040",256.13593415277,0.333309515853359,0.107268434046165,3.10724696241872,0.00188838570530366,0.00838577148473782
"FBgn0051898",23.3546099581986,0.547798066200252,0.359214886870363,1.52498709330481,0.127262316920167,0.258763149293315
"FBgn0001084",20.242740188364,0.401486453097923,0.364485947577468,1.10151421684807,0.270672920419167,0.445197819072956
"FBgn0020497",1764.49808104228,-0.0521513905882202,0.0467319542951047,-1.11596853533864,0.264435603235997,0.437613817200346
"FBgn0014417",367.181775020976,-0.403738247494766,0.0931812347630809,-4.3328278329998,1.47206226150176e-05,0.000112930647622073
"FBgn0032042",164.665572485471,-0.0681305007706983,0.129451509805754,-0.526301322193386,0.598678864511364,0.749858669571896
"FBgn0027932",3991.76257249611,0.19920822004015,0.038971273319702,5.11166823844679,3.19326261387171e-07,3.24009118572318e-06
"FBgn0001137",127.845240251529,-0.799847747400462,0.153123945136972,-5.22353147762086,1.75542607453263e-07,1.84561077156e-06
"FBgn0027490",138.387238970848,-0.0108698367585579,0.158401409034246,-0.068622096386831,0.94529042995107,0.972454643050646
"FBgn0027780",109.317967489652,0.236175530543724,0.163442927639592,1.44500305981127,0.148457026178961,0.288379758072233
"FBgn0026718",22.5072745859542,0.68878561624427,0.361012948998905,1.90792495990596,0.0564009157425569,0.138289791721119
"FBgn0029173",67.7366987926976,0.24047905679129,0.200519351841357,1.19928103987464,0.230418684965442,0.397339602723459
"FBgn0032047",19.0117784037706,0.949215249135428,0.384714596018093,2.46732320260287,0.0136127425753091,0.0448307229418044
"FBgn0032050",443.8625725859,-0.197588404015527,0.082700493951684,-2.38920464164294,0.0168848943276927,0.0530344821836088
"FBgn0032051",346.749573045681,-0.312217580678764,0.094335038804006,-3.30966716754566,0.000934069699700017,0.004505902295335
"FBgn0032052",301.355813223426,0.191445167858436,0.0979967387927868,1.95358713174369,0.0507500636807873,0.127225401187343
"FBgn0032053",83.1561998064034,-0.185106089991753,0.180061980684214,-1.02801318350699,0.303943626281941,0.483078198411355
"FBgn0032054",149.059190623112,0.0611374035465606,0.141138252846017,0.433173872523858,0.664888458599582,0.799737525120192
"FBgn0016122",88.4274350149459,0.148180862332072,0.17624451714532,0.840768636279853,0.400477560812881,0.583330105967658
"FBgn0028394",41.5052828422423,-0.43261578330523,0.262651953151823,-1.64710666764073,0.0995361228814069,0.21494177627183
"FBgn0011259",81.353719639983,0.778382274025983,0.186492132139997,4.17380757619127,2.99550785717223e-05,0.000215468956260953
"FBgn0001114",9711.85528211439,-0.862973536165859,0.0327253568237889,-26.3701795770349,3.01281749821688e-153,1.56343708032469e-150
"FBgn0032059",94.7020931217885,0.0596457036373573,0.171574627041295,0.34763708752228,0.728112749680569,0.841377306573777
"FBgn0260861",59.267883390076,0.103017326181048,0.215166402303905,0.478779795906723,0.632095291448618,0.775737915286137
"FBgn0004914",279.348476004664,-0.0798136153695357,0.102231511322334,-0.780714422952088,0.434970475815471,0.615077899467748
"FBgn0003209",275.541864312425,0.152908047814168,0.104773806280314,1.45941102306692,0.144452013882763,0.282412239197599
"FBgn0032078",1241.15025464622,0.453651611450683,0.0535073102528467,8.47831089447348,2.28486743832044e-17,6.66649073871404e-16
"FBgn0032079",182.93677480811,-0.175030878991716,0.125776697732012,-1.3916002101172,0.164043495212638,0.310520060635699
"FBgn0052985",29.1852377711738,0.95153683561359,0.316703909297129,3.00449981096023,0.00266017924123297,0.0112557962653218
"FBgn0052984",40.8599925560468,-0.0907099961475082,0.261825167029976,-0.346452547615956,0.729002640033963,0.841725782931349
"FBgn0032082",129.588145881338,0.478125987463983,0.147514999429139,3.24120251712882,0.00119026592324056,0.00557889156925334
"FBgn0032084",9.88448547587376,1.68006825420008,0.587745081450628,2.85849819458031,0.00425651530915481,0.0168429105234257
"FBgn0011705",566.719992792641,0.553156421037975,0.0790709266725743,6.99569923252002,2.63939214460412e-12,5.09978296025238e-11
"FBgn0013746",430.520925196821,0.1338656038427,0.089744043619824,1.49163775603633,0.135794134688732,0.270731171381349
"FBgn0040964",34.4799548149471,0.417771305302142,0.278254589054288,1.50139951589669,0.133252259040106,0.267129597661803
"FBgn0052982",362.752629874759,0.147506889172109,0.089216089808953,1.65336644419162,0.0982563077928462,0.213147828042708
"FBgn0032101",198.736765115401,-0.039231046794464,0.11923259544518,-0.329029546391965,0.742133355491134,0.850317348874629
"FBgn0041092",1179.45428393904,-0.366853109763496,0.0566405076016206,-6.47686832794202,9.36458437748808e-11,1.51186012227669e-09
"FBgn0032105",150.801637212486,0.664062213820587,0.139044191551369,4.7759076190914,1.78898512167761e-06,1.63073737879396e-05
"FBgn0028433",21.7303963927385,-1.24765038560038,0.363932467725693,-3.4282469860336,0.000607492502721051,0.00310368005082169
"FBgn0010314",102.62191234623,0.931621685838624,0.172341625636202,5.40566843558268,6.45671412475886e-08,7.28385529757346e-07
"FBgn0026439",79.2075981709294,-0.200351945509678,0.191064926272027,-1.04860661461449,0.294359210240829,0.472183630470219
"FBgn0085395",22.6748379530397,0.0057068804556147,0.347162689569647,0.0164386341824034,0.986884458287119,0.991936301806297
"FBgn0012036",1442.98376765847,-0.191302473487679,0.0498927798200254,-3.83427169577943,0.000125936880134015,0.000773546563636012
"FBgn0032117",32.3869644790604,0.525927464120878,0.293358919203815,1.79277816249208,0.0730084026189077,0.168543388950227
"FBgn0011232",172.247595688012,0.120862028864448,0.128827277360857,0.938171102738608,0.348156486302091,0.532190124852839
"FBgn0002973",54.8553709163983,-0.233144805898097,0.225765008838701,-1.03268795770149,0.301749950852831,0.48064314688573
"FBgn0004868",877.804158012412,-0.217340190672465,0.0636966051838632,-3.41211576417774,0.000644607318241481,0.00327258711881507
"FBgn0032120",560.084337086441,0.331457006695241,0.0747890486101417,4.4318922737345,9.34096863645381e-06,7.47380365020231e-05
"FBgn0032123",117.816194817144,0.290660595101916,0.153077196478703,1.89878441589015,0.0575928270361845,0.140359573437732
"FBgn0032130",121.52032142841,-0.391488031812467,0.154330439900455,-2.53668707265386,0.0111906934852031,0.0380976514386131
"FBgn0028479",690.027819740277,-0.0496064479653038,0.0671216214579392,-0.739053182682558,0.45987470400947,0.636500233307068
"FBgn0040070",1090.67415444891,0.333020235176917,0.0550380104200451,6.05073171496094,1.44189403013437e-09,1.99530669122404e-08
"FBgn0032135",41.1584710627131,0.410213194586993,0.258967467528189,1.58403369543837,0.113186051399578,0.23731505437747
"FBgn0032136",102.907058072837,0.585356048884195,0.168467384514789,3.47459569441353,0.000511623839732144,0.00266066370483467
"FBgn0000273",636.676560620084,-0.251949084388762,0.0699291329790536,-3.60292018012335,0.000314662176665395,0.00171623176687244
"FBgn0015393",279.086159800312,-0.13807678104972,0.105124283638054,-1.31346227789882,0.189027223915611,0.344008712862454
"FBgn0011207",213.895758161737,0.0615670383366004,0.115778078519847,0.531767663824601,0.594886921369411,0.74746687716167
"FBgn0051710",36.5842406929013,-0.0582859329502789,0.277354892656971,-0.210149287044906,0.833551158748534,0.909786527100176
"FBgn0032138",1012.27941845807,-0.280506494437748,0.0574199312161908,-4.88517642735617,1.03336280595663e-06,9.67445977483881e-06
"FBgn0032139",25.6064020896113,-0.311974325180905,0.330780086388816,-0.943147238961037,0.345605596037427,0.529598113311939
"FBgn0032140",596.019214934541,0.625363558427355,0.073381528455934,8.52208412097725,1.56707501196764e-17,4.64685712732446e-16
"FBgn0022720",534.070777614792,-0.132053338002419,0.0799039862344353,-1.65265018962859,0.0984020772153282,0.213272998499212
"FBgn0011291",52.25185886885,-0.594421215564792,0.228557250810684,-2.60075413690182,0.00930190928442845,0.0326739406271586
"FBgn0025117",528.088166659431,-0.241292444177212,0.0774573896705241,-3.1151636429214,0.00183842886873439,0.00819900904318928
"FBgn0032147",95.1167672543303,-0.0184844291857212,0.169851219732524,-0.108827179544721,0.913339565687373,0.955780341409564
"FBgn0042174",1117.5561761,0.383634243941463,0.0573153135740711,6.69339867513201,2.18046028528028e-11,3.72730446413206e-10
"FBgn0032149",93.2851645252203,0.111543909247459,0.173768712506425,0.641910201431316,0.520931490137038,0.690284708564886
"FBgn0032150",15.391536404346,-0.0762829719989703,0.432651538858698,-0.176315036808141,0.860046449423882,0.925527692943935
"FBgn0029174",631.857179002696,0.256753830039629,0.0739854241544088,3.47032990584442,0.000519819464265625,0.00269941987697625
"FBgn0085212",21.509011402387,0.305282182591091,0.371729616534185,0.821247942085929,0.411505053497787,0.594232600608512
"FBgn0032153",9.15130055072494,-0.207304813892537,0.545492300887974,-0.380032520266699,0.70392127525455,0.825454947311617
"FBgn0032154",63.5222315327022,-0.0612754266167887,0.204268551157159,-0.299974843262314,0.764196344640963,0.865110110188128
"FBgn0063449",49.0771263211313,0.0837568242696645,0.236149101869138,0.354677716776066,0.72283104646247,0.8375386846172
"FBgn0010520",32.2848400531492,-0.345372796524443,0.286431566278235,-1.2057777046436,0.227903214326054,0.39430565690307
"FBgn0004867",7359.46849739169,-0.234464755371559,0.0418615356515137,-5.60095925107518,2.13168848427145e-08,2.57682476509685e-07
"FBgn0032156",402.425077528674,-0.36477242444764,0.0878594181971756,-4.15177373049537,3.29908358496359e-05,0.000234386442589941
"FBgn0032157",270.445111447982,0.245368767939873,0.103863888666096,2.36240690668429,0.0181567009624658,0.0561312478690697
"FBgn0024285",486.805484070485,-0.255692203085768,0.0783902231375488,-3.26178690213846,0.00110712335957588,0.00523308471523666
"FBgn0040064",360.687753165351,0.018125573619437,0.0905874259496347,0.200089288655961,0.841410750392261,0.914139240556269
"FBgn0025700",276.887568182989,0.14901780677195,0.104150271211369,1.43079614713172,0.152488647649013,0.2940881404752
"FBgn0032160",147.005084549386,0.0667704205114284,0.141085364678821,0.473262557483764,0.636025871597243,0.778555679385673
"FBgn0032161",11.9408825138208,0.78193990401431,0.508348602572453,1.53819623002281,0.124000642505084,0.253979325570745
"FBgn0032162",19.7703932712921,0.411259711242625,0.369253549702404,1.11375966886189,0.265382303441443,0.438868620199083
"FBgn0051712",146.84452035475,-0.308772334983054,0.141236683087711,-2.18620494500922,0.0288006146531441,0.0817649337456396
"FBgn0051713",18.958061579857,0.333929933540344,0.385695804751537,0.865785755060156,0.386607662377628,0.570527050004767
"FBgn0032166",80.9530505864241,0.123473076176757,0.188964223228438,0.653420388617642,0.513485298134855,0.68461565258758
"FBgn0032167",166.924123772962,-0.100391177236841,0.128937758238154,-0.778601851068437,0.436214288336717,0.615717273123422
"FBgn0032168",51.7474847939783,-0.0620173999108764,0.233677557038864,-0.265397330820956,0.790703392158593,0.884443440189711
"FBgn0032169",64.7411788548518,-0.176665335707643,0.204146636301541,-0.865384504531802,0.386827783032757,0.570620069793499
"FBgn0032171",33.3176656510715,-0.244401421745492,0.284486585356687,-0.85909647176883,0.390287293724565,0.574091352279604
"FBgn0032170",197.058255631686,-0.119062439849131,0.120258739920307,-0.990052281672256,0.322148565410535,0.503638762149244
"FBgn0032172",408.061984854081,0.124930678632359,0.0858730502814878,1.45482987063861,0.145716366491718,0.284013392515383
"FBgn0015664",375.022634116767,-0.169116879593663,0.0902358443826247,-1.87416520287172,0.0609076586155245,0.146327427196358
"FBgn0011272",8155.65519666757,-0.406338299164712,0.0659116256070883,-6.16489572851641,7.0529600573155e-10,1.00865659087396e-08
"FBgn0051875",11.9549776028386,-0.0453207063559919,0.473757403445074,-0.09566226517291,0.923788811434353,0.961232557300283
"FBgn0051755",107.411218367726,0.275733750339441,0.15900512959398,1.73411858500117,0.082897044589321,0.186171411288506
"FBgn0043456",814.95672296434,-0.22713447954172,0.0640410277431655,-3.54670259903753,0.000390084676421365,0.00208379792220678
"FBgn0011584",582.651628005803,-0.205654550051165,0.0781161494223141,-2.63267648971467,0.0084714996324629,0.0301545540567579
"FBgn0011823",1531.65524251099,0.389139208831007,0.0493704847242995,7.88202123199893,3.22127269704356e-15,8.24033314930334e-14
"FBgn0032178",11.3605717784672,0.531630600267289,0.493745558408224,1.07672988893551,0.281600955396022,0.45706678752281
"FBgn0028675",53.391847101826,0.147991265177929,0.223147119495247,0.663200428097308,0.50720219735695,0.678604781546637
"FBgn0032189",54.0374103638641,0.300627620224202,0.231890131851686,1.29642265422696,0.194829911383222,0.351487287360097
"FBgn0005593",7879.00887087684,-0.717204945052112,0.033826054713148,-21.2027370952409,9.01009233801487e-100,2.72743003481992e-97
"FBgn0085188",168.270552097234,-0.290610193349709,0.130179476465141,-2.23238102687812,0.0255897907043815,0.0743639317869326
"FBgn0032191",278.017891583152,-0.147324801907906,0.101118888774587,-1.45694640925417,0.145131173892123,0.283206548032843
"FBgn0032192",16.5929670702304,0.416968013686546,0.403410811776823,1.03360644165686,0.301320186725187,0.48021094438468
"FBgn0032193",39.7277866604171,0.0547346337400447,0.262115781430835,0.208818535996802,0.834589900683398,0.910541466956733
"FBgn0032194",152.22782684798,-0.0142157157082376,0.136356943529207,-0.104253698713866,0.916968020687542,0.958036147001952
"FBgn0024320",658.713882312421,0.0973473950916311,0.0712118824558097,1.36701055686935,0.171621996550902,0.320522829034011
"FBgn0250843",563.917377308137,0.097316992484399,0.0753198646978498,1.2920494862118,0.196340007610189,0.353596964622712
"FBgn0032195",53.4384530056115,0.150534326041229,0.225784631083143,0.666716442651917,0.504953273943084,0.676660934611322
"FBgn0032196",133.216831167859,0.550193493574708,0.146215580247194,3.76289238564415,0.000167959488165079,0.000990442923311117
"FBgn0032197",172.450340234656,0.323113591465442,0.12624461887161,2.5594246658073,0.0104845577181062,0.0361510734798489
"FBgn0032198",740.548173839623,0.213856452316656,0.0665607948838555,3.21294919463961,0.00131379527315268,0.00607557139366914
"FBgn0051720",49.2860789427515,0.344366727535918,0.234358578426063,1.46940099162856,0.141724058526241,0.27857826980334
"FBgn0004419",523.116150733877,0.333921698157302,0.0766473723442802,4.35659681400965,1.3210027755229e-05,0.000102642622076726
"FBgn0024248",293.293012053889,-0.155126705553496,0.104786666339825,-1.48040500735482,0.138765194497689,0.274246229060314
"FBgn0000229",312.60508972699,0.230222981200853,0.0987899781718344,2.33042850561628,0.0197835146263352,0.060212498433316
"FBgn0051717",180.371360950161,0.321678136357713,0.124631252663343,2.58103910121675,0.0098503424228104,0.0342241691543365
"FBgn0010407",15.0395968697089,0.85082678388297,0.452599929717054,1.87986503757274,0.0601264738982106,0.145026172931773
"FBgn0032200",156.45644555039,0.371900068722027,0.133003196137015,2.79617392306053,0.00517115637215287,0.019877487324704
"FBgn0026379",123.944232078156,0.857505572722086,0.158913684451196,5.39604613462621,6.81254365738853e-08,7.64963364311092e-07
"FBgn0011305",178.805005940168,0.497243266939034,0.128231713756908,3.87769337530395,0.000105451503663284,0.000656474013807847
"FBgn0032202",203.54617274043,-0.592510558433061,0.118603725630952,-4.99571624146716,5.86177989021398e-07,5.69329290139099e-06
"FBgn0259482",59.2025745890747,0.599276394221814,0.221356446998148,2.70729134998642,0.00678346964319211,0.0249988466522178
"FBgn0032204",50.6039469145644,0.526473876891755,0.235021228034054,2.24011201581957,0.0250836516576574,0.0733330902587045
"FBgn0032205",38.8420777894168,-0.502059089211303,0.268095540813925,-1.87268720578894,0.061111591130873,0.146671856480275
"FBgn0260750",52.390548297674,0.530665931292783,0.227171935248857,2.33596606337601,0.0194930103241097,0.0594778328452991
"FBgn0260749",237.583473131907,0.02802668310698,0.108653012112737,0.257946674114288,0.796448062635054,0.887861773061787
"FBgn0032208",2283.87310455013,-0.0588668879443302,0.0428749967993946,-1.37298874259418,0.169755846402716,0.317854696937045
"FBgn0032210",134.290357809763,-0.0254781148915224,0.145816341271465,-0.174727432257335,0.861293811524661,0.926184064642786
"FBgn0005322",272.42803952301,-0.0628093834386511,0.106903356933313,-0.587534248132471,0.556844956022004,0.716648114348957
"FBgn0032213",1261.60899072499,-0.0469078860688882,0.0568757437009627,-0.824743256378628,0.409517367985033,0.592186241721988
"FBgn0032214",147.30296492163,-0.237343818596298,0.13801480713304,-1.71969822315883,0.0854873109916071,0.190862112585748
"FBgn0032215",98.8869314581882,0.309961093298347,0.165406550882483,1.8739348087765,0.0609394110132321,0.146355312730953
"FBgn0032216",481.818486786826,0.264292598691711,0.0791895493023584,3.33746815103846,0.00084545410797508,0.00414175596388332
"FBgn0032217",460.515491085753,0.189351586819897,0.0822931710189673,2.30093924532637,0.021395065410252,0.0643890431671419
"FBgn0032218",143.939399186823,-0.250188992148808,0.139385148976184,-1.79494726652375,0.0726621021395769,0.167957420313085
"FBgn0011703",780.457236642682,-0.0882204100518668,0.0637477655063803,-1.38389807628688,0.166389665901303,0.313816438933793
"FBgn0032221",16.4834486137232,0.677298469156861,0.427399598523442,1.58469608183245,0.113035402541239,0.237067609544486
"FBgn0032222",143.833967589218,-0.371713801129037,0.140650779768678,-2.64281365336459,0.00822202726825978,0.0294251369969987
"FBgn0032223",201.481360255389,-0.12215008473453,0.118231738628353,-1.03314123729919,0.301537807653837,0.48041056416779
"FBgn0019932",108.368304428627,0.523300062350216,0.166066136066594,3.15115456254348,0.00162626405375093,0.00735208982607375
"FBgn0051715",126.909073635968,0.253111128003913,0.154222164124964,1.64121110243804,0.100753601850714,0.21688145702087
"FBgn0032224",98.2204352145366,0.49867520804869,0.170068333323459,2.93220494552764,0.00336564561886154,0.0137059503481105
"FBgn0032228",141.194930354358,0.228916362012462,0.145548964205264,1.5727790524818,0.11576998768554,0.241617052724919
"FBgn0032229",185.777292262099,-0.295808805516588,0.12445216616365,-2.37688755957537,0.0174594093403497,0.0544155336154614
"FBgn0027568",460.62913482312,-0.0255262193409293,0.0836228508887174,-0.305254114989439,0.760172620050712,0.862375715906999
"FBgn0003087",40.4003065814312,0.593406814049721,0.261611682681442,2.26827337360273,0.0233125497520272,0.0692135978538935
"FBgn0032231",76.6127425546505,0.190380947602681,0.187930347995291,1.01303993545232,0.311041086123593,0.490921896738627
"FBgn0041723",8.27181781722312,-0.0369088227982178,0.580713780466168,-0.0635576837329214,0.949322427068405,0.973715577107435
"FBgn0053303",1290.33010262535,-0.038184017344004,0.0541097964596686,-0.705676602802691,0.480389274412176,0.654666681411454
"FBgn0032234",118.307979666923,0.524331511244582,0.154373893759053,3.3965037641854,0.00068252618634083,0.00343866348388774
"FBgn0004106",171.334335759883,0.532587786793554,0.128697656569094,4.1382865934907,3.49909124090502e-05,0.000246088072266941
"FBgn0032236",200.350661846116,0.0176903481635726,0.121757235056351,0.145291966882997,0.884480356925967,0.938484869783634
"FBgn0000413",631.418076854874,0.0284183731112424,0.0716425288598549,0.396669039514695,0.691611533961398,0.816621933844851
"FBgn0032237",655.524487673079,0.55488802945036,0.0712839873528704,7.78418898908601,7.0161812210767e-15,1.76375628273779e-13
"FBgn0051716",768.533256122943,0.0461019131964567,0.0660939780658762,0.697520629648085,0.485477033582745,0.660237860160735
"FBgn0003942",6630.85743764181,-0.201646214919421,0.0320761991504051,-6.28647471522117,3.24755880644741e-10,4.89492006822416e-09
"FBgn0025366",2028.31560991081,-0.394348612144868,0.0450775301100231,-8.74823024203769,2.16724727747858e-18,6.96683693401855e-17
"FBgn0032242",498.765772492256,0.291702037110436,0.0845628689914507,3.44952862396292,0.000561566191792201,0.0028975698745528
"FBgn0032243",119.891682690979,0.0542353201504245,0.152775944368358,0.354999082968571,0.722590278235211,0.8375386846172
"FBgn0032244",77.0817936267327,0.405814323518063,0.189760411426696,2.13856157070374,0.0324711926243106,0.0896288808569973
"FBgn0005683",73.9416702661539,0.10734017171318,0.202539592270328,0.529971303437375,0.596131827285005,0.74825461735065
"FBgn0032246",711.005728921258,0.331822221036711,0.0711560721635718,4.66330154191094,3.11176268285933e-06,2.70373072412181e-05
"FBgn0010083",218.173604168168,-0.0485906702183114,0.117579870109996,-0.41325670944231,0.679418543406035,0.809719170076785
"FBgn0022268",809.774220693561,0.163509855561337,0.0643127689655156,2.54241666455087,0.0110088850026253,0.0376201906024914
"FBgn0032247",32.7373233446302,-0.15848353848409,0.289633271860059,-0.547186921814232,0.584250320174285,0.739216052954751
"FBgn0032248",92.486216611801,0.546414370209417,0.176483226129352,3.09612636959008,0.0019606678297791,0.00867494018474128
"FBgn0004915",149.029795032429,0.121798423138446,0.1355870081135,0.898304526614296,0.369023219937065,0.553801630415777
"FBgn0032249",25.313051999664,0.526501806070815,0.324952477275444,1.62024247510053,0.105180200540013,0.224086263027329
"FBgn0032250",70.5315292542481,0.190759955443244,0.20337092544768,0.937990300350578,0.348249394845203,0.532190124852839
"FBgn0027052",93.6792562515587,0.2681250341971,0.170053389205708,1.5767109109055,0.114862058672266,0.240136073742161
"FBgn0032251",34.2275740178752,-0.244450185402824,0.285032628920343,-0.857621761862009,0.391101354489393,0.574939567050878
"FBgn0032252",35.7429399970853,0.655862277529589,0.286316045831452,2.29069340359527,0.0219811524130031,0.0660161522449225
"FBgn0032253",96.1350748260633,0.626424864137305,0.17061468883594,3.67157639480657,0.000241058997848917,0.00135654037131865
"FBgn0027611",786.261695593066,0.128879710215623,0.0656204964202262,1.96401608104717,0.0495282270486334,0.124678645013279
"FBgn0032256",80.4249345583326,-0.132109898278237,0.184089257465051,-0.717640453861452,0.472979007456889,0.648582953789033
"FBgn0026431",88.2751335714533,0.547893974874032,0.177485363200766,3.08698117407164,0.00202200401997125,0.00888141427151821
"FBgn0032258",310.208244906646,0.42444069024884,0.0967657426937735,4.38627016579651,1.15310884599694e-05,9.04679888355051e-05
"FBgn0032259",32.1185553035756,-0.0378462664503796,0.289317463264345,-0.130812243489775,0.89592383732272,0.944137899354447
"FBgn0086347",1525.04427193497,-0.316756099591576,0.0510577900908209,-6.20387406168842,5.50898768935767e-10,7.95681820341619e-09
"FBgn0032261",28.7580507656488,0.100793758769648,0.304787767621419,0.330701456807954,0.740870001789124,0.849766429270285
"FBgn0021953",294.043993248011,0.324805688148514,0.0995996446195618,3.26111292253266,0.00110975835360608,0.00523684824760987
"FBgn0010398",30.8799288212582,0.0534614675925636,0.306697675650174,0.174313246682518,0.861619289269709,0.926259860394264
"FBgn0032264",355.326331494904,0.320185913149385,0.0948447315388053,3.37589561333075,0.000735758287964119,0.00365614498088873
"FBgn0032290",76.8637257316343,-0.185669384372985,0.190605593383391,-0.974102496559598,0.330005650062498,0.511410206421511
"FBgn0032292",203.448664601776,-0.0990266367323455,0.116500681951798,-0.850009073537591,0.39532004165221,0.579381463878555
"FBgn0032293",64.932927697752,-0.535005457874861,0.224971060974205,-2.37810790222572,0.0174017329353118,0.0542823485508975
"FBgn0027868",374.394375033568,-0.172485292869535,0.0890840930076634,-1.93620754330066,0.0528422869795754,0.131337398189058
"FBgn0032295",199.887059155789,-0.188681043589255,0.124809544555635,-1.51175171947807,0.130597035957308,0.263113551367122
"FBgn0032296",129.711494085473,0.423171882557216,0.149575122837585,2.82915951883734,0.00466704302465084,0.0182585178104945
"FBgn0032297",65.5188326259711,-0.0426331078123787,0.202759237318057,-0.210264688190273,0.833461093946195,0.909786527100176
"FBgn0027550",44.8590030441119,-0.438350741570724,0.248397299483975,-1.76471621262132,0.0776114724144811,0.17703213409457
"FBgn0015320",334.26717484433,-0.0800557478928028,0.092361628722918,-0.866764142206366,0.386071252835307,0.570300286863998
"FBgn0032298",188.988363115853,-0.271879031023915,0.12767344580418,-2.12948768877838,0.0332139323842217,0.0911543781729712
"FBgn0011676",40.7470334330618,0.880733816317211,0.272772899542043,3.22881715080886,0.00124303343798417,0.00579630162192235
"FBgn0032305",498.567710728719,0.106911943358703,0.0781246309679253,1.36847933915485,0.171162084828389,0.320075301487322
"FBgn0004363",1628.78274500537,0.148950144876638,0.048966855073005,3.04185646912728,0.00235123980325693,0.0101255229227395
"FBgn0027453",207.176740428879,0.066944054123234,0.118826687298721,0.563375582077298,0.573179160786835,0.729646664895456
"FBgn0024227",197.259385455308,-0.0936715012603079,0.121559620941585,-0.770580728491421,0.440955487663373,0.620236373096478
"FBgn0027363",431.689492648152,-0.127961864620256,0.0831173960569283,-1.53953168278531,0.123674549291368,0.253597403500364
"FBgn0053129",855.851742247307,0.256268812261778,0.0647855355834221,3.95564858658596,7.63272900790628e-05,0.000493763674129229
"FBgn0032321",169.006671483135,-0.218201839806488,0.130239436040527,-1.67538993134605,0.093857750820864,0.205322661762595
"FBgn0032322",61.6871385243316,0.243280105099769,0.219728961113192,1.10718270303223,0.268214944347972,0.442457214052683
"FBgn0000018",117.109528877529,0.0526701909803724,0.154625926886742,0.340629751043959,0.733382329386188,0.844913197429536
"FBgn0010612",451.475739038684,0.102963820131099,0.0853248469712236,1.20672727565306,0.227537191227187,0.393866498514538
"FBgn0041781",523.06222959116,-0.364215671211489,0.0787714922991867,-4.62369901319299,3.76956732733247e-06,3.22566627009075e-05
"FBgn0004872",314.076773359832,0.686636940908194,0.101484304037587,6.76594225501002,1.3244436524748e-11,2.34684954517791e-10
"FBgn0026148",22.3466366267799,0.207074759270521,0.348106326045686,0.594860661174381,0.551936614935872,0.712983553966769
"FBgn0026147",226.126854320521,-0.0716881703019885,0.113651189931723,-0.630773600743254,0.528188566971952,0.695539231294405
"FBgn0000146",501.23613397626,0.561625464069363,0.0870970176183708,6.44827434310337,1.13130845597253e-10,1.80230392675846e-09
"FBgn0015756",7149.66939233358,-0.0559707851958214,0.0321053431307605,-1.74334798316468,0.0812728485415544,0.183653886362175
"FBgn0021761",649.856154666391,0.0593006226008747,0.0707172697554891,0.838559277046633,0.401716670764669,0.584148436708779
"FBgn0032329",69.1422357225891,0.225636609740734,0.207984823870169,1.08487054748564,0.277978994238141,0.453314790828303
"FBgn0250837",537.627859047019,0.437126757045096,0.0778218193911593,5.6170205279826,1.9427834929178e-08,2.36420805293933e-07
"FBgn0032330",53.7879046445482,-0.767766429182886,0.227297455003263,-3.37780477644091,0.000730669336191665,0.00364331690283627
"FBgn0032339",121.348053983373,0.00375860781398621,0.14923127537904,0.0251864617818184,0.979906235465061,0.988871192305978
"FBgn0032340",853.988381800592,0.0939954028043525,0.0621829466845644,1.51159454184703,0.130637041075284,0.263121181982795
"FBgn0032341",316.633666629536,0.0867084764696256,0.0943700824756153,0.918813189466381,0.358193292460162,0.542750774082072
"FBgn0250747",313.735567469345,-0.232097389299186,0.0966746140630056,-2.40081009423964,0.0163588237418538,0.0518076959392188
"FBgn0032343",17.7672603979297,0.0694778476479819,0.387522863806564,0.179287092806639,0.857712281097997,0.924110888651483
"FBgn0027582",607.226154513035,-0.053441257357982,0.071991198974644,-0.742330425373308,0.457887162014486,0.634837830541076
"FBgn0032346",57.5968327896717,-0.0432227824216104,0.220335387393595,-0.196168136824974,0.844478566624647,0.91623906608842
"FBgn0260937",447.541224743775,0.106812618164378,0.0808319431653372,1.32141594005601,0.186362713971614,0.340820616774796
"FBgn0028700",74.3639594954727,-0.395157467332246,0.192304891923161,-2.05484875283432,0.0398936155988047,0.105545199317304
"FBgn0032348",278.520532071817,-0.0309713498149653,0.104305966637823,-0.296927882587058,0.766521568413896,0.866762601070345
"FBgn0032354",50.3454867855741,0.0610452953718719,0.235622813221387,0.259080581108735,0.795573067422498,0.887022457769252
"FBgn0040232",781.034430334491,0.261704715849858,0.0657136979178575,3.98249868964901,6.8194500922344e-05,0.000444733437343653
"FBgn0032358",31.1572008704383,-0.294424923614574,0.300878608234103,-0.978550536851367,0.327802109330021,0.509407983803766
"FBgn0020270",225.329727951922,0.195912639507557,0.112802438379727,1.73677663640617,0.0824266045015016,0.185396062446876
"FBgn0032361",59.295874977554,-0.28867428948248,0.212058376470308,-1.36129632928176,0.173420062551836,0.323067673294104
"FBgn0032363",858.641355700413,-0.0877560074538555,0.0609834701188748,-1.43901301914753,0.150146834104261,0.290783664516549
"FBgn0028490",1927.03275358429,-0.714430119443844,0.0466402080867242,-15.3179016293283,5.80618557493377e-53,8.11191119267189e-51
"FBgn0032373",17.2711760883689,-0.30153713162622,0.41626272343316,-0.72439138710108,0.468825486034931,0.644590680553326
"FBgn0032377",11.3652427394053,0.452471644539867,0.499860582268166,0.905195689739592,0.365361724939964,0.55023899910631
"FBgn0020309",2384.77579106372,0.264399569117454,0.0444138790775797,5.95308436481344,2.63135565582917e-09,3.5599252960147e-08
"FBgn0032378",527.708771228314,-0.0702683706764815,0.0754200709804309,-0.931693245087425,0.351495078393589,0.535797680346081
"FBgn0259225",44.9839912023968,-0.024894952936965,0.244995793214939,-0.10161379756886,0.919063227264329,0.959200451957384
"FBgn0000588",85.613159435617,-0.40292284359642,0.181153592065976,-2.22420565334237,0.0261346108719591,0.0756747500935763
"FBgn0032382",52.7487546625154,-0.218527190438794,0.224319695119335,-0.974177458303606,0.329968435051436,0.511410206421511
"FBgn0032387",137.408089420345,0.0448081888053556,0.146688042477382,0.305465858352188,0.760011369193255,0.862327439823364
"FBgn0032388",647.123439520598,-0.107820490842634,0.0710551104117991,-1.51742063614794,0.129160517036275,0.26123361811485
"FBgn0085192",30.3315576880045,-0.0413421153601776,0.301505885207386,-0.137118767455372,0.890936918297436,0.941751303860159
"FBgn0261266",32.614675056678,-0.505826028021906,0.301395115350844,-1.67828210298993,0.093292040188425,0.204331224591169
"FBgn0032390",118.817082812647,0.0734493864183558,0.1566639447936,0.468834016117257,0.639188283618994,0.780847970487976
"FBgn0032391",40.6816036796592,0.312323079572046,0.257337481235925,1.21367116081202,0.224873321245341,0.390558135034044
"FBgn0032393",216.222096223322,0.185239791221435,0.11666290374603,1.58782085198817,0.112326854891272,0.235853930862743
"FBgn0032394",165.033955349365,0.159178000349156,0.130057323284371,1.22390647700101,0.22098750996672,0.385931312477937
"FBgn0032395",143.737339993084,-0.201350106486433,0.141923167717664,-1.41872612995075,0.155978876149092,0.299230666813614
"FBgn0010497",34.9779042935748,0.717115015606977,0.290353320926171,2.46980132109224,0.013518811149064,0.0445773489709555
"FBgn0032397",218.79528609437,-0.169260844374371,0.113602792734994,-1.48993559312589,0.136241171687281,0.271101646756531
"FBgn0032398",340.035246965777,0.0468386068290267,0.091557270552638,0.511577142331894,0.608946986200447,0.75844331471734
"FBgn0032399",20.7842879854232,-0.00581516374679156,0.374515844271186,-0.0155271501479676,0.987611624416185,0.992118148697952
"FBgn0032400",158.012084927362,-0.824272359523291,0.138026244675333,-5.97185239272542,2.34574723596491e-09,3.20335595287313e-08
"FBgn0032401",18.9238810722396,0.448542392024782,0.375947737860904,1.19309772836228,0.232831101083216,0.400359277957293
"FBgn0032402",11.8801105569379,-0.162856791637433,0.470985206937711,-0.3457789952604,0.729508811914498,0.841908470193898
"FBgn0028425",1006.8605154399,-0.298140555216962,0.0590059273588328,-5.05272213423372,4.35557331359411e-07,4.31694953932623e-06
"FBgn0027505",105.448587840492,0.148790616769778,0.159220536618699,0.934493878299765,0.350049192300947,0.534154039501445
"FBgn0032405",26.0476087356715,3.01321895582061,0.439688580572925,6.8530753104716,7.22790088660472e-12,1.30949376411928e-10
"FBgn0032407",246.869385673543,0.0778140858009127,0.110316436478604,0.705371640752781,0.480578987685495,0.654802390385431
"FBgn0032408",125.734372272581,-0.482557417077927,0.147447793407403,-3.27273407032011,0.00106512638830646,0.00506091773122723
"FBgn0028707",16.052587918176,0.246691851163885,0.416694856245729,0.592020389659931,0.553836934858407,0.714675902619241
"FBgn0032409",240.135597283312,0.270966292041434,0.110055431511685,2.46208922467098,0.0138130298975667,0.0453464357007781
"FBgn0027081",1209.25958215868,0.08494836152539,0.0527208701519647,1.61128527053009,0.107117559672694,0.227214327305729
"FBgn0015797",498.281089746608,-0.202739867003397,0.0833007436051629,-2.43383021842355,0.0149400009701569,0.0480899898308328
"FBgn0032420",38.1919102948918,1.27635083316486,0.286747411423993,4.45113288669801,8.54184605547053e-06,6.88751516015465e-05
"FBgn0032421",44.3352797802218,1.03155494874319,0.256914794419967,4.01516366962096,5.94045562765536e-05,0.000395576628184383
"FBgn0032422",9.48464729900582,1.23128704386893,0.576085013244591,2.13733566324551,0.0325707001580738,0.0897330817779317
"FBgn0051759",29.5561928111644,0.546672646482416,0.30836310477793,1.77282119038238,0.0762583409292112,0.174493495071093
"FBgn0043904",9.49251885846718,0.434802632251567,0.539680492451815,0.805666757151479,0.420435022180791,0.602015085420011
"FBgn0043841",4190.0177078554,-0.790682676803063,0.0472222062427687,-16.7438741158804,6.27668025408261e-63,1.03636550104341e-60
"FBgn0032429",253.044527088707,-0.110302011732566,0.115422474913479,-0.95563720857007,0.339255556116015,0.522512532368635
"FBgn0032430",174.821510736387,0.0682094570287865,0.129567979716693,0.526437605787556,0.598584192897585,0.749858669571896
"FBgn0040286",293.013654238124,0.317715301411943,0.0983827211160102,3.2293811129426,0.00124058449797645,0.00579231772352113
"FBgn0020443",1482.64897290495,-0.0432256258943194,0.0501834289043894,-0.861352578690344,0.389043885469287,0.572610175837596
"FBgn0259176",1460.20424250389,0.0313392964921003,0.0505202091607311,0.620331883274547,0.535039308119025,0.700558668957552
"FBgn0032444",1340.64146373657,0.280143286398165,0.0515875091075427,5.43044801434703,5.62127529374522e-08,6.41107770942841e-07
"FBgn0032445",66.3265277956284,0.211197483273348,0.203098467423689,1.03987728687663,0.298396916081946,0.476870566505794
"FBgn0032446",14.5385344604567,0.734607436521466,0.444791956047095,1.65157536356994,0.0986211457312246,0.213365879612075
"FBgn0032449",10.5466863043768,0.956138266160461,0.515893826257718,1.85336248951895,0.0638304199711072,0.151743455854088
"FBgn0032450",93.5423449772235,0.184916806952726,0.173278343735538,1.06716628844832,0.285896752552188,0.461587127022008
"FBgn0032451",141.027005590287,0.824325993253885,0.143222111022135,5.75557773426817,8.63459769528381e-09,1.10440761014502e-07
"FBgn0032452",11.3267915154948,0.0460674220179513,0.506157820964874,0.0910139488314818,0.927481507493961,0.962593307420518
"FBgn0032453",380.885923755531,0.140620158978267,0.0894655101853479,1.57178066370986,0.116001427413189,0.241891610263151
"FBgn0032454",647.597844871254,0.070635915997678,0.0691565546442612,1.02139148430726,0.307068998281244,0.486661490513359
"FBgn0032455",260.137008878088,0.0875556882122458,0.109663257006212,0.79840495898536,0.424635526458292,0.605609952830682
"FBgn0032456",2095.09843716321,0.0361381906414477,0.0466548369468685,0.774586152398361,0.438584242479995,0.61833379749618
"FBgn0015399",1531.26984346143,0.0322429487984076,0.0497164581122978,0.648536722498982,0.516637867293926,0.686882897399653
"FBgn0020367",958.395727049737,0.237235564710681,0.0594028201669513,3.99367511582669,6.50569903244094e-05,0.000426569525908695
"FBgn0032465",229.210357545759,-0.06743371336343,0.113210707329566,-0.595647840686347,0.551410509764675,0.712557337858478
"FBgn0020368",45.0686652057357,0.0983315260068498,0.243263629058656,0.404217952298739,0.686052453512154,0.813923258419187
"FBgn0021796",643.945474101887,0.156164940141802,0.0717821953464797,2.17553864698651,0.0295897752855413,0.083645804455042
"FBgn0032467",459.741067240941,-0.0618887200319872,0.0817901800932367,-0.756676656799595,0.44924360318623,0.627162716592613
"FBgn0028965",146.855255601455,-0.226932237599775,0.144400745451164,-1.57154477901586,0.116056161676363,0.2419363026051
"FBgn0032469",711.810889719881,-0.394011258927159,0.0690895254618362,-5.70290874475326,1.177800444976e-08,1.47784459978422e-07
"FBgn0051856",22.3230598586516,1.68996522351572,0.382039600032532,4.42353416601789,9.70992678942747e-06,7.73493619793756e-05
"FBgn0032474",85.0906111078763,0.188882623990195,0.18515252987822,1.02014606073397,0.30765919457163,0.487277970037692
"FBgn0024291",267.88797804128,-0.354733700899225,0.105961464373518,-3.34776140549336,0.000814671162093512,0.0040126006729555
"FBgn0032475",438.03617039038,-0.28995998004423,0.0829545250990074,-3.49540883632519,0.000473336116818308,0.0024775121676405
"FBgn0032476",199.384236037807,-0.0483468404018477,0.119674819506863,-0.403985070552585,0.686223697681199,0.813945332841455
"FBgn0032477",132.781619856167,-0.195592307197723,0.145325991853532,-1.34588661465908,0.178339086247043,0.329427030889201
"FBgn0051849",15.0678781791556,1.40499342831151,0.457223440286532,3.07288145032773,0.00212002690559628,0.00924489523959001
"FBgn0032478",16.3402186382495,-0.236116153926833,0.415503963341434,-0.568264504694526,0.569855377211775,0.72742221026437
"FBgn0032479",1217.92745109542,-0.000976408922708054,0.0538220123378092,-0.0181414421404333,0.985526017336515,0.991062952140316
"FBgn0032480",322.996742595777,-0.015798112408502,0.0956178586699529,-0.165221357477089,0.868769755444886,0.930941705677885
"FBgn0032481",182.968763213172,-0.246083501404226,0.124032419682228,-1.98402564454272,0.0472529811772186,0.120369182416723
"FBgn0032482",1139.8084388711,-0.256608611001467,0.0577908349266772,-4.44029942337816,8.98337990999702e-06,7.20356015961682e-05
"FBgn0032485",205.472959123314,0.423345596989387,0.11822755661654,3.58076923100482,0.000342584133828645,0.00185184057460201
"FBgn0032486",40.6903456752876,-0.0760741815337078,0.255912534922678,-0.297266335768559,0.766263180740297,0.866713686451543
"FBgn0032487",36.8189755485426,-0.501963208294594,0.268977547990194,-1.86618999260449,0.0620147886991362,0.148515213926079
"FBgn0032488",164.931390331292,-0.0474743347721751,0.131166493045339,-0.361939498952412,0.717397242248528,0.834303019839212
"FBgn0032497",53.0002676603914,0.222241681092161,0.233366027742223,0.9523309079831,0.340929187474056,0.524423152021812
"FBgn0032498",18.823629952702,1.3041865693588,0.396870385118793,3.28617759918878,0.00101556956478618,0.00486946632680897
"FBgn0028406",67.5107228719789,0.263005260605027,0.203029176603746,1.29540623177691,0.19518012940987,0.352031688223114
"FBgn0032499",128.685410063184,-0.130107535428178,0.151798647772337,-0.857106023917346,0.3913862923146,0.575242042012052
"FBgn0051729",736.092610766894,0.0582831326706363,0.0667102792495991,0.87367544141987,0.382295028865055,0.566618614013669
"FBgn0022069",262.014336776816,-0.0821528278494476,0.104507197808754,-0.786097317428656,0.431810475780796,0.612954885999899
"FBgn0032509",247.17458832939,0.0613713525220414,0.106576567081026,0.575842834901813,0.564721417561894,0.723937790349758
"FBgn0051852",145.577665895917,0.0512347157161036,0.139912527562489,0.36619105242896,0.714222518336928,0.831482644421651
"FBgn0051855",116.303048294413,-0.0427394336161947,0.159906354386535,-0.267277893865822,0.789255205964856,0.883367596877936
"FBgn0032511",252.635539178765,0.0634621596460008,0.110342955616719,0.575135578807942,0.565199607276508,0.723937790349758
"FBgn0032512",280.746918445364,-0.0954101650307796,0.101525662342415,-0.939764024478763,0.347338615996462,0.531469049118428
"FBgn0032513",194.601592454565,-0.130553288536714,0.120339047790694,-1.08487885631093,0.277975313731833,0.453314790828303
"FBgn0032514",739.54689116986,0.245608739728639,0.0651295043824246,3.77108258472972,0.000162540865613673,0.000964755186886086
"FBgn0025724",1044.97818228782,-0.00690482801847762,0.0606277660154877,-0.113888874228249,0.909325885259165,0.953133474136969
"FBgn0032515",58.1026874575745,0.413602524525786,0.216233206945386,1.91276136708387,0.0557786089954036,0.13708781946942
"FBgn0032516",86.4224152511132,-0.167628786797746,0.182004867552219,-0.921012657805168,0.357043818525266,0.541650957325126
"FBgn0032517",146.663175893001,0.101288664717485,0.137720880724311,0.735463382057836,0.462057333153436,0.638429153071061
"FBgn0032518",4744.93847266961,-0.216541016788474,0.0468885080921918,-4.61821084950524,3.87062852249703e-06,3.30210501657316e-05
"FBgn0032520",14.5391210905624,-0.796610779864026,0.438804633307255,-1.81541104946864,0.0694607642959607,0.162607134604044
"FBgn0032521",284.796257717745,0.10424200511693,0.102569935607643,1.01630175059955,0.30948571522891,0.489317458354305
"FBgn0032524",82.8680683860706,0.30906040761962,0.183117727236327,1.68776891393347,0.0914555970926927,0.201340882690428
"FBgn0023407",415.237272834149,0.0336085880733563,0.0851601397765023,0.394651631168761,0.693100003809117,0.817695928495167
"FBgn0053640",6.89805009748676,1.82006981285547,0.698373104532678,2.60615679647827,0.00915645350536669,0.0323061339448888
"FBgn0053641",11.4650216648643,1.45611227852754,0.516290043217271,2.82033771066695,0.00479731326258514,0.018677642471962
"FBgn0053642",9.26610411760438,1.69758441374264,0.596513076543378,2.84584610211675,0.00442935960159872,0.0174224675179289
"FBgn0259984",1890.1212802796,0.335924472150584,0.0470685709713327,7.13691674121953,9.5447617700805e-13,1.97557533503233e-11
"FBgn0028513",19.9245204237531,0.730620898609977,0.372547164721102,1.96115007117807,0.0498615192243813,0.125343922894509
"FBgn0028546",232.097709739081,0.386094593998406,0.117650148705133,3.28171785796954,0.00103176786699,0.00493144312742258
"FBgn0028541",485.136223324167,0.168759739779708,0.0785259782975863,2.14909439447118,0.0316269180273588,0.0881356192822254
"FBgn0028540",35.7275686813149,-0.556820549570731,0.277020762492282,-2.01003182779934,0.04442782036149,0.114606911965337
"FBgn0024846",181.14124565868,0.137237101081159,0.128828216033034,1.06527207553637,0.286752825572943,0.462330066086868
"FBgn0028932",23.0917433654457,0.00710383462010069,0.34198789455724,0.0207721815103946,0.983427388888674,0.990517119128825
"FBgn0028539",687.231298697222,0.0219402551559096,0.0697948845704951,0.314353341092631,0.753252689593901,0.857471135991803
"FBgn0028931",31.3829972226562,0.166884577480564,0.291938763217474,0.571642407610826,0.567564259153991,0.726110956450322
"FBgn0028538",441.619817446468,0.0653994059710324,0.0846591835872621,0.772502204720912,0.439817041602673,0.618998606595005
"FBgn0028658",11.1303092261558,-0.0761846778922017,0.489259946184805,-0.155714111662484,0.876258373359934,0.934255515476948
"FBgn0028919",52.3654827250306,-0.260057491388093,0.227760944775011,-1.14180019601247,0.253537080871095,0.424607398001039
"FBgn0032533",21.0260551130829,1.17315055388254,0.372023302445273,3.1534329870509,0.00161362271829007,0.00730403055973669
"FBgn0001965",438.632194451639,-0.195753384975543,0.0823105568217512,-2.37822938556302,0.0173960004870366,0.0542823485508975
"FBgn0004406",163.578650356852,0.0211867604727422,0.129249349545845,0.163921602291911,0.869792860955944,0.931600344220099
"FBgn0001961",1488.63228257558,-0.267778585853503,0.0526117422377818,-5.08971143063961,3.586088161698e-07,3.59350765444634e-06
"FBgn0015271",57.6586375555935,0.00769447188116534,0.218042859510992,0.0352888046800609,0.971849450343158,0.98527578240902
"FBgn0026373",112.267143835732,-0.137419744430548,0.155006927549417,-0.886539373453085,0.375326946933463,0.560117005411098
"FBgn0260407",73.9022313019768,-0.151101843814203,0.194378985939286,-0.777356889089849,0.436948239829919,0.616513684669714
"FBgn0028509",263.640228252815,-0.10110332802879,0.102932104856074,-0.982233173703754,0.325984988000125,0.507253922918428
"FBgn0053307",380.331839660825,-1.5632508851789,0.0967916795824743,-16.1506742307006,1.12327166082939e-58,1.77403665563598e-56
"FBgn0019890",631.381294974851,-0.0764653967476234,0.0690325395538913,-1.10767179132863,0.268003586188202,0.442208960630772
"FBgn0012037",185.034215320086,0.337803338652968,0.12381418852638,2.7283087881402,0.00636599853487958,0.0236809930137738
"FBgn0027929",119.263558180043,0.580201014215183,0.153241677216834,3.78618287630858,0.000152979108859244,0.000916991110447528
"FBgn0028543",143.821277481511,-0.440995676879348,0.139685117612751,-3.15706987556054,0.00159363153030637,0.00723608316729734
"FBgn0054003",66.1035314420319,-0.276505141070433,0.212118129591638,-1.30354317946679,0.192389384857565,0.348141640098254
"FBgn0028542",214.816481386645,-0.807729958375021,0.116970348611027,-6.90542490440073,5.00533813690367e-12,9.39632598568609e-11
"FBgn0028936",233.315804460964,-0.0863092483878747,0.111458037521018,-0.774365405201028,0.438714735589398,0.61833379749618
"FBgn0028430",762.744758763489,0.162073467650579,0.0754546883333894,2.1479575521467,0.0317171277057391,0.0882854148590785
"FBgn0259896",312.189274720087,0.242180013277025,0.0949701579518664,2.55006434126148,0.0107703040102492,0.0369434648887917
"FBgn0028940",129.52876639197,-0.190783441924563,0.147960186358749,-1.28942417970455,0.197250659755015,0.354652463584399
"FBgn0027348",32.0632392896094,-0.928539443479879,0.299468715626447,-3.10062251924213,0.0019311430333019,0.00855994761253101
"FBgn0260011",21.0603366564997,2.55073486904611,0.44734058617532,5.70199742181774,1.18411619765993e-08,1.48320761655162e-07
"FBgn0051769",17.3043081554805,0.536660937410778,0.408719983007859,1.31302838060761,0.189173385076633,0.344165638228837
"FBgn0016930",380.480400157899,0.281784402780214,0.0930500775731216,3.02830916566168,0.00245926347518007,0.0105221137498135
"FBgn0261563",500.448817324467,0.654080758804394,0.0783924383188856,8.34367156872601,7.2018829977372e-17,2.05183058739454e-15
"FBgn0028916",206.731016654305,-0.240048763455153,0.121130614421386,-1.98173487851781,0.047508921364033,0.120809350265908
"FBgn0028530",67.7753511495552,0.283609559540119,0.205223429100789,1.38195507590331,0.166985495358362,0.314613491643801
"FBgn0261535",165.078928978039,-0.148123656714597,0.129443681002344,-1.14430967635967,0.252495231752584,0.423170628387862
"FBgn0015791",389.623330887256,-0.216695012360277,0.0890223220973179,-2.434164906678,0.0149261931360784,0.0480668409280183
"FBgn0001970",125.928087879372,0.0353156250116443,0.161770671590702,0.218306721882177,0.827190137460254,0.907099826211131
"FBgn0015546",171.611589083889,0.217833786491965,0.127934230286923,1.70270134899332,0.0886239723032233,0.196596384361196
"FBgn0004858",11.8389757729896,-0.814619986737478,0.492387995400604,-1.65442698511508,0.0980407873172479,0.212807385676667
"FBgn0003016",82.4745686322078,0.107101045813519,0.180237998733396,0.594220123204653,0.552364895240382,0.713156382427825
"FBgn0028886",32.2895773002833,0.434682233512128,0.291326981148233,1.49207681279254,0.135679009714745,0.27065019373356
"FBgn0040228",56.035108966336,-0.198703583924854,0.218455919831839,-0.909582052424167,0.363042967254023,0.548224310351377
"FBgn0028535",53.3027818643763,0.0802207066288162,0.223069628683114,0.359621823474568,0.719129961236545,0.835386557367737
"FBgn0028926",61.7443473913777,-0.0389769840572026,0.217226329570107,-0.179430293437902,0.857599846630711,0.924110888651483
"FBgn0028925",44.6257135398368,-0.136334209124907,0.259870613437944,-0.524623416712191,0.599845004908386,0.750824758031403
"FBgn0001974",91.309579861547,0.0514057648598217,0.187748586518062,0.273801075220751,0.784237497278173,0.879513031448893
"FBgn0001977",217.656361946668,0.467063017344061,0.124201943901152,3.76051294105172,0.000169565301952597,0.000998534282898495
"FBgn0004837",89.689151537399,0.0690568024226964,0.174143528482642,0.396551069249637,0.691698541214218,0.816621933844851
"FBgn0000317",402.490274722379,0.194523270569424,0.0855591807276703,2.27355228176599,0.022992919294977,0.068348428264324
"FBgn0010422",267.477077628467,-0.143845986864945,0.104716169592706,-1.37367502482601,0.169542593799611,0.317619119121757
"FBgn0024183",966.867567375648,-0.126283572201329,0.0613458126214344,-2.05855243911473,0.0395371328966379,0.104869394119779
"FBgn0001978",1472.97962604274,-0.122831023211655,0.0501094463034459,-2.45125484859346,0.0142359121828355,0.0463784313938566
"FBgn0027559",104.730902714995,-0.149128403867339,0.16415256026788,-0.908474431492123,0.363627616539715,0.548778015606439
"FBgn0259982",45.2064084167498,0.231127719663789,0.243095664357737,0.950768580239522,0.341721865652562,0.525308792629256
"FBgn0045842",507.326925069771,-0.154405581065022,0.0767408533498859,-2.01203888574236,0.0442158380628789,0.114316036842283
"FBgn0261268",672.336184779882,-0.0552196677984624,0.0714187831563167,-0.773181302705778,0.439415089925148,0.618838882985411
"FBgn0086691",55.4229900188576,0.0104583874110309,0.229735058502531,0.0455236892409944,0.963689893185685,0.980286624754131
"FBgn0002524",1557.22304985101,0.137104050846647,0.0489510811261444,2.80083805490092,0.00509700905031246,0.019665305762358
"FBgn0028863",43.4670479918123,-0.0972987928441648,0.253578946450373,-0.383702173252805,0.701199201672479,0.823772994849703
"FBgn0010382",305.361545711086,-0.55861220978437,0.0976317895011353,-5.7216221544098,1.05511754945315e-08,1.33544059177302e-07
"FBgn0001989",217.493916631192,-0.28383131558055,0.119431033367282,-2.37652901074458,0.0174763870688218,0.0544272647919291
"FBgn0001986",350.521749698094,-0.257090820980658,0.0915591051601557,-2.80792194867952,0.00498623102719075,0.0192891205604584
"FBgn0001987",128.050012524511,0.402940818699573,0.148748954252628,2.70886488395232,0.00675138283264043,0.024948523031095
"FBgn0028507",143.720234075543,0.255194373038826,0.13750492799154,1.85589256157079,0.0634688734475807,0.151131224384357
"FBgn0001990",121.861785442372,-0.18611572867745,0.150259791968261,-1.23862629010402,0.215483927330107,0.377929935398149
"FBgn0041627",152.77040270838,0.315196843619181,0.141910617759496,2.22109415486699,0.0263445848591857,0.0761310298337249
"FBgn0041183",45.6637384853322,-0.232708295554794,0.241660233629705,-0.962956511543275,0.335569347930634,0.518483903172279
"FBgn0028514",173.891486598111,-0.838674895834174,0.128250252707337,-6.53936252077417,6.17816039476516e-11,1.01090845198128e-09
"FBgn0024734",1090.77492738142,0.0203976657182125,0.0651445685472687,0.313113835475202,0.754194178053829,0.858273919730743
"FBgn0028515",424.332578570407,-0.169064589661883,0.0840124900787031,-2.01237446364823,0.0441804782852651,0.114316036842283
"FBgn0002673",26.8333782980764,-0.149534074244826,0.314062095891284,-0.476129008247429,0.633982471906637,0.777495384605286
"FBgn0028897",24.7413076596373,0.182956732550208,0.333730985184782,0.548216200089744,0.583543459734432,0.73857896079628
"FBgn0001994",838.235310105167,-0.142461558733207,0.0648362289910411,-2.19725238420161,0.0280024262586312,0.0799676205852813
"FBgn0040079",153.99742431472,0.12975466808587,0.137840637548918,0.941338275802894,0.346531533821404,0.530587076499383
"FBgn0028375",238.293391767494,0.393668880747034,0.115582526241629,3.40595497907752,0.000659330509129861,0.00333335848909425
"FBgn0028895",17.8888555507547,0.189648673199747,0.394212386105041,0.481082482145077,0.630457877888593,0.774678632742549
"FBgn0028894",244.005981871014,-0.0616091658084796,0.110716360257426,-0.556459457890706,0.577896802268573,0.73322044507181
"FBgn0015338",223.632761969399,0.0594385534656461,0.115277160571745,0.515614308774144,0.606123814602937,0.755816005528813
"FBgn0011708",463.904465507096,-0.374323512711354,0.0802292178290543,-4.66567570818067,3.07604509068614e-06,2.67955246808571e-05
"FBgn0000339",199.641842489828,0.362323931247482,0.118173382881673,3.06603672004784,0.00216916673434727,0.00943652474552867
"FBgn0001086",316.633940969637,-0.0575147806817114,0.0955256094403047,-0.602087555564387,0.547115857691453,0.709405087654543
"FBgn0000250",670.181388311313,-0.400780863556343,0.0679627976578368,-5.89706247194385,3.70029794465798e-09,4.91456390638761e-08
"FBgn0014092",95.245125574375,0.342921475374437,0.1703856696373,2.01261923085676,0.0441547022688201,0.114316036842283
"FBgn0001995",113.540106184459,-0.125120827797476,0.154648067306047,-0.809068163456987,0.418475939513261,0.600446701454042
"FBgn0000307",535.691424794297,0.0449817496374182,0.074318876868728,0.60525335597941,0.545010668602211,0.707648621365793
"FBgn0028506",160.708274027455,0.120428623142351,0.130927499213944,0.919811528253225,0.357671257938666,0.542254108707097
"FBgn0025678",2774.39870574268,0.588594405618752,0.0420252746226003,14.0057241958442,1.4380629283366e-44,1.55933241408438e-42
"FBgn0028523",196.373802696988,0.747001672467681,0.124632443785645,5.99363736903406,2.05198673725884e-09,2.82342493298967e-08
"FBgn0020416",2531.3851212027,-0.221268545919732,0.0426774708512316,-5.18466866724709,2.16399228903999e-07,2.26533198557285e-06
"FBgn0020415",4068.82043394141,-0.114540308175446,0.0356274720054064,-3.21494346155306,0.00130470216761383,0.00604892230230662
"FBgn0020414",2838.31212055019,-0.546908098820207,0.0410317809126125,-13.3288901104484,1.57219235814039e-40,1.54351047052567e-38
"FBgn0032586",999.063355227934,-0.0522625219073032,0.0579128278907537,-0.902434293243128,0.366826210970476,0.551569626757562
"FBgn0032587",607.407097041469,-0.245619076530608,0.0721032643071585,-3.40649038418393,0.000658038684108036,0.00332914417830423
"FBgn0259735",2348.33475489351,-0.39445337758753,0.0466156674141772,-8.46181980154521,2.63237054850405e-17,7.64966881395276e-16
"FBgn0051815",18.8471745121183,0.291614545419474,0.378804838993152,0.769827930906515,0.441401969028105,0.620628083024808
"FBgn0032590",30.7253935114392,0.607345345812466,0.303956536472016,1.99813220949891,0.0457023285873087,0.117324175684381
"FBgn0001185",138.340502711819,0.0916625591021777,0.143568096266167,0.638460504012259,0.52317395631911,0.691567898208913
"FBgn0261278",284.913236402793,0.383402905692023,0.102487115432334,3.74098640667821,0.000183299435654491,0.0010687563403129
"FBgn0002652",146.276613838558,-0.10013503153057,0.1396342089697,-0.717123921633692,0.473297636554644,0.648897401315247
"FBgn0051782",42.5348962937821,0.0637605556409982,0.265563202972594,0.240095596555891,0.810256147827845,0.896513998472326
"FBgn0000409",1204.22511740663,-0.30210252475687,0.0531316719295051,-5.68592166942721,1.30109024876527e-08,1.62692266046122e-07
"FBgn0027779",513.909963474326,-0.0247670686689727,0.0765055618180127,-0.323728995388431,0.746143216843497,0.852893820086232
"FBgn0051812",10.6966469198018,0.193358929220891,0.506638563151791,0.381650634760229,0.702720520910887,0.824760029792827
"FBgn0032595",50.6658068561744,0.148782379969799,0.228426777478657,0.651335108834602,0.514830189465222,0.685402478736455
"FBgn0032596",382.140591938079,0.352166340202174,0.0880076135481569,4.00154402561401,6.29304828264962e-05,0.000416005421050496
"FBgn0032597",191.099749100455,0.260451259597003,0.12753990377139,2.04211585468852,0.0411400405489961,0.108329972667074
"FBgn0015391",855.302208894344,0.0922887702101791,0.0645908795106658,1.4288204605565,0.153055843224339,0.294712616227094
"FBgn0032598",90.8648834076179,0.917198161541676,0.177180255984824,5.17663865222227,2.25919171839179e-07,2.35819365432706e-06
"FBgn0261068",121.604873421299,0.338564284112498,0.150172069517728,2.254509012227,0.0241641643546443,0.0712181152277854
"FBgn0032600",298.781164923857,-0.311881903410072,0.101819763665812,-3.06307824906877,0.00219072767279377,0.0095132316454553
"FBgn0032601",54.623198941345,-0.017646885984807,0.222849093281889,-0.0791876050511223,0.936883403368378,0.967651112520795
"FBgn0000406",71.8163556298797,-2.32958308908088,0.235202127249864,-9.90460042313339,3.97556029447142e-23,1.83964621269649e-21
"FBgn0032603",73.0995961980315,-0.333634874333328,0.194383548572107,-1.71637402848196,0.0860936069229641,0.191979758838347
"FBgn0040262",17.9537578768437,0.116501944466929,0.410826306822044,0.283579562779542,0.776732600948582,0.87420020850371
"FBgn0040260",98.4738467473005,-0.25248638134258,0.166591114912631,-1.51560532790117,0.129619179046988,0.261651385322692
"FBgn0004797",62.1620939833282,-0.201979045734448,0.206378797036133,-0.978681185446998,0.327737531227162,0.509407983803766
"FBgn0022213",1051.14185127616,0.438521808777934,0.0588689621545813,7.44911737404916,9.39667455207396e-14,2.14002635174976e-12
"FBgn0051739",734.483964096894,-0.0289522769816838,0.0656719720287424,-0.440862000748391,0.65931290470055,0.795919615965657
"FBgn0032613",189.593229444095,0.309985067222148,0.121935955199082,2.54219575117153,0.0110158459731458,0.0376258208720754
"FBgn0040985",488.011221519226,0.117437945621819,0.0776717148617403,1.51197827717419,0.130539388830608,0.263113551367122
"FBgn0260757",350.804881723095,0.0145894546277288,0.0932927319929507,0.156383614415228,0.875730652071212,0.933995409243866
"FBgn0032620",96.3010982895887,0.146111349492107,0.168528080163281,0.866985189355652,0.385950124715389,0.570251709590665
"FBgn0032621",387.414880770347,-0.242116761592907,0.0868946306463932,-2.7863259190107,0.00533092426748255,0.0203837709490846
"FBgn0026150",274.111598019085,0.486615591988039,0.103367862263327,4.70761009595417,2.50637919573042e-06,2.21518793880554e-05
"FBgn0032622",625.992248300612,-0.0528472325048713,0.0703356856467759,-0.751357323368806,0.452437639210781,0.629964513320224
"FBgn0032633",755.521994136718,-0.127781652427373,0.0661479815270373,-1.93175437069298,0.0533898304230003,0.132336103044387
"FBgn0020503",467.921645803002,-0.0737651822572057,0.0859620289954392,-0.858113554545337,0.390829763440678,0.574772921335329
"FBgn0032634",176.415288558787,-0.0260279055111664,0.124465121711991,-0.209118065793519,0.834356072013046,0.910423079479541
"FBgn0032635",172.454957202657,0.510525792707785,0.127383291186745,4.00779245026217,6.12889443189779e-05,0.000406633954773858
"FBgn0011274",226.911975467357,-0.931870807643342,0.114596651297025,-8.13174553615888,4.23152372101543e-16,1.14282601610324e-14
"FBgn0260632",476.411786463689,-0.28027536424352,0.0816028626389717,-3.43462661945473,0.000593370789312869,0.00304222920561609
"FBgn0032637",15.1087211500823,0.382217064436362,0.428997187231465,0.890954709756961,0.37295346789173,0.557626454874134
"FBgn0032638",38.4228261650914,-0.949546441698012,0.284657874444885,-3.33574626575757,0.000850707695233896,0.00416187973459546
"FBgn0000183",766.813339897951,0.103036691308757,0.0664785495255607,1.5499238783653,0.121159787644625,0.250154823432537
"FBgn0032640",536.34247210545,-0.0600547117869305,0.0744370808251955,-0.806784886257967,0.419790428144047,0.601438502182556
"FBgn0027885",757.766617764095,0.238364096933454,0.0642618294822448,3.7092640974268,0.000207862524662613,0.00118907184383771
"FBgn0024689",231.561527449349,0.120079705067366,0.111322396399497,1.07866618893508,0.280736563408396,0.456479662748881
"FBgn0032642",93.8752447262033,-0.165006000082968,0.168829890377464,-0.977350632130682,0.328395594606081,0.509863246122724
"FBgn0032643",1524.46481768969,0.0985717146047234,0.054790681877379,1.79905982599972,0.0720092176622881,0.16692628153048
"FBgn0032644",61.9751181152707,-0.0333811692731274,0.213726056273245,-0.156186708608193,0.875885853156016,0.933995409243866
"FBgn0032646",210.570964880177,-0.140242423674743,0.120145621926706,-1.16727036262958,0.243101203449321,0.412647253051243
"FBgn0013810",140.611380119122,0.90579154483057,0.147087383899085,6.15818652027982,7.35826629724216e-10,1.04819224802871e-08
"FBgn0032647",8.1442431152676,1.44375870401797,0.611619303018523,2.3605512397869,0.0182477972472031,0.0563649009357697
"FBgn0023096",12.0897316577778,0.141827186333627,0.48446733440133,0.292748708246525,0.769714236230723,0.869263784582031
"FBgn0032656",118.957966528886,-0.0491977106422266,0.150834065382181,-0.326171084214763,0.744294917559419,0.8515437127668
"FBgn0001301",284.072854934216,0.433457996969813,0.100615778590141,4.30805190839406,1.64698737613952e-05,0.000125029919411218
"FBgn0041184",213.787064250001,0.218418275602528,0.11483589829751,1.90200345746122,0.0571707025915288,0.139611816580658
"FBgn0032670",21.860538240135,0.589254752703671,0.365481975119416,1.61226761596421,0.106903717106455,0.22690058949409
"FBgn0032671",67.690995013358,0.114035899346425,0.207144152844604,0.550514691244857,0.58196640315479,0.737225094842118
"FBgn0000636",15.0877549410888,-0.347828470197538,0.425648878834643,-0.817172292688367,0.413829974141839,0.596049714936649
"FBgn0004413",8846.15046513014,-0.470799659918484,0.0731390926204564,-6.43704540281384,1.21821502864444e-10,1.91565631668872e-09
"FBgn0086707",733.60964939438,-0.238436492809092,0.0658958540376815,-3.61838383144326,0.000296448512488867,0.00163282671966006
"FBgn0032679",929.810165570171,-0.101660213377768,0.0596339078324488,-1.70473841263932,0.0882432223302135,0.195811548634392
"FBgn0032681",16.1514880733266,0.149976969883106,0.416737907692181,0.359883195444474,0.718934484324474,0.835386557367737
"FBgn0032683",341.341154902365,0.0954586154071468,0.0933640179246,1.02243474016123,0.306575185146624,0.485984883283924
"FBgn0085370",737.678524067474,0.284690294859683,0.0654905473162218,4.34704406248206,1.3798450756171e-05,0.000106757981622558
"FBgn0032688",165.682286986066,-0.209216435590472,0.138521986678111,-1.51034821697033,0.130954594438325,0.2634686038755
"FBgn0032689",405.007842661849,0.0819036532668603,0.0866652934603925,0.945057127214271,0.344629711597242,0.528437073607844
"FBgn0032690",309.78024791732,0.0221185183039854,0.096094500610643,0.230174652695324,0.817956057313216,0.900862409708148
"FBgn0032691",128.807986682326,0.333600069294357,0.147198971592209,2.26632065214791,0.0234317578548907,0.0694823350268494
"FBgn0032694",523.421599510003,-0.0877795287419835,0.0759938521166516,-1.15508723794184,0.248054703810674,0.418207183059198
"FBgn0032693",20.4630352160873,0.211237891176788,0.367024405146115,0.575541811974854,0.56492492127488,0.723937790349758
"FBgn0086200",25.7295031329723,0.45172392524165,0.330383650806085,1.36727082027066,0.171540434342792,0.320469874703859
"FBgn0051790",9.97400818102702,0.322135161659287,0.53356001663283,0.603746816885202,0.546011982904851,0.70835304567924
"FBgn0086909",67.5634706207143,0.340213734845069,0.200367968066063,1.6979447270379,0.0895181944542595,0.198154145835168
"FBgn0015553",71.4541696103893,-0.207448718027605,0.194720612389095,-1.06536599018637,0.286710340927898,0.462330066086868
"FBgn0005617",425.06739113782,-0.34124093379477,0.0850482592746717,-4.0123212009866,6.01246151920429e-05,0.000399638910677211
"FBgn0032698",119.575672020508,-0.786979797656875,0.152835178945297,-5.14920585095499,2.61591663813856e-07,2.70336193116311e-06
"FBgn0032699",523.691128997881,0.255898581099242,0.0760859645570397,3.36328234240102,0.000770215458874319,0.00380913227278552
"FBgn0032700",90.4667079566797,-0.0253812478946712,0.172081293372691,-0.147495682983396,0.882740786945053,0.938000850834549
"FBgn0032701",151.439626990483,-0.421970650579847,0.134649222792691,-3.13385136451565,0.00172528224128052,0.00776109937021858
"FBgn0032702",497.045106788042,-0.00428709493084721,0.0810122597705638,-0.0529190883329111,0.957796375414883,0.978444363714638
"FBgn0032703",71.8210445410522,0.0685076852130785,0.195437262848541,0.350535431240511,0.725936904508462,0.839129930191564
"FBgn0032704",734.371947876416,-0.148748608557403,0.0687469343668313,-2.16371260664054,0.0304864128776509,0.085614143624327
"FBgn0025608",428.588727171846,-0.0894577732632991,0.0825619704269067,-1.08352275025337,0.27857645841856,0.453881581164127
"FBgn0032705",112.124856766242,-0.283062683549718,0.162438093800737,-1.74258806494584,0.081405596296842,0.183782367028141
"FBgn0045852",532.446093659857,-0.929558399669067,0.0804988385718864,-11.5474759159284,7.60203451436666e-31,5.0207982497158e-29
"FBgn0027070",11.7091445896564,-0.126270519736057,0.473855627636401,-0.266474665217961,0.789873668467403,0.883787494442582
"FBgn0032715",42.1200290579128,-0.192355307584541,0.25135689378181,-0.765267682498955,0.444112163981797,0.622631198635229
"FBgn0015808",172.837274849992,-0.0189745494437126,0.133111569835879,-0.14254620741914,0.886648583738245,0.939405273568376
"FBgn0032717",551.980023933429,-0.510458285780534,0.0757561118866224,-6.73817957479778,1.60383280335027e-11,2.80092435488936e-10
"FBgn0053120",13.1365143173669,0.0654112322428563,0.4466376543245,0.146452569794602,0.883564129941558,0.938435445122388
"FBgn0032721",301.136213382786,0.216800881511034,0.0989616413099656,2.19075672797276,0.028469401535491,0.0810590381539649
"FBgn0032720",34.4118214914338,0.234752399799582,0.278143433067765,0.843997635358117,0.398670726973069,0.582176144848652
"FBgn0032723",174.753559317141,0.248956391085093,0.125800651584291,1.97897537055508,0.0478187793346562,0.121427274332848
"FBgn0032724",92.6729683154241,-0.0406736015176354,0.170915239583608,-0.237975277200128,0.811900269358312,0.897649590151901
"FBgn0032725",124.894000097168,0.159336289166669,0.149219105952602,1.06780085666296,0.285610351573719,0.461409651808555
"FBgn0032726",9.85530972280162,-1.24828464078789,0.561473273478194,-2.22323073911437,0.0262002450778498,0.0758043729552286
"FBgn0032727",63.6637349371221,-0.0919347056690975,0.205029778439769,-0.448396844442306,0.653866818754752,0.79225190764731
"FBgn0015772",222.462058685846,-0.0778112061381583,0.111158845625629,-0.70000012774708,0.483927224667093,0.658623320945378
"FBgn0032728",81.782028987105,0.0941442400668296,0.185230119698695,0.508255569990288,0.61127412430131,0.760299009253384
"FBgn0032729",77.1149825030578,-0.374036921014337,0.186743066406519,-2.00294944391724,0.0451827152147405,0.11619554903897
"FBgn0032730",32.6474860346395,2.33464894593993,0.346179727580335,6.74403715739869,1.54045116539461e-11,2.69671752207032e-10
"FBgn0032731",1311.53461202898,0.0209736122828327,0.0537459614790058,0.390236060639188,0.696361998657682,0.820744633395207
"FBgn0032732",50.4760590319753,-0.312903483922819,0.24047315161412,-1.30119924749407,0.193190262793828,0.349136134128647
"FBgn0051793",113.444182116711,0.117166760701948,0.156943363390316,0.746554414094944,0.455332574076023,0.632140483596849
"FBgn0086710",2495.61308247079,-0.194059156171591,0.0439459467352271,-4.41586017797706,1.00609104141987e-05,7.97953211344468e-05
"FBgn0001202",208.422698816698,0.173353501293635,0.116112909646357,1.49297353603157,0.135444114325204,0.270311507771793
"FBgn0051800",57.32815924586,0.232217999139248,0.217271805043799,1.0687903066504,0.285164168142279,0.46098005561071
"FBgn0086442",681.721075995018,-0.0776277644143256,0.0666328291608349,-1.16500778057842,0.244015843405735,0.413619949216674
"FBgn0002022",294.747912749878,0.218176879047113,0.10037719821483,2.17357012276996,0.0297374342433178,0.0838999843796907
"FBgn0032744",30.444347350025,0.981987950584934,0.30557365551277,3.21358838652862,0.00131087445037167,0.00606979151175919
"FBgn0086441",488.953946382773,-0.273688708975812,0.0798077795500454,-3.42934874919292,0.000605031549333928,0.00309328234054257
"FBgn0032746",111.874536741218,-0.0932428520190045,0.155925602321893,-0.597995778951772,0.549842749571278,0.711417199578867
"FBgn0002021",75.2437747471888,0.228695867892926,0.191799745876881,1.19236794004789,0.233117005446744,0.400566472225779
"FBgn0261396",572.466715347931,0.17935183414305,0.0734484157463363,2.4418747813767,0.0146112135826637,0.0473716536772539
"FBgn0032748",481.769614596284,-0.431644679096744,0.0807931297574871,-5.34259138607937,9.16271513207367e-08,1.00706695059781e-06
"FBgn0032750",34.8720567503892,0.308096804871767,0.282624098685908,1.09012927879929,0.275656200567071,0.450741007679444
"FBgn0032751",21.0812131435763,-0.555293441715021,0.355875254880222,-1.56035980052032,0.118674878936574,0.246475984984052
"FBgn0032752",26.9384041878425,0.954104313269472,0.324660080326424,2.93877926818162,0.00329507652789598,0.0134714299241217
"FBgn0002036",14.6464887119898,0.342769538264974,0.426303884267794,0.804049765705757,0.421368234524954,0.603200044103209
"FBgn0002031",767.277728900516,0.30717745045425,0.0660447910171326,4.65104735322072,3.30253478749472e-06,2.8495148730581e-05
"FBgn0086444",182.448538423338,-0.216671416923238,0.129251027444981,-1.67636127314709,0.0936674497089937,0.205029834930955
"FBgn0086445",82.8068273360096,-0.0929732416853053,0.189840801168495,-0.489743201214084,0.624315627440499,0.771104843429649
"FBgn0086443",1048.15833330216,-0.0548664103332839,0.0646268682489495,-0.84897213527248,0.395896797574657,0.579704559806182
"FBgn0086446",113.297657267226,0.194889016851856,0.154694792786742,1.25982919877934,0.207730984102572,0.36817897035989
"FBgn0086447",49.0402902312677,0.194606946141468,0.235859201820824,0.825097959456787,0.409315978115067,0.592186241721988
"FBgn0010300",1194.87640332325,-0.462132691354042,0.0553576887651501,-8.34812113118736,6.93574241144824e-17,1.98378616610911e-15
"FBgn0032763",30.4147840090758,0.187153727569536,0.305420287182716,0.61277438147903,0.540025532443315,0.704107231371264
"FBgn0010097",28.4847382086895,1.06044048161061,0.318010970976096,3.3346034520624,0.000854211194231271,0.00417339900880308
"FBgn0010309",93.6875839905096,0.305319818420924,0.16998051581955,1.7962047999963,0.0724619516226274,0.167716450631012
"FBgn0024245",67.4483237440422,0.0779348447420902,0.202447998838733,0.384962287546106,0.700265356492678,0.823459103416079
"FBgn0032772",30.1346718489306,0.606983622579887,0.311565087752841,1.94817598774545,0.0513939089615596,0.128529001241215
"FBgn0032773",549.808645987928,0.0873070741026103,0.0745264814681569,1.1714906216244,0.241401625335873,0.410721969101901
"FBgn0032774",59.7566775326169,-0.411030952185605,0.22543241847916,-1.82330010456594,0.0682579504925388,0.160120765362704
"FBgn0032775",699.03158609483,-0.505229276694788,0.071601192750666,-7.05615726897356,1.71170092223533e-12,3.41634813187904e-11
"FBgn0051798",9.41107336118276,0.154404516943101,0.545999141757306,0.282792600087516,0.777335827170592,0.874608143781067
"FBgn0041789",945.370994461907,-0.0475007294973851,0.0595765119157761,-0.797306320392462,0.425273150521875,0.606400282343752
"FBgn0032780",35.4024401256141,-0.99065815419214,0.287287841081236,-3.4483121543317,0.000564101693656776,0.00290858680228281
"FBgn0032779",525.799146678596,-0.236877507823455,0.0766059065755896,-3.09215722928257,0.00198707570688299,0.00877041616677092
"FBgn0032781",314.101915361005,0.0408350209961135,0.0980670637829246,0.416398935798705,0.677118107050092,0.808291660814807
"FBgn0032782",75.0770633067852,-0.456112006692001,0.189216455060524,-2.41053034497506,0.0159293461429535,0.0506684324555854
"FBgn0032783",17.6855096873961,-0.21662442135403,0.384346806732464,-0.563617070727525,0.573014766609264,0.729574531969208
"FBgn0003346",376.976602501103,0.00651835730127942,0.0873910931733121,0.0745883483612267,0.940542244958883,0.96899901914405
"FBgn0024230",90.8605235680573,-0.0982773231004371,0.177000024173721,-0.555239037730189,0.57873117054524,0.73402268750195
"FBgn0003732",1856.5110311517,0.349037953973459,0.0463105063674733,7.5369064463223,4.81251320575616e-14,1.12783575612318e-12
"FBgn0032785",66.4571095234915,-0.483004574070885,0.20659013113909,-2.3379847401602,0.0193880397662959,0.0592570925124692
"FBgn0032787",72.1750053722271,0.396942266474672,0.200100077255673,1.98371870675236,0.0472872069634733,0.120371954656494
"FBgn0032790",46.6965113975588,0.0218199193474173,0.240889345721683,0.0905806742180595,0.927825788534391,0.962743270206954
"FBgn0032791",22.8841263098018,0.339437757319416,0.343323459162158,0.988682096317494,0.322818705134241,0.504252395785909
"FBgn0032793",104.966356503215,0.429459265102705,0.167869535488031,2.55829185357653,0.0105187770131389,0.0362346680893569
"FBgn0002044",772.403920055569,-0.19674292497522,0.0655582583071235,-3.00103953423427,0.00269059630128521,0.0113712519655829
"FBgn0040268",560.210212808644,-0.208349919063616,0.0750291027349764,-2.77692137409087,0.00548764520787357,0.0208063464748037
"FBgn0032796",184.108994526612,-0.217082349569132,0.125413105303169,-1.73093831816353,0.0834627663998731,0.186974097408288
"FBgn0032797",8.87961571902797,-0.152109192057496,0.585373098578225,-0.259849987003065,0.794979490888874,0.886668612366154
"FBgn0032798",22.2984562794864,0.469752842989407,0.346481978020117,1.35577857663389,0.175169629611621,0.325059350990657
"FBgn0032799",194.91051528172,0.0321649502583077,0.128345302033773,0.250612603255581,0.802113636645032,0.890896739065304
"FBgn0032800",53.5559220652988,0.309523306001721,0.226831482837347,1.36455179029831,0.172393965916662,0.321711145169357
"FBgn0032801",72.3967571623217,0.0815414674575023,0.191739556226551,0.42527201513472,0.670638391594341,0.80324424976012
"FBgn0053116",239.115016026989,0.196117224350535,0.109718872718578,1.78745205351829,0.073864454882572,0.170087247138474
"FBgn0003231",889.294293356736,-0.283894236162831,0.061709201966459,-4.60051705606462,4.21443508864903e-06,3.57268038728532e-05
"FBgn0032805",66.7537244126275,1.0441605041785,0.206790612130123,5.04936125205462,4.43289761122094e-07,4.38760233590192e-06
"FBgn0041180",2408.10546609598,-0.289028265345205,0.0427570958348004,-6.75977307864681,1.38208032486604e-11,2.44302033093717e-10
"FBgn0032810",24.0432872088738,0.179929978625829,0.333838631592854,0.538972909657949,0.589905547248124,0.743522519215409
"FBgn0005672",1372.53995944297,-0.104407562352858,0.0547472685274936,-1.90708258441104,0.0565098940966021,0.138416851184024
"FBgn0027949",402.823839318271,0.564321424806952,0.0853834799045745,6.60925773273288,3.86251757501947e-11,6.43720853804097e-10
"FBgn0032811",65.6210658914939,-0.0412139783582267,0.213079116798836,-0.193421011769708,0.846629261122283,0.917065988080123
"FBgn0032812",130.787541959079,-0.289003825379702,0.151521903051643,-1.90734025615558,0.0564765404396299,0.138381809879903
"FBgn0032814",112.922727516951,-0.0524557931127998,0.159872488610059,-0.328110193122368,0.742828347252469,0.850803711617403
"FBgn0000464",435.5514154447,-0.152083444750142,0.0830136034552198,-1.83203039526143,0.0669468922699937,0.157758408154883
"FBgn0032815",520.571494278717,-0.0857864129487687,0.0789681125744582,-1.0863424507947,0.277327512387522,0.452455508083393
"FBgn0032816",91.6448884013644,-0.0261081534798455,0.176027977443116,-0.148318204066637,0.882091649481034,0.937585345059212
"FBgn0032817",755.232179205266,-0.258300096686038,0.0657957490651621,-3.92578700533108,8.64466260555991e-05,0.000551875868448091
"FBgn0032818",96.536772766951,0.211621499984521,0.170782807136784,1.23912648780289,0.215298659090753,0.377721506470495
"FBgn0032819",78.9342993457524,-0.0609940816942197,0.18672142340435,-0.326658187272574,0.743926428471259,0.851256182523815
"FBgn0032820",97.8665542244531,0.65714913947505,0.173355689044075,3.79075612169827,0.000150189369718406,0.000902502705545262
"FBgn0032821",642.354736834753,0.0495131572564686,0.0710196082956844,0.697175870786623,0.485692737469854,0.660291232609458
"FBgn0032822",20.1218851727763,-0.013939556527494,0.369609940690665,-0.0377142359900985,0.969915525393612,0.983820783578796
"FBgn0004811",206.364428517646,-0.0941036066371853,0.124792417670788,-0.754081124427267,0.450800510778636,0.628249704739458
"FBgn0260966",174.490898650576,-1.02766024550516,0.130862149041002,-7.85299838827471,4.06206888646825e-15,1.03185071539132e-13
"FBgn0032833",774.162987266835,0.186929942401175,0.076455197320499,2.44496056451947,0.0144867981267526,0.047048094944505
"FBgn0014127",312.303148065035,0.35836151762469,0.0969040439430454,3.69810694211393,0.000217213378849261,0.00123769035085481
"FBgn0019686",238.310802981612,0.1427492031091,0.109194960488858,1.3072874651909,0.191115099716524,0.346419959940257
"FBgn0003978",122.284785724502,-0.170122373364362,0.160837122125501,-1.05773077207646,0.290178201930726,0.467023623621339
"FBgn0045064",207.594462007474,0.0637592504304807,0.117693940900105,0.541737747439329,0.587999181945872,0.74230067668136
"FBgn0032843",10.2579652318169,0.614896273014511,0.525379973763329,1.17038391968002,0.241846503862299,0.411053241521841
"FBgn0003141",127.064926266782,-0.28729027587376,0.148430008667082,-1.93552690896981,0.0529256698539129,0.131499655091887
"FBgn0004374",195.875390698013,0.0814956243032261,0.13152014137513,0.619643679296081,0.535492402968839,0.700558668957552
"FBgn0020303",67.2807354275487,-0.737759565936842,0.209419919536689,-3.52287197688275,0.000426897516882438,0.00225721285309382
"FBgn0032845",32.5735563739827,-0.17551062979679,0.28790456246159,-0.60961392308677,0.542117586360003,0.706049231721584
"FBgn0032846",58.6807689123223,0.00389532472465632,0.215917564307631,0.018040795972978,0.985606308219378,0.991062952140316
"FBgn0032847",191.35555237415,-0.129398003578285,0.120628823319968,-1.07269556327394,0.283407731675276,0.459281099848512
"FBgn0032848",224.225267704136,0.189582924308361,0.112111538356811,1.69102063076672,0.0908328624408869,0.200273367415188
"FBgn0032849",84.1476535901335,0.0704085416581474,0.177782444818139,0.396037650006282,0.692077253500723,0.816621933844851
"FBgn0003475",748.936708172183,0.013742802029208,0.0661396644368946,0.207784574448821,0.835397177559529,0.910875055526036
"FBgn0011638",1079.74536056867,-0.169137019160745,0.0635806097601954,-2.66019812956612,0.0078094697013252,0.0281846981520753
"FBgn0015803",520.494757605383,-0.240084660248118,0.0764025017172829,-3.14236647821454,0.00167588129784639,0.00756228424152425
"FBgn0032858",71.7427479067471,0.00962937683319624,0.19525490385484,0.0493169525737244,0.960666709755886,0.978444363714638
"FBgn0032859",1060.88993571768,-0.290276575003941,0.0561078664245928,-5.17354505707436,2.29693700537989e-07,2.39072311519841e-06
"FBgn0051688",212.881665102753,-0.385935452020009,0.119637056374413,-3.2258855551594,0.00125583562203475,0.00584474426270499
"FBgn0042175",34.1298140937116,-0.182947359264951,0.286153895973817,-0.63933205816527,0.522606937553006,0.691100551735493
"FBgn0032863",86.1249466398036,0.17781718298319,0.176204919466004,1.00914993475819,0.312902733000366,0.493110272287995
"FBgn0032864",2629.63993906574,-0.373186346720572,0.041320184988547,-9.03157492697602,1.69218589417012e-19,6.0263384907578e-18
"FBgn0032869",14.9294536446141,0.428377182865762,0.43734368220591,0.979497818980894,0.327334065734972,0.508898349575127
"FBgn0016054",96.1743395704602,0.0161007129730998,0.174634694486904,0.092196530708892,0.926541894399868,0.962123538971653
"FBgn0032870",145.786550999441,0.0584822814665728,0.139644523984213,0.418793947646557,0.675366728477259,0.807129344034757
"FBgn0259936",69.620322074279,0.72234436635641,0.202145671702052,3.57338527347295,0.00035239567766057,0.00190204650683807
"FBgn0042133",19.4313136557873,-0.0328253746881131,0.397553016571314,-0.0825685463821021,0.934194612197831,0.966118398852199
"FBgn0032871",45.586710750104,0.0201533953296505,0.244707646003879,0.0823570315793525,0.934362803759042,0.966118398852199
"FBgn0032872",561.933557901372,-0.0938672330259067,0.0744298574892179,-1.2611502452427,0.207254720733637,0.367652730076041
"FBgn0032873",169.572831815251,0.305016949646948,0.12855734584088,2.37261393078602,0.0176627149281947,0.0549033318658128
"FBgn0051678",927.779765779236,-0.0904466160118132,0.0590818541495011,-1.5308696267884,0.125801617218646,0.256439042955518
"FBgn0086657",146.523526119171,0.0743025268880159,0.146364534210514,0.507653901874534,0.611696082232455,0.760433271290005
"FBgn0032876",162.461651967942,0.0884075347816514,0.136894303731517,0.645808717907211,0.518403241398934,0.687942371957369
"FBgn0032877",36.6830785661218,0.553266541426353,0.274846773145913,2.0129999530052,0.0441146342981403,0.114257689189301
"FBgn0032880",1106.87195271922,0.301539603004383,0.0567475522641374,5.31370237082359,1.07420016413117e-07,1.17002461655366e-06
"FBgn0000986",667.205893382978,0.209310895045891,0.0739187133525668,2.83163607093038,0.00463105244646303,0.0181470312964153
"FBgn0032881",67.3477653369404,0.879858898896755,0.206161431945394,4.26781522903761,1.97396719244274e-05,0.000147268601134221
"FBgn0032882",207.754852578317,-0.121239784726411,0.118131409984557,-1.02631285567709,0.304744139522092,0.483819507632496
"FBgn0032883",216.592266022139,-0.134499106580653,0.113400657567189,-1.186052263418,0.235601660651383,0.403594922101462
"FBgn0011202",448.68744709086,0.116976417401043,0.082440608271027,1.4189174468058,0.155923085180906,0.299202644965474
"FBgn0032884",285.896738015776,0.0233383847859393,0.0994289262635227,0.234724296670812,0.814422728493171,0.898933625418245
"FBgn0250785",343.252735733111,0.459621414151185,0.093220601469388,4.93047037786081,8.20318553894627e-07,7.78017531859591e-06
"FBgn0032886",520.636304869475,-0.168100976349946,0.0758243358576282,-2.21697921186651,0.0266245121170988,0.076756777988382
"FBgn0032889",811.319669821445,0.0398351556629812,0.0626288739672971,0.636050964029497,0.524743204939672,0.692745158866348
"FBgn0051673",443.918207618335,0.285134052056987,0.0847515822499577,3.36435078245551,0.00076723959856779,0.00379907786707936
"FBgn0051674",43.4317986917814,0.221702165351443,0.248324918097122,0.892790651257692,0.371969293717388,0.55638396517538
"FBgn0032891",14.6198474032509,0.322925197465022,0.430632295650308,0.749886157463796,0.4533232721788,0.630073382892478
"FBgn0032897",12.7648800915481,-0.507109449566177,0.47452304179524,-1.06867191874952,0.285217529245718,0.46098005561071
"FBgn0032899",306.588214478817,-0.567725705263905,0.100147500116385,-5.66889542528902,1.43721049193723e-08,1.77876221872641e-07
"FBgn0051675",13.4314538162546,-0.740785748848354,0.449555452102045,-1.64781840679401,0.0993899406849995,0.214773325126865
"FBgn0032900",7.65066712782643,-0.484305940544433,0.605530248258193,-0.799804703295232,0.423823957617096,0.605046384768756
"FBgn0032901",1022.2504703134,0.125212514056641,0.0584817427895666,2.14105305491989,0.0322697598322424,0.0892502368803598
"FBgn0032904",181.209913157989,0.316571575453477,0.124615560080144,2.54038560874646,0.011073030939711,0.037785612859089
"FBgn0032906",363.577934961591,-0.085614317857384,0.08824706621798,-0.970166165591354,0.331963672681551,0.513677546758567
"FBgn0032907",67.1474638125938,0.417155364253494,0.200067317392128,2.08507501220641,0.0370624920540292,0.0994309471094987
"FBgn0032908",14.1395359856679,0.74745057205117,0.447501682900977,1.67027432658072,0.0948651002649644,0.207214357614241
"FBgn0250867",150.458121207067,0.925528449694941,0.140611374565603,6.58217340207516,4.63620414089739e-11,7.67244261585866e-10
"FBgn0010395",322.217207219756,1.52620094483762,0.101534767915876,15.031313668852,4.5783536611955e-51,6.04758897247005e-49
"FBgn0053509",27.9880071047562,1.15970153012554,0.329217519321507,3.52259968581136,0.00042733629844181,0.00225788960594891
"FBgn0053508",21.1436765903548,0.807262923605501,0.370021491987655,2.18166496024083,0.0291342687713281,0.0825508824585409
"FBgn0032915",455.316659257467,-0.154326402338653,0.0810385570944319,-1.90435772639462,0.0568636108311284,0.139099370241367
"FBgn0032916",104.430704664966,-0.230192247475188,0.160903001134547,-1.43062743300047,0.152537020865737,0.29410335896751
"FBgn0040297",390.229391548329,-0.0436154418944054,0.0869232057285187,-0.501769826927765,0.615829439933111,0.764133369959702
"FBgn0023388",433.877870688068,-0.164800336579147,0.0828271904755875,-1.98968884049882,0.0466252227618131,0.119062299952398
"FBgn0032919",430.355031773671,-0.209034346262118,0.0835653083793958,-2.50144887054181,0.0123686300714952,0.0413520927148701
"FBgn0086251",410.688737375448,0.11635105478974,0.0873589335753327,1.3318735706567,0.18290173714208,0.335967644031517
"FBgn0024371",205.443178652162,-0.118415575694946,0.118250835213489,-1.00139314433728,0.316636777202616,0.497268955118246
"FBgn0032921",41.784915920013,0.0224854452426939,0.264001577127822,0.0851716322581174,0.932124942790949,0.96506879141745
"FBgn0032922",37.2439860153271,0.613830275070053,0.271373879546776,2.26193573270654,0.0237013742663254,0.0701101319400873
"FBgn0032923",534.534436363692,-0.0270675169892001,0.0781597071556952,-0.346310368528905,0.729109477217753,0.841725782931349
"FBgn0032924",154.604333398343,-0.0233168535553714,0.133274231898759,-0.174953951886843,0.861115816496692,0.926129741946479
"FBgn0032925",389.402958071367,-0.159914430178972,0.0858220809462187,-1.86332501398077,0.0624165529152664,0.149261440727258
"FBgn0032926",178.278466680736,0.304050760271709,0.130638435259094,2.3274219387938,0.0199428192250091,0.0605704772866601
"FBgn0010100",1388.4576232722,-0.387502521225012,0.0505567839759693,-7.66469879510532,1.79251367055336e-14,4.35538856741477e-13
"FBgn0000239",732.173974122257,0.0867481047027016,0.0694931767023854,1.24829672234172,0.211922414082191,0.373602605752758
"FBgn0032929",169.997646568069,-0.00879257675008305,0.128446330607589,-0.0684533120447397,0.945424784441176,0.972454643050646
"FBgn0011829",30.1834020802549,0.0422737314676543,0.29821700599642,0.141754932205851,0.887273583374431,0.939656353238373
"FBgn0051624",9.0445303817045,0.740414780201548,0.551093900858714,1.34353651718488,0.179098309837997,0.330744590994675
"FBgn0032935",163.450351540254,-0.328423015483827,0.134267274770027,-2.4460391859919,0.0144435301342173,0.0469916016234163
"FBgn0032934",53.4464008292155,0.280983627225193,0.228225975998696,1.23116409512824,0.218261497207545,0.382089102942847
"FBgn0026577",1359.54616859957,-0.188973998859451,0.0510928574407414,-3.69863828967928,0.000216759241161857,0.00123607212483587
"FBgn0261239",189.43427314568,0.226977539593111,0.120738833693984,1.87990502018922,0.0601210236041782,0.145026172931773
"FBgn0021856",193.066478432014,0.0497770660876029,0.121910456658707,0.408308421212431,0.683047257516291,0.812299611369431
"FBgn0032938",502.012062052705,0.186196528234089,0.0817789509989348,2.27682705585835,0.0227965551799931,0.0679596615461921
"FBgn0032940",898.677365657464,-0.0975215215486957,0.0600906673545342,-1.62290628215726,0.104609440429716,0.22313199786315
"FBgn0000370",3484.16004358082,0.048569507784549,0.0424729326777905,1.14354024368905,0.252814355818895,0.423592318963162
"FBgn0032943",190.636474542649,0.872829184879639,0.12654113140131,6.8975927053439,5.28911276953346e-12,9.82226935048076e-11
"FBgn0032946",42.2172797570146,0.490826770471591,0.275303171701079,1.7828591201431,0.0746092390835784,0.171367727455643
"FBgn0051614",22.0295435341716,0.862617111931735,0.366450183572297,2.35398193424986,0.0185735137447633,0.0572007534360769
"FBgn0032949",3235.4403536283,0.0739330352540018,0.0443025421526702,1.668821509141,0.0951527586725823,0.207655389533286
"FBgn0016919",25.9821084236366,-0.527251182381495,0.33858825545959,-1.5572045807254,0.119421921169077,0.247814983517094
"FBgn0032955",214.893384098403,0.208528647728898,0.11806267518094,1.76625379197373,0.0773532800724554,0.176665067502794
"FBgn0022893",4627.7944681274,0.39407755112124,0.037037274391173,10.6400256930127,1.94075819657808e-26,1.04441542949183e-24
"FBgn0023416",157.431314792489,0.36829247657176,0.13486573513278,2.73080835698676,0.00631791985367455,0.0235449312229347
"FBgn0032956",1097.29421890325,0.792170834614288,0.0592529260758521,13.3693116454738,9.13826030381841e-41,9.22075848711677e-39
"FBgn0032957",319.32116639008,-0.189024401962492,0.0961226667728936,-1.96649144586359,0.0492418694812783,0.124129834067136
"FBgn0000559",28301.0658228386,0.00866802379148242,0.0267795056489458,0.323681247335634,0.74617936964461,0.852893820086232
"FBgn0051619",1063.04520603185,0.155690233112319,0.0586812282446564,2.6531522561731,0.00797438912744628,0.0287085911847856
"FBgn0086779",504.080867753237,0.14993775720587,0.0791770084417599,1.89370323729975,0.0582644113943004,0.141426979211357
"FBgn0032961",971.056258857399,0.0819353143474546,0.0578089736631996,1.41734594398471,0.156381808689173,0.299766184730037
"FBgn0051612",89.2598739105828,0.215101681589804,0.176649450293721,1.21767535212901,0.223347367112755,0.388558099155691
"FBgn0003866",764.049391101855,-0.263418014089249,0.0652008985848821,-4.04009790979057,5.34288919365941e-05,0.00035940824066607
"FBgn0032965",25.5223817169165,-0.283342084953252,0.32789053379661,-0.864136215438926,0.387513066489352,0.571167057830218
"FBgn0032967",19.5474976929078,-0.356800436872799,0.377433821127428,-0.945332444789935,0.344489179304037,0.528333098510413
"FBgn0051600",22.4830388025391,0.49433759798517,0.361439507781157,1.36769110001245,0.171408786946658,0.320371710102256
"FBgn0032968",33.5094535099264,0.170048071703151,0.285197564819132,0.596246576687965,0.551010514435867,0.712238497281578
"FBgn0053987",33.7891085440127,-0.187012625743477,0.283025908989705,-0.660761505584565,0.50876527301593,0.679819699919208
"FBgn0028979",108.558393624895,-0.161561057861298,0.159475931777956,-1.01307486377471,0.311024403560799,0.490921896738627
"FBgn0051601",481.395072672176,0.0160175622554775,0.0821622934240899,0.194950281789252,0.845431870112915,0.91651753808108
"FBgn0032974",709.135918066479,-0.0800034330966699,0.0663572740553719,-1.2056467694847,0.227953717686565,0.39430565690307
"FBgn0025674",602.346102233373,0.0328889921030188,0.0703144279061621,0.467741729292183,0.63996929570505,0.781276580960711
"FBgn0032976",923.549353836826,-0.142372777393423,0.0607666381913749,-2.34294312851474,0.0191322991894927,0.0586361817500004
"FBgn0032978",8.15185998298683,0.0725881314204171,0.587120289788884,0.123634172899251,0.901604933993042,0.947764085947675
"FBgn0032979",846.26892065758,-0.219145960391462,0.0634886503113931,-3.45173443310916,0.000556995650850065,0.00287807496687462
"FBgn0032981",240.109236025144,0.0292333635995479,0.107855730490228,0.271041357438088,0.786359223718376,0.881076459024368
"FBgn0259683",38.0770588710955,0.498169821610424,0.269837397326174,1.84618524543596,0.0648653125591244,0.153750895837533
"FBgn0042701",18.2064673147726,-1.00695595360335,0.395577965366583,-2.54553094905121,0.0109111691109535,0.0373385038111526
"FBgn0032986",363.427806325156,0.450838508419127,0.104133145226202,4.32944292078951,1.49487008778191e-05,0.00011455940071451
"FBgn0032987",13082.5038615511,-0.21490342706908,0.03099003042529,-6.93459877644082,4.07375683884801e-12,7.74760299325414e-11
"FBgn0032988",522.764912133529,0.770130418363289,0.0783244831068899,9.83256304816322,8.15172342641274e-23,3.63326814066801e-21
"FBgn0039972",2123.53241141376,0.173865962026038,0.0467802701617619,3.71665151622308,0.000201880592897235,0.00116217314373884
"FBgn0064225",30724.3516652823,0.443791553504636,0.0306757336793747,14.4671862829161,1.95299365178873e-47,2.36474981337419e-45
"FBgn0040009",168.699488446122,0.012007908179476,0.128411898350139,0.0935108688038721,0.925497715473381,0.962123538971653
"FBgn0040010",410.643809809242,0.52939611407156,0.0849337854308345,6.23304508784283,4.57454435152054e-10,6.72754346433131e-09
"FBgn0040011",976.384158934755,0.305873942701882,0.0622513845886905,4.91352834515831,8.94517932929852e-07,8.40707992591898e-06
"FBgn0058006",29.0405791369874,0.693872855685825,0.306801131554139,2.26163721160651,0.0237198269581282,0.0701121590263794
"FBgn0058439",222.331711399469,0.297315737524226,0.112669402912381,2.63883299137955,0.00831919533188191,0.0297289493783188
"FBgn0041004",370.70113765878,0.379618607116838,0.0897974961952073,4.22749656952127,2.36305776619626e-05,0.000174113739061013
"FBgn0002566",702.533260078743,0.44688500691301,0.0750851690110683,5.95170807762496,2.65358373339174e-09,3.58332450243328e-08
"FBgn0000384",157.433863985685,0.301061580105405,0.142301315904198,2.11566265703467,0.0343735087353242,0.0935294160906856
"FBgn0250907",136.43740880166,0.0672911920934622,0.148856871009295,0.452052979732864,0.651230816095306,0.790697640939355
"FBgn0086683",378.081533247979,-0.0522434786368153,0.0877957345557719,-0.595057139178303,0.551805277338739,0.712940661544716
